"year","name","team","sport","event"
2012,"A Lamusi","China","Judo","Judo Men's Extra-Lightweight"
2012,"Jamale (Djamel-) Aarrass (Ahrass-)","France","Athletics","Athletics Men's 1,500 metres"
2012,"Abdelhak Aatakni","Morocco","Boxing","Boxing Men's Light-Welterweight"
2012,"Mariya Vasilyevna Abakumova (-Tarabina)","Russia","Athletics","Athletics Women's Javelin Throw"
2012,"Luc Abalo","France","Handball","Handball Men's Handball"
2012,"Mara Laura Abalo","Argentina","Rowing","Rowing Women's Coxless Pairs"
2012,"Emanuele Abate","Italy","Athletics","Athletics Men's 110 metres Hurdles"
2012,"Ilyas Abbadi","Algeria","Boxing","Boxing Men's Welterweight"
2012,"Sohail Abbas","Pakistan","Hockey","Hockey Men's Hockey"
2012,"Shakeel Abbasi","Pakistan","Hockey","Hockey Men's Hockey"
2012,"Soulmaz Abbasi Azad","Iran","Rowing","Rowing Women's Single Sculls"
2012,"Simona Abbate","Italy","Water Polo","Water Polo Women's Water Polo"
2012,"Mohamed Ibrahim Abd El-Fatah Mohamed","Egypt","Wrestling","Wrestling Men's Heavyweight, Greco-Roman"
2012,"Reem Wa'il Abdalazem Abdalazem El-Bossaty","Egypt","Synchronized Swimming","Synchronized Swimming Women's Team"
2012,"Ibrahim Ramadan Ibrahim Abdelbaki","Egypt","Weightlifting","Weightlifting Men's Middleweight"
2012,"Ragab Abdelhay Saad Abdelrazek Abdallah","Egypt","Weightlifting","Weightlifting Men's Light-Heavyweight"
2012,"Sayed Abdelmonem Sayed Hamed","Egypt","Wrestling","Wrestling Men's Lightweight, Greco-Roman"
2012,"Ihab Abdelrahman El-Sayed Abdelrahman","Egypt","Athletics","Athletics Men's Javelin Throw"
2012,"Mouni Abderrahim","Algeria","Volleyball","Volleyball Women's Volleyball"
2012,"Saeid Morad Abdevali","Iran","Wrestling","Wrestling Men's Welterweight, Greco-Roman"
2012,"Youcef Abdi","Australia","Athletics","Athletics Men's 3,000 metres Steeplechase"
2012,"Abdihakim ""Abdi"" Abdirahman","United States","Athletics","Athletics Men's Marathon"
2012,"Yhyacinthe Mewoli Abdon","Cameroon","Boxing","Boxing Men's Lightweight"
2012,"Dana Abdul Razak (Hussain-)","Iraq","Athletics","Athletics Women's 100 metres"
2012,"Mona Ahmad Abdulaziz Hassanein","Egypt","Fencing","Fencing Women's epee, Individual"
2012,"Ahmed Abdulkareem Ahmed","Iraq","Boxing","Boxing Men's Welterweight"
2012,"Muminzhon Abdullayev","Uzbekistan","Wrestling","Wrestling Men's Super-Heavyweight, Greco-Roman"
2012,"Laye Abdullayeva","Azerbaijan","Athletics","Athletics Women's 5,000 metres"
2012,"Abir Abdulrahman Khalil Mahmoud Khalil","Egypt","Weightlifting","Weightlifting Women's Heavyweight"
2012,"Amer Abdulrahman Abdallah Hussain Al-Hammadi","United Arab Emirates","Football","Football Men's Football"
2012,"Omar Abdulrahman Ahmad Al-Raaqi Al-Amoudi","United Arab Emirates","Football","Football Men's Football"
2012,"Shaza Yahia Nazih Abdulrahman El-Sayed","Egypt","Synchronized Swimming","Synchronized Swimming Women's Duet"
2012,"Shaza Yahia Nazih Abdulrahman El-Sayed","Egypt","Synchronized Swimming","Synchronized Swimming Women's Team"
2012,"Mohamed Abdultwab Ibrahim Abd El-Baki","Egypt","Weightlifting","Weightlifting Men's Lightweight"
2012,"Rasul Abduraim","Kyrgyzstan","Taekwondo","Taekwondo Men's Welterweight"
2012,"Yusup Abdusalomov","Tajikistan","Wrestling","Wrestling Men's Light-Heavyweight, Freestyle"
2012,"Mojtaba Abedini Shormasti","Iran","Fencing","Fencing Men's Sabre, Individual"
2012,"Jennifer Abel","Canada","Diving","Diving Women's Springboard"
2012,"Jennifer Abel","Canada","Diving","Diving Women's Synchronized Springboard"
2012,"Yaritza Abel Rojas","Cuba","Judo","Judo Women's Half-Middleweight"
2012,"Mohamed Aberhoune","Morocco","Football","Football Men's Football"
2012,"Pablo Abin Vicen","Spain","Badminton","Badminton Men's Singles"
2012,"Tomomi Abiko","Japan","Athletics","Athletics Women's Pole Vault"
2012,"Camille Anne Franoise Abily","France","Football","Football Women's Football"
2012,"Endurance Abinuwa","Nigeria","Athletics","Athletics Women's 4 x 100 metres Relay"
2012,"Denis Mikhaylovich Ablyazin","Russia","Gymnastics","Gymnastics Men's Team All-Around"
2012,"Denis Mikhaylovich Ablyazin","Russia","Gymnastics","Gymnastics Men's Floor Exercise"
2012,"Denis Mikhaylovich Ablyazin","Russia","Gymnastics","Gymnastics Men's Horse Vault"
2012,"Denis Mikhaylovich Ablyazin","Russia","Gymnastics","Gymnastics Men's Parallel Bars"
2012,"Denis Mikhaylovich Ablyazin","Russia","Gymnastics","Gymnastics Men's Horizontal Bar"
2012,"Denis Mikhaylovich Ablyazin","Russia","Gymnastics","Gymnastics Men's Rings"
2012,"Bukola Dammy Abogunloko","Nigeria","Athletics","Athletics Women's 4 x 400 metres Relay"
2012,"Rabah Aboud","Algeria","Athletics","Athletics Men's 5,000 metres"
2012,"Alaaeldin Ahmad El-Sayyid Abouelkassem","Egypt","Fencing","Fencing Men's Foil, Individual"
2012,"Alaaeldin Ahmad El-Sayyid Abouelkassem","Egypt","Fencing","Fencing Men's Foil, Team"
2012,"Mohamed Mohamed Mohamed Aboutrika","Egypt","Football","Football Men's Football"
2012,"Arnaldo Lus Isaas Abrantes","Portugal","Athletics","Athletics Men's 200 metres"
2012,"Amir Abrashi","Switzerland","Football","Football Men's Football"
2012,"rika Abril Surez","Colombia","Athletics","Athletics Women's Marathon"
2012,"Laura Valentina Abril Restrepo","Colombia","Cycling","Cycling Women's Mountainbike, Cross-Country"
2012,"Julien Absalon","France","Cycling","Cycling Men's Mountainbike, Cross-Country"
2012,"Ayele Abshero Biza","Ethiopia","Athletics","Athletics Men's Marathon"
2012,"Methkal Marouf Abu Drais","Jordan","Athletics","Athletics Men's Marathon"
2012,"Maher Abu Rmilah","Palestine","Judo","Judo Men's Lightweight"
2012,"Mohammad Abulibdeh","Jordan","Taekwondo","Taekwondo Men's Featherweight"
2012,"Kanat Kalizhanovich Abutalipov","Kazakhstan","Boxing","Boxing Men's Bantamweight"
2012,"Irina Alekseyevna Abysova","Russia","Triathlon","Triathlon Women's Olympic Distance"
2012,"William Accambray","France","Handball","Handball Men's Handball"
2012,"Raidel Acea Morales","Cuba","Athletics","Athletics Men's 4 x 400 metres Relay"
2012,"Loreto Achaerandio Snchez-Marn","Spain","Rhythmic Gymnastics","Rhythmic Gymnastics Women's Group"
2012,"Kieron Robert Achara","Great Britain","Basketball","Basketball Men's Basketball"
2012,"Janet Achola","Uganda","Athletics","Athletics Women's 1,500 metres"
2012,"Natalie Chioma Achonwa","Canada","Basketball","Basketball Women's Basketball"
2012,"Dallal Merwa Achour","Algeria","Volleyball","Volleyball Women's Volleyball"
2012,"Haykel Al-Achouri","Tunisia","Wrestling","Wrestling Men's Light-Heavyweight, Greco-Roman"
2012,"Chantal Achterberg","Netherlands","Rowing","Rowing Women's Coxed Eights"
2012,"Luz Mercedes Acosta Valdez","Mexico","Weightlifting","Weightlifting Women's Middleweight"
2012,"Amelia Lynn ""Amy"" Acuff (-Harvey)","United States","Athletics","Athletics Women's High Jump"
2012,"Crox Ernesto Acua Rodrguez","Venezuela","Swimming","Swimming Men's 4 x 100 metres Freestyle Relay"
2012,"Mariko Adachi","Japan","Triathlon","Triathlon Women's Olympic Distance"
2012,"Yumi Adachi","Japan","Synchronized Swimming","Synchronized Swimming Women's Team"
2012,"Idrissa Adam","Cameroon","Athletics","Athletics Men's 100 metres"
2012,"Tomasz Adamiec","Poland","Judo","Judo Men's Lightweight"
2012,"Nafissatou Moussa Adamou","Niger","Swimming","Swimming Women's 50 metres Freestyle"
2012,"Antoine Xavier Adams","Saint Kitts and Nevis","Athletics","Athletics Men's 100 metres"
2012,"Antoine Xavier Adams","Saint Kitts and Nevis","Athletics","Athletics Men's 200 metres"
2012,"Antoine Xavier Adams","Saint Kitts and Nevis","Athletics","Athletics Men's 4 x 100 metres Relay"
2012,"Natalie Cammile Adams (-Brannan)","United States","Swimming","Swimming Women's 200 metres Butterfly"
2012,"Luke Kendall Adams","Australia","Athletics","Athletics Men's 50 kilometres Walk"
2012,"Lyukman Rasakovich Adams","Russia","Athletics","Athletics Men's Triple Jump"
2012,"Nicola Virginia Adams","Great Britain","Boxing","Boxing Women's Flyweight"
2012,"Valerie Kasanita Adams-Vili (-Price)","New Zealand","Athletics","Athletics Women's Shot Put"
2012,"Filip Kamil Adamski","Germany","Rowing","Rowing Men's Coxed Eights"
2012,"Christopher Thomas ""Chris"" Adcock","Great Britain","Badminton","Badminton Mixed Doubles"
2012,"Jangy McKinley Addy","Liberia","Athletics","Athletics Men's Decathlon"
2012,"Abrar Osman Adem","Eritrea","Athletics","Athletics Men's 5,000 metres"
2012,"Adenzia Aparecida Ferreira da Silva","Brazil","Volleyball","Volleyball Women's Volleyball"
2012,"Margaret Adetutu Adeoye","Great Britain","Athletics","Athletics Women's 200 metres"
2012,"Moriam Seun Adigun","Nigeria","Athletics","Athletics Women's 100 metres Hurdles"
2012,"Christian Donfack Adjoufack","Cameroon","Boxing","Boxing Men's Light-Heavyweight"
2012,"Jonna Eva-Maj Adlerteg","Sweden","Gymnastics","Gymnastics Women's Individual All-Around"
2012,"Jonna Eva-Maj Adlerteg","Sweden","Gymnastics","Gymnastics Women's Floor Exercise"
2012,"Jonna Eva-Maj Adlerteg","Sweden","Gymnastics","Gymnastics Women's Uneven Bars"
2012,"Jonna Eva-Maj Adlerteg","Sweden","Gymnastics","Gymnastics Women's Balance Beam"
2012,"Rebecca ""Becky"" Adlington","Great Britain","Swimming","Swimming Women's 400 metres Freestyle"
2012,"Rebecca ""Becky"" Adlington","Great Britain","Swimming","Swimming Women's 800 metres Freestyle"
2012,"Nathan Ghar-Jun Adrian","United States","Swimming","Swimming Men's 100 metres Freestyle"
2012,"Nathan Ghar-Jun Adrian","United States","Swimming","Swimming Men's 4 x 100 metres Freestyle Relay"
2012,"Nathan Ghar-Jun Adrian","United States","Swimming","Swimming Men's 4 x 100 metres Medley Relay"
2012,"Adriana ""Adrianinha"" Moiss Pinto","Brazil","Basketball","Basketball Women's Basketball"
2012,"Jasper Aerents","Belgium","Swimming","Swimming Men's 50 metres Freestyle"
2012,"Jasper Aerents","Belgium","Swimming","Swimming Men's 4 x 100 metres Freestyle Relay"
2012,"Sara Aerts","Belgium","Athletics","Athletics Women's Heptathlon"
2012,"Kseniya Dmitriyevna Afanasyeva","Russia","Gymnastics","Gymnastics Women's Team All-Around"
2012,"Kseniya Dmitriyevna Afanasyeva","Russia","Gymnastics","Gymnastics Women's Floor Exercise"
2012,"Kseniya Dmitriyevna Afanasyeva","Russia","Gymnastics","Gymnastics Women's Balance Beam"
2012,"Khairulnizam Mohd Afendy","Malaysia","Sailing","Sailing Men's One Person Dinghy"
2012,"Franois Jacques Affolter","Switzerland","Football","Football Men's Football"
2012,"Georgios Afroudakis","Greece","Water Polo","Water Polo Men's Water Polo"
2012,"Khristos Afroudakis","Greece","Water Polo","Water Polo Men's Water Polo"
2012,"Drago Agache","Romania","Swimming","Swimming Men's 100 metres Breaststroke"
2012,"Alphonsine Agahozo","Rwanda","Swimming","Swimming Women's 50 metres Freestyle"
2012,"Luca Agamennoni","Italy","Rowing","Rowing Men's Coxless Fours"
2012,"Komi-Mawussi Agbetoglo","Togo","Table Tennis","Table Tennis Men's Singles"
2012,"Marilyn Agliotti","Netherlands","Hockey","Hockey Women's Hockey"
2012,"Yannick Agnel","France","Swimming","Swimming Men's 100 metres Freestyle"
2012,"Yannick Agnel","France","Swimming","Swimming Men's 200 metres Freestyle"
2012,"Yannick Agnel","France","Swimming","Swimming Men's 4 x 100 metres Freestyle Relay"
2012,"Yannick Agnel","France","Swimming","Swimming Men's 4 x 200 metres Freestyle Relay"
2012,"Yannick Agnel","France","Swimming","Swimming Men's 4 x 100 metres Medley Relay"
2012,"Anna Agrafioti","Greece","Sailing","Sailing Women's One Person Dinghy"
2012,"Ulrika Maria gren","Sweden","Handball","Handball Women's Handball"
2012,"Renzo Pasquale Zeglio Agresta","Brazil","Fencing","Fencing Men's Sabre, Individual"
2012,"Alberto Martn Aguilar Surez","Venezuela","Athletics","Athletics Men's 4 x 400 metres Relay"
2012,"Alessandra Aguilar Morn","Spain","Athletics","Athletics Women's Marathon"
2012,"Iaki Aguilar Vicente","Spain","Water Polo","Water Polo Men's Water Polo"
2012,"Macarena Aguilar Daz","Spain","Handball","Handball Women's Handball"
2012,"Sandra Aguilar Navarro","Spain","Rhythmic Gymnastics","Rhythmic Gymnastics Women's Group"
2012,"Julen Aguinagalde Akizu","Spain","Handball","Handball Men's Handball"
2012,"Jeinkler Ernesto Aguirre Manso","Cuba","Diving","Diving Men's Platform"
2012,"Jeinkler Ernesto Aguirre Manso","Cuba","Diving","Diving Men's Synchronized Platform"
2012,"Marcelo Vctor Aguirre","Paraguay","Table Tennis","Table Tennis Men's Singles"
2012,"Matas Aguirregaray Guruceaga","Uruguay","Football","Football Men's Football"
2012,"Mikel Aguirrezabalaga Garca","Spain","Handball","Handball Men's Handball"
2012,"Feta Ahamada","Comoros","Athletics","Athletics Women's 100 metres"
2012,"Johanna Maria Helne Ahlm","Sweden","Handball","Handball Women's Handball"
2012,"Christian Ahlmann","Germany","Equestrianism","Equestrianism Mixed Jumping, Individual"
2012,"Christian Ahlmann","Germany","Equestrianism","Equestrianism Mixed Jumping, Team"
2012,"Mohamed Ahmad Ali Gharib Juma","United Arab Emirates","Football","Football Men's Football"
2012,"Tontowi Ahmad","Indonesia","Badminton","Badminton Mixed Doubles"
2012,"Waseem Ahmad","Pakistan","Hockey","Hockey Men's Hockey"
2012,"Elaheh Ahmadi","Iran","Shooting","Shooting Women's Air Rifle, 10 metres"
2012,"Elaheh Ahmadi","Iran","Shooting","Shooting Women's Small-Bore Rifle, Three Positions, 50 metres"
2012,"Azneem Ahmed","Maldives","Athletics","Athletics Men's 100 metres"
2012,"Fareed Ahmed","Pakistan","Hockey","Hockey Men's Hockey"
2012,"Mohammed Ahmed","Canada","Athletics","Athletics Men's 10,000 metres"
2012,"Shehabeldin Ahmed Saad Ahmed Saad","Egypt","Football","Football Men's Football"
2012,"Odile Ahouanwanou","Benin","Athletics","Athletics Women's 100 metres Hurdles"
2012,"Murielle Ahour","Cote d'Ivoire","Athletics","Athletics Women's 100 metres"
2012,"Murielle Ahour","Cote d'Ivoire","Athletics","Athletics Women's 200 metres"
2012,"Gaby Diana Ahrens","Namibia","Shooting","Shooting Women's Trap"
2012,"Mohammad Ahsan","Indonesia","Badminton","Badminton Men's Doubles"
2012,"Johannes Ahun","Estonia","Sailing","Sailing Men's Windsurfer"
2012,"Michelle-Lee Raquel Ahye","Trinidad and Tobago","Athletics","Athletics Women's 100 metres"
2012,"Michelle-Lee Raquel Ahye","Trinidad and Tobago","Athletics","Athletics Women's 4 x 100 metres Relay"
2012,"Matteo Aicardi","Italy","Water Polo","Water Polo Men's Water Polo"
2012,"Neringa Aidietyt","Lithuania","Athletics","Athletics Women's 20 kilometres Walk"
2012,"Hannes Aigner","Germany","Canoeing","Canoeing Men's Kayak Singles, Slalom"
2012,"Charles Benedict ""Ben"" Ainslie","Great Britain","Sailing","Sailing Men's One Person Heavyweight Dinghy"
2012,"Tassadit Assou","Algeria","Volleyball","Volleyball Women's Volleyball"
2012,"Zied Ait Ouagram","Tunisia","Wrestling","Wrestling Men's Middleweight, Greco-Roman"
2012,"Souad At Salem (-Mahour-Bacha)","Algeria","Athletics","Athletics Women's Marathon"
2012,"Artur Surenovych Aivazian","Ukraine","Shooting","Shooting Men's Air Rifle, 10 metres"
2012,"Artur Surenovych Aivazian","Ukraine","Shooting","Shooting Men's Small-Bore Rifle, Three Positions, 50 metres"
2012,"Artur Surenovych Aivazian","Ukraine","Shooting","Shooting Men's Small-Bore Rifle, Prone, 50 metres"
2012,"Muideen Akanji","Nigeria","Boxing","Boxing Men's Middleweight"
2012,"Tolga Aslan Akcayli","Saint Vincent and the Grenadines","Swimming","Swimming Men's 50 metres Freestyle"
2012,"Tark Langat Akda","Turkey","Athletics","Athletics Men's 3,000 metres Steeplechase"
2012,"Ahmet Akdilek","Turkey","Cycling","Cycling Men's Road Race, Individual"
2012,"Ahmet Akdilek","Turkey","Cycling","Cycling Men's Individual Time Trial"
2012,"Taha Akgl","Turkey","Wrestling","Wrestling Men's Super-Heavyweight, Freestyle"
2012,"Giorgos Akhilleos","Cyprus","Shooting","Shooting Men's Skeet"
2012,"Habibollah Jomeh Akhlaghi","Iran","Wrestling","Wrestling Men's Light-Heavyweight, Greco-Roman"
2012,"Artur Kamilevich Akhmatkhuzin","Russia","Fencing","Fencing Men's Foil, Individual"
2012,"Artur Kamilevich Akhmatkhuzin","Russia","Fencing","Fencing Men's Foil, Team"
2012,"Foluke Antinuke Akinradewo","United States","Volleyball","Volleyball Women's Volleyball"
2012,"Jonathan Akinyemi","Nigeria","Canoeing","Canoeing Men's Kayak Singles, Slalom"
2012,"Malika Al-Akkaoui","Morocco","Athletics","Athletics Women's 800 metres"
2012,"Youssef Akrout","Tunisia","Sailing","Sailing Men's One Person Dinghy"
2012,"Chie Akutsu","Japan","Hockey","Hockey Women's Hockey"
2012,"Noah Akwu","Nigeria","Athletics","Athletics Men's 200 metres"
2012,"Ali Ahmed Al-Amri","Saudi Arabia","Athletics","Athletics Men's 3,000 metres Steeplechase"
2012,"Dhaher Al-Aryani","United Arab Emirates","Shooting","Shooting Men's Trap"
2012,"Yousef Al-Askari","Kuwait","Swimming","Swimming Men's 200 metres Butterfly"
2012,"Rashid Salih Hamad Al-Athba","Qatar","Shooting","Shooting Men's Trap"
2012,"Rashid Salih Hamad Al-Athba","Qatar","Shooting","Shooting Men's Double Trap"
2012,"Nasser Salih Nasser Abdullah Al-Attiya","Qatar","Shooting","Shooting Men's Skeet"
2012,"Mohamed Mutlaq Khalaf Al-Azemi","Kuwait","Athletics","Athletics Men's 800 metres"
2012,"Mohanad Ahmed Dheyaa Al-Azzawi","Iraq","Swimming","Swimming Men's 100 metres Butterfly"
2012,"Mubarak Muhammad Salem Al-Besher","United Arab Emirates","Swimming","Swimming Men's 100 metres Breaststroke"
2012,"Sultan Mubarak M. Al-Dawoodi","Saudi Arabia","Athletics","Athletics Men's Discus Throw"
2012,"Fehaid Al-Deehani","Kuwait","Shooting","Shooting Men's Trap"
2012,"Fehaid Al-Deehani","Kuwait","Shooting","Shooting Men's Double Trap"
2012,"Humaid Rashd Al-Derei","United Arab Emirates","Judo","Judo Men's Half-Lightweight"
2012,"Ramzy Al-Duhami","Saudi Arabia","Equestrianism","Equestrianism Mixed Jumping, Individual"
2012,"Ramzy Al-Duhami","Saudi Arabia","Equestrianism","Equestrianism Mixed Jumping, Team"
2012,"Bahaa Al-Farra","Palestine","Athletics","Athletics Men's 400 metres"
2012,"Sara Abdulrahman Al-Flaij","Bahrain","Swimming","Swimming Women's 50 metres Freestyle"
2012,"Mostafa Muhammad Hisham Muhammad Salah Abdulhamid Al-Gamel","Egypt","Athletics","Athletics Men's Hammer Throw"
2012,"Nabil Mohammed Al-Garbi","Yemen","Athletics","Athletics Men's 1,500 metres"
2012,"Mohamad Al-Garni","Qatar","Athletics","Athletics Men's 1,500 metres"
2012,"Shinoona Salah Al-Habsi","Oman","Athletics","Athletics Women's 100 metres"
2012,"Bahya Mansour Al-Hamad","Qatar","Shooting","Shooting Women's Air Rifle, 10 metres"
2012,"Bahya Mansour Al-Hamad","Qatar","Shooting","Shooting Women's Small-Bore Rifle, Three Positions, 50 metres"
2012,"Hussain Jamaan Al-Hamdah","Saudi Arabia","Athletics","Athletics Men's 5,000 metres"
2012,"Ismail Salem Al-Hammadi","United Arab Emirates","Football","Football Men's Football"
2012,"Barakat Mubarak Al-Harthi","Oman","Athletics","Athletics Men's 100 metres"
2012,"Ibrahim Al-Hasan","Kuwait","Table Tennis","Table Tennis Men's Singles"
2012,"Ahmed bin Saalim Al-Hatmi","Oman","Shooting","Shooting Men's Double Trap"
2012,"Abdullah Abdulaziz Al-Joud","Saudi Arabia","Athletics","Athletics Men's 5,000 metres"
2012,"Hamdan Ismail Muhammad Al-Kamali","United Arab Emirates","Football","Football Men's Football"
2012,"Tameem Mohammed Ahmed Al-Kubati","Yemen","Taekwondo","Taekwondo Men's Flyweight"
2012,"Juma bin Dalmouk bin Juma bin Maktoum Al-Maktoum","United Arab Emirates","Shooting","Shooting Men's Double Trap"
2012,"Saeed bin Hasher Al-Maktoum","United Arab Emirates","Shooting","Shooting Men's Skeet"
2012,"Noor Hussain Al-Malki","Qatar","Athletics","Athletics Women's 100 metres"
2012,"Rand Saad Mahmood Al-Mashhadani","Iraq","Archery","Archery Women's Individual"
2012,"Mhasin Al-Noor Fadlalla","Sudan","Swimming","Swimming Women's 50 metres Freestyle"
2012,"Moukheld Mahil F. Al-Outaibi","Saudi Arabia","Athletics","Athletics Men's 5,000 metres"
2012,"Moukheld Mahil F. Al-Outaibi","Saudi Arabia","Athletics","Athletics Men's 10,000 metres"
2012,"Abbas Al-Qaisoum","Saudi Arabia","Weightlifting","Weightlifting Men's Middle-Heavyweight"
2012,"Samira Al-Raf","Morocco","Athletics","Athletics Women's Marathon"
2012,"Abdullah Al-Rashidi","Kuwait","Shooting","Shooting Men's Skeet"
2012,"Talal Al-Rashidi","Kuwait","Shooting","Shooting Men's Trap"
2012,"Abouhalima Muhammad Al-Sa'id Abdallah Abouhalima","Egypt","Wrestling","Wrestling Men's Featherweight, Greco-Roman"
2012,"Omar Al-Sabahi Muhammad Muhammad Emira","Egypt","Rowing","Rowing Men's Lightweight Double Sculls"
2012,"Prince Abdullah Bin Moteb Al-Saud","Saudi Arabia","Equestrianism","Equestrianism Mixed Jumping, Individual"
2012,"Prince Abdullah Bin Moteb Al-Saud","Saudi Arabia","Equestrianism","Equestrianism Mixed Jumping, Team"
2012,"Fawaz Al-Shammari","Kuwait","Athletics","Athletics Men's 110 metres Hurdles"
2012,"Hicham Al-Siguni","Morocco","Athletics","Athletics Men's 3,000 metres Steeplechase"
2012,"Majed Al-Tamimi","Saudi Arabia","Shooting","Shooting Men's Skeet"
2012,"Ali Mohamed Gharib Al-Zinkawi","Kuwait","Athletics","Athletics Men's Hammer Throw"
2012,"Tapani Jarkko Ala-Huikku","Finland","Wrestling","Wrestling Men's Lightweight, Greco-Roman"
2012,"Ayman Alaa El-Din Mohamed Fayez","Egypt","Fencing","Fencing Men's epee, Individual"
2012,"Mahmoud Alaa El-Din Mahmoud Alian","Egypt","Football","Football Men's Football"
2012,"Marina Alabau Neira","Spain","Sailing","Sailing Women's Windsurfer"
2012,"Danielle Remilekun B. ""Danni"" Alakija","Fiji","Athletics","Athletics Women's 400 metres"
2012,"Salima El Ouali Al-Alami","Morocco","Athletics","Athletics Women's 3,000 metres Steeplechase"
2012,"Noshad Alamian Darounkolaei","Iran","Table Tennis","Table Tennis Men's Singles"
2012,"Yenew Alamirew Getahun","Ethiopia","Athletics","Athletics Men's 5,000 metres"
2012,"Janice Alatoa","Vanuatu","Athletics","Athletics Women's 100 metres"
2012,"Jordi Alba Ramos","Spain","Football","Football Men's Football"
2012,"Michael Albasini","Switzerland","Cycling","Cycling Men's Road Race, Individual"
2012,"Michael Albasini","Switzerland","Cycling","Cycling Men's Individual Time Trial"
2012,"Ruslan Vladimirovich Albegov","Russia","Weightlifting","Weightlifting Men's Super-Heavyweight"
2012,"Il Alben","Turkey","Basketball","Basketball Women's Basketball"
2012,"Samantha Albert (Majendie-)","Jamaica","Equestrianism","Equestrianism Mixed Three-Day Event, Individual"
2012,"Nely Carla Alberto Francisca","Spain","Handball","Handball Women's Handball"
2012,"Emiliano Albn Antognazza","Uruguay","Football","Football Men's Football"
2012,"Nicoleta Albu","Romania","Rowing","Rowing Women's Coxed Eights"
2012,"Dailenys Alcntara Pacheco","Cuba","Athletics","Athletics Women's Triple Jump"
2012,"Arnold Alcolea Nez","Cuba","Cycling","Cycling Men's Road Race, Individual"
2012,"Kyle Scott Alcorn","United States","Athletics","Athletics Men's 3,000 metres Steeplechase"
2012,"Yamil Aldama Pozo (-Dodds)","Great Britain","Athletics","Athletics Women's Triple Jump"
2012,"Andrea Dennise Aldana Bennett","Guatemala","Sailing","Sailing Women's One Person Dinghy"
2012,"Ibrahim Erikovych Aldatov","Ukraine","Wrestling","Wrestling Men's Light-Heavyweight, Freestyle"
2012,"David Alegre Biosca","Spain","Hockey","Hockey Men's Hockey"
2012,"Ramn Alegre Biosca","Spain","Hockey","Hockey Men's Hockey"
2012,"Jannet Alegria Pea","Mexico","Taekwondo","Taekwondo Women's Flyweight"
2012,"Jo Qesem Ayela Aleh","New Zealand","Sailing","Sailing Women's Two Person Dinghy"
2012,"Eric Javier Alejandro","Puerto Rico","Athletics","Athletics Men's 400 metres Hurdles"
2012,"Virgilijus Alekna","Lithuania","Athletics","Athletics Men's Discus Throw"
2012,"Aleksandar Emilov Aleksandrov","Bulgaria","Boxing","Boxing Men's Light-Flyweight"
2012,"Aleksandr Aleksandrov","Azerbaijan","Rowing","Rowing Men's Single Sculls"
2012,"Dmitry Aleksandrov","Kyrgyzstan","Swimming","Swimming Men's 200 metres Breaststroke"
2012,"Dmitry Sergeyevich Aleksanin","Kazakhstan","Fencing","Fencing Men's epee, Individual"
2012,"Artur Aleksanyan","Armenia","Wrestling","Wrestling Men's Heavyweight, Greco-Roman"
2012,"Sandra Aleksejeva","Latvia","Cycling","Cycling Women's BMX"
2012,"Denis Sergeyevich Alekseyev","Russia","Athletics","Athletics Men's 4 x 400 metres Relay"
2012,"Yevgeny Petrovich Alekseyev","Kazakhstan","Canoeing","Canoeing Men's Kayak Doubles, 200 metres"
2012,"Yevgeny Petrovich Alekseyev","Kazakhstan","Canoeing","Canoeing Men's Kayak Doubles, 1,000 metres"
2012,"Aleksandar Aleksi","Serbia","Canoeing","Canoeing Men's Kayak Fours, 1,000 metres"
2012,"Milan Aleksi","Serbia","Water Polo","Water Polo Men's Water Polo"
2012,"Todor Nikolaev Aleksiev","Bulgaria","Volleyball","Volleyball Men's Volleyball"
2012,"Ilya Leonidovich Aleksiyevich","Belarus","Football","Football Men's Football"
2012,"Octavio Andrs Alesi Gonzlez","Venezuela","Swimming","Swimming Men's 4 x 100 metres Freestyle Relay"
2012,"Alex Sandro Lobo Silva","Brazil","Football","Football Men's Football"
2012,"Ayanna Alexander","Trinidad and Tobago","Athletics","Athletics Women's Triple Jump"
2012,"J'maal Alexander","British Virgin Islands","Athletics","Athletics Men's 100 metres"
2012,"Kineke Alicia Alexander","Saint Vincent and the Grenadines","Athletics","Athletics Women's 400 metres"
2012,"Alexandra Priscila do Nascimento","Brazil","Handball","Handball Women's Handball"
2012,"Alexandre ""Alexandre Pato"" Rodrigues da Silva","Brazil","Football","Football Men's Football"
2012,"Alin Alexuc-Ciurariu","Romania","Wrestling","Wrestling Men's Heavyweight, Greco-Roman"
2012,"Rafael Alfaro Ferracuti","El Salvador","Swimming","Swimming Men's 400 metres Individual Medley"
2012,"Linda Camilla Algotsson","Sweden","Equestrianism","Equestrianism Mixed Three-Day Event, Individual"
2012,"Linda Camilla Algotsson","Sweden","Equestrianism","Equestrianism Mixed Three-Day Event, Team"
2012,"Sara Anneli Algotsson Ostholt","Sweden","Equestrianism","Equestrianism Mixed Three-Day Event, Individual"
2012,"Sara Anneli Algotsson Ostholt","Sweden","Equestrianism","Equestrianism Mixed Three-Day Event, Team"
2012,"Ahmed Ali Salem Khamis Al-Abri","United Arab Emirates","Football","Football Men's Football"
2012,"Belal Mansoor Ali","Bahrain","Athletics","Athletics Men's 1,500 metres"
2012,"Kame Ali","Madagascar","Athletics","Athletics Men's 110 metres Hurdles"
2012,"Lahoussine Xavier Ali","Morocco","Fencing","Fencing Men's Foil, Individual"
2012,"Annabel Laure Ali","Cameroon","Wrestling","Wrestling Women's Heavyweight, Freestyle"
2012,"Liaqat Ali","Pakistan","Athletics","Athletics Men's 100 metres"
2012,"Zourah Mohamed Ali","Djibouti","Athletics","Athletics Women's 400 metres"
2012,"Ahmed Ali Ahmed Saleh","Egypt","Table Tennis","Table Tennis Men's Team"
2012,"Mirko Alilovi","Croatia","Handball","Handball Men's Handball"
2012,"Elmir Eldarovich Alimzhanov","Kazakhstan","Fencing","Fencing Men's epee, Individual"
2012,"Aline Pellegrino","Brazil","Football","Football Women's Football"
2012,"Aleksey Aleksandrovich Alipov","Russia","Shooting","Shooting Men's Trap"
2012,"Alison Conte Cerutti","Brazil-1","Beach Volleyball","Beach Volleyball Men's Beach Volleyball"
2012,"Triin Aljand","Estonia","Swimming","Swimming Women's 50 metres Freestyle"
2012,"Triin Aljand","Estonia","Swimming","Swimming Women's 100 metres Butterfly"
2012,"Jasmine Alkhaldi","Philippines","Swimming","Swimming Women's 100 metres Freestyle"
2012,"Agnese Allegrini","Italy","Badminton","Badminton Women's Singles"
2012,"Dominique Jayne Allen","Great Britain","Basketball","Basketball Women's Basketball"
2012,"Joseph Michael ""Joe"" Allen","Great Britain","Football","Football Men's Football"
2012,"Sophie Nicole Allen","Great Britain","Swimming","Swimming Women's 200 metres Individual Medley"
2012,"Ade Franci Alleyne-Forte","Trinidad and Tobago","Athletics","Athletics Men's 4 x 400 metres Relay"
2012,"Olivia Elizabeth N. Allison-Federici","Great Britain","Synchronized Swimming","Synchronized Swimming Women's Duet"
2012,"Olivia Elizabeth N. Allison-Federici","Great Britain","Synchronized Swimming","Synchronized Swimming Women's Team"
2012,"Andrique Allisop","Seychelles","Boxing","Boxing Men's Lightweight"
2012,"Bradley Kevin Ally","Barbados","Swimming","Swimming Men's 100 metres Backstroke"
2012,"Bradley Kevin Ally","Barbados","Swimming","Swimming Men's 200 metres Individual Medley"
2012,"Bradley Kevin Ally","Barbados","Swimming","Swimming Men's 400 metres Individual Medley"
2012,"Miguel ngel Almachi Condo","Ecuador","Athletics","Athletics Men's Marathon"
2012,"Nicols Almagro Snchez","Spain","Tennis","Tennis Men's Singles"
2012,"Rose Mary Almanza Blanco","Cuba","Athletics","Athletics Women's 800 metres"
2012,"Carlos Fernandes Esteves de Almeida","Portugal","Swimming","Swimming Men's 100 metres Breaststroke"
2012,"Joo Carlos Marques de Almeida","Portugal","Athletics","Athletics Men's 110 metres Hurdles"
2012,"Kaio Mrcio Ferreira Costa de Almeida","Brazil","Swimming","Swimming Men's 100 metres Butterfly"
2012,"Kaio Mrcio Ferreira Costa de Almeida","Brazil","Swimming","Swimming Men's 200 metres Butterfly"
2012,"Kaio Mrcio Ferreira Costa de Almeida","Brazil","Swimming","Swimming Men's 4 x 100 metres Medley Relay"
2012,"Luiza Tavares de Almeida","Brazil","Equestrianism","Equestrianism Mixed Dressage, Individual"
2012,"Nair Felipe Pires de Almeida","Angola","Handball","Handball Women's Handball"
2012,"Johanna Maria-Therese Almgren","Sweden","Football","Football Women's Football"
2012,"Jessica Alonso Bernardo","Spain","Handball","Handball Women's Handball"
2012,"Jonathan Alonso Flete","Spain","Boxing","Boxing Men's Light-Welterweight"
2012,"Kamel Al-Alouini","Tunisia","Handball","Handball Men's Handball"
2012,"Mikhail Surenovich ""Misha"" Aloyan","Russia","Boxing","Boxing Men's Flyweight"
2012,"Uzodinma Anthony Alozie","Australia","Athletics","Athletics Men's 4 x 100 metres Relay"
2012,"Azza Alqasmi","Bahrain","Shooting","Shooting Women's Small-Bore Rifle, Three Positions, 50 metres"
2012,"Malin Therse Alshammar","Sweden","Swimming","Swimming Women's 50 metres Freestyle"
2012,"Julio Alsogaray","Argentina","Sailing","Sailing Men's One Person Dinghy"
2012,"Ida Alstad","Norway","Handball","Handball Women's Handball"
2012,"Maria Suelen Altheman","Brazil","Judo","Judo Women's Heavyweight"
2012,"Eniola ""Eni"" Aluko","Great Britain","Football","Football Women's Football"
2012,"Lzaro Jorge lvarez Estrada","Cuba","Boxing","Boxing Men's Bantamweight"
2012,"Luis Antonio lvarez Murillo","Mexico","Archery","Archery Men's Individual"
2012,"Luis Antonio lvarez Murillo","Mexico","Archery","Archery Men's Team"
2012,"Sergio lvarez Boulet","Cuba","Weightlifting","Weightlifting Men's Bantamweight"
2012,"Yuri Alvear Orjuela","Colombia","Judo","Judo Women's Middleweight"
2012,"Thiago Soares Alves","Brazil","Volleyball","Volleyball Men's Volleyball"
2012,"Anna Romzatovna Alyabyeva","Kazakhstan","Rhythmic Gymnastics","Rhythmic Gymnastics Women's Individual"
2012,"Andrey Amador Bikkazakova","Costa Rica","Cycling","Cycling Men's Road Race, Individual"
2012,"Darisleydis Amador Rodrguez","Cuba","Canoeing","Canoeing Women's Kayak Singles, 200 metres"
2012,"Darisleydis Amador Rodrguez","Cuba","Canoeing","Canoeing Women's Kayak Singles, 500 metres"
2012,"Mohammed Aman Geleto","Ethiopia","Athletics","Athletics Men's 800 metres"
2012,"Yadinis Amars Rocha","Colombia","Judo","Judo Women's Lightweight"
2012,"Pablo ""Pol"" Amat Escud","Spain","Hockey","Hockey Men's Hockey"
2012,"Eyawomano Doreen Amata","Nigeria","Athletics","Athletics Women's High Jump"
2012,"Kim Oscar Amb","Sweden","Athletics","Athletics Men's Javelin Throw"
2012,"Eloise Michelle Amberger","Australia","Synchronized Swimming","Synchronized Swimming Women's Duet"
2012,"Eloise Michelle Amberger","Australia","Synchronized Swimming","Synchronized Swimming Women's Team"
2012,"Serge Ambomo","Cameroon","Boxing","Boxing Men's Light-Welterweight"
2012,"Harald Ambros","Austria","Equestrianism","Equestrianism Mixed Three-Day Event, Individual"
2012,"Noor Amer Al-Ameri","Iraq","Shooting","Shooting Women's Air Pistol, 10 metres"
2012,"Nourhan Muhammad Mahmud Amer","Egypt","Shooting","Shooting Women's Air Rifle, 10 metres"
2012,"Christine Amertil (-Ling)","Bahamas","Athletics","Athletics Women's 4 x 100 metres Relay"
2012,"Al-Farouq Ajiede Aminu","Nigeria","Basketball","Basketball Men's Basketball"
2012,"Abdul Wahab ""Alade"" Aminu","Nigeria","Basketball","Basketball Men's Basketball"
2012,"Eduarda Idalina ""Duda"" Amorim-Taleska","Brazil","Handball","Handball Women's Handball"
2012,"Vanessa Amors Quiles","Spain","Handball","Handball Women's Handball"
2012,"Nijel Carlos Amilfitano Amos","Botswana","Athletics","Athletics Men's 800 metres"
2012,"Alberta Boatema Ampomah","Ghana","Weightlifting","Weightlifting Women's Super-Heavyweight"
2012,"Noureddine Amrabat","Morocco","Football","Football Men's Football"
2012,"Marwa Al-Amri","Tunisia","Wrestling","Wrestling Women's Lightweight, Freestyle"
2012,"Mohamed Amsif","Morocco","Football","Football Men's Football"
2012,"An Kum-Ae","North Korea","Judo","Judo Women's Half-Lightweight"
2012,"Ana Paula Rodrigues-Belo","Brazil","Handball","Handball Women's Handball"
2012,"Phara Anacharsis","France","Athletics","Athletics Women's 4 x 400 metres Relay"
2012,"Takamasa Anai","Japan","Judo","Judo Men's Half-Heavyweight"
2012,"Anis Viktorovich Ananenko","Belarus","Athletics","Athletics Men's 800 metres"
2012,"Anton Pavlovich Anchin","Russia","Swimming","Swimming Men's 200 metres Backstroke"
2012,"David Emil Andersen","Australia","Basketball","Basketball Men's Basketball"
2012,"Stine Myrhj Andersen","Denmark","Shooting","Shooting Women's Air Rifle, 10 metres"
2012,"Alyssa Jean Anderson","United States","Swimming","Swimming Women's 4 x 200 metres Freestyle Relay"
2012,"Haley Danita Anderson","United States","Swimming","Swimming Women's 10 kilometres Open Water"
2012,"Jenny-Lyn Anderson","Australia","Synchronized Swimming","Synchronized Swimming Women's Team"
2012,"Matthew John ""Matt"" Anderson","United States","Volleyball","Volleyball Men's Volleyball"
2012,"Rose Anderson","Great Britain","Basketball","Basketball Women's Basketball"
2012,"Isabellah Moraa Andersson (Amoro-)","Sweden","Athletics","Athletics Women's Marathon"
2012,"Kim Verner Andersson","Sweden","Handball","Handball Men's Handball"
2012,"Erik Mattias Andersson","Sweden","Handball","Handball Men's Handball"
2012,"Elizabeth Adhiambo Andiego","Kenya","Boxing","Boxing Women's Middleweight"
2012,"Kozue Ando","Japan","Football","Football Women's Football"
2012,"Francisco Catalo Rebelo Andrade","Portugal","Sailing","Sailing Men's Skiff"
2012,"Lady Patricia Andrade Rodrguez","Colombia","Football","Football Women's Football"
2012,"Marcia Yuleisi Andrades Mendoza","Venezuela","Wrestling","Wrestling Women's Lightweight, Freestyle"
2012,"Bjrn Andrae","Germany","Volleyball","Volleyball Men's Volleyball"
2012,"Nilson de Oliveira Andr","Brazil","Athletics","Athletics Men's 100 metres"
2012,"Nilson de Oliveira Andr","Brazil","Athletics","Athletics Men's 4 x 100 metres Relay"
2012,"Andria Suntaque","Brazil","Football","Football Women's Football"
2012,"Antonis Andreou","Cyprus","Shooting","Shooting Men's Skeet"
2012,"Panagiota Andreou","Cyprus","Shooting","Shooting Women's Skeet"
2012,"Jake Andrewartha","Australia","Judo","Judo Men's Heavyweight"
2012,"Marian Andrews-Heffernan","Ireland","Athletics","Athletics Women's 4 x 400 metres Relay"
2012,"Georgy Aleksandrovich Andreyev","Russia","Athletics","Athletics Men's Marathon"
2012,"Viktoriya Olegovna Andreyeva","Russia","Swimming","Swimming Women's 4 x 100 metres Freestyle Relay"
2012,"Yekaterina Igorevna Andreyeva","Russia","Swimming","Swimming Women's 200 metres Individual Medley"
2012,"Valeriy Oleksandrovych Andriitsev","Ukraine","Wrestling","Wrestling Men's Heavyweight, Freestyle"
2012,"Matthieu Androdias","France","Rowing","Rowing Men's Quadruple Sculls"
2012,"Alona Anatolivna Andruk","Ukraine","Cycling","Cycling Women's Road Race, Individual"
2012,"Andryein Tamir","Mongolia","Swimming","Swimming Men's 100 metres Freestyle"
2012,"Juan Diego Angeloni","Argentina","Shooting","Shooting Men's Small-Bore Rifle, Prone, 50 metres"
2012,"Ivo Serafimov Angelov","Bulgaria","Wrestling","Wrestling Men's Lightweight, Greco-Roman"
2012,"Tonje Angelsen","Norway","Athletics","Athletics Women's High Jump"
2012,"Giuseppe Angilella","Italy","Sailing","Sailing Men's Skiff"
2012,"Matteo Angioletti","Italy","Gymnastics","Gymnastics Men's Team All-Around"
2012,"Matteo Angioletti","Italy","Gymnastics","Gymnastics Men's Floor Exercise"
2012,"Matteo Angioletti","Italy","Gymnastics","Gymnastics Men's Horse Vault"
2012,"Matteo Angioletti","Italy","Gymnastics","Gymnastics Men's Rings"
2012,"Franka Ani","Slovenia","Taekwondo","Taekwondo Women's Welterweight"
2012,"Vitaly Vladimirovich Anichkin","Kazakhstan","Athletics","Athletics Men's 50 kilometres Walk"
2012,"Vida Anim","Ghana","Athletics","Athletics Women's 200 metres"
2012,"Sajjad Anoushiravani Hamlabad","Iran","Weightlifting","Weightlifting Men's Super-Heavyweight"
2012,"Jennifer Anson","Palau","Judo","Judo Women's Half-Middleweight"
2012,"Dra Antal","Hungary","Water Polo","Water Polo Women's Water Polo"
2012,"Lissette Alexandra Antes Castillo","Ecuador","Wrestling","Wrestling Women's Lightweight, Freestyle"
2012,"Carmelo Kyan Anthony","United States","Basketball","Basketball Men's Basketball"
2012,"Mark Anthony","Australia","Judo","Judo Men's Middleweight"
2012,"Seema Antil","India","Athletics","Athletics Women's Discus Throw"
2012,"Manuel Andr Antonio","Angola","Athletics","Athletics Men's 800 metres"
2012,"Semyon Sergeyevich Antonov","Russia","Basketball","Basketball Men's Basketball"
2012,"Aleksandra Ivanovna Antonova","Russia","Water Polo","Water Polo Women's Water Polo"
2012,"Diana Ivanovna Antonova","Russia","Water Polo","Water Polo Women's Water Polo"
2012,"Tatyana Andreyevna Antoshina","Russia","Cycling","Cycling Women's Road Race, Individual"
2012,"Tatyana Andreyevna Antoshina","Russia","Cycling","Cycling Women's Individual Time Trial"
2012,"Jitka Antoov","Czech Republic","Rowing","Rowing Women's Double Sculls"
2012,"Lenka Antoov","Czech Republic","Rowing","Rowing Women's Double Sculls"
2012,"Miika Matias Antti-Roiko","Finland","Weightlifting","Weightlifting Men's Middle-Heavyweight"
2012,"Nataliya Nikolayevna Antyukh","Russia","Athletics","Athletics Women's 400 metres Hurdles"
2012,"Nataliya Nikolayevna Antyukh","Russia","Athletics","Athletics Women's 4 x 400 metres Relay"
2012,"Mohamad Khairul Anuar","Malaysia","Archery","Archery Men's Individual"
2012,"Mohamad Khairul Anuar","Malaysia","Archery","Archery Men's Team"
2012,"Eref Apak","Turkey","Athletics","Athletics Men's Hammer Throw"
2012,"Nikolay Sergeyevich Apalikov","Russia","Volleyball","Volleyball Men's Volleyball"
2012,"Bolad Apithy","France","Fencing","Fencing Men's Sabre, Individual"
2012,"Tiago Andr Barata Feio Peixoto Apolnia","Portugal","Table Tennis","Table Tennis Men's Team"
2012,"Lusapho Lesly April","South Africa","Athletics","Athletics Men's Marathon"
2012,"Javier Ignacio Aquino Carmona","Mexico","Football","Football Men's Football"
2012,"Erika Araki","Japan","Volleyball","Volleyball Women's Volleyball"
2012,"Nada Mohammed Wafa S Arakji","Qatar","Swimming","Swimming Women's 50 metres Freestyle"
2012,"Juan Jos Aramburu Amorena","Spain","Shooting","Shooting Men's Skeet"
2012,"Juan Esteban Arango Carvajal","Colombia","Cycling","Cycling Men's Team Pursuit, 4,000 metres"
2012,"Juan Esteban Arango Carvajal","Colombia","Cycling","Cycling Men's Omnium"
2012,"Krystian Aranowski","Poland","Rowing","Rowing Men's Coxed Eights"
2012,"Jacob Araptany","Uganda","Athletics","Athletics Men's 3,000 metres Steeplechase"
2012,"Yukiya Arashiro","Japan","Cycling","Cycling Men's Road Race, Individual"
2012,"Adriana dos Santos Arajo","Brazil","Boxing","Boxing Women's Lightweight"
2012,"Luiz Alberto Cardoso de Arajo","Brazil","Athletics","Athletics Men's Decathlon"
2012,"Edward Ignacio Araya Corts","Chile","Athletics","Athletics Men's 50 kilometres Walk"
2012,"Yerko Ignacio Araya Corts","Chile","Athletics","Athletics Men's 20 kilometres Walk"
2012,"Geisa Rafaela Arcanjo","Brazil","Athletics","Athletics Women's Shot Put"
2012,"Shane William Archbold","New Zealand","Cycling","Cycling Men's Omnium"
2012,"Robert Michael Archibald, Jr.","Great Britain","Basketball","Basketball Men's Basketball"
2012,"Ryan Archibald","New Zealand","Hockey","Hockey Men's Hockey"
2012,"Aniekan Okon ""Koko"" Archibong","Nigeria","Basketball","Basketball Men's Basketball"
2012,"Sailom Ard","Thailand","Boxing","Boxing Men's Lightweight"
2012,"Abeba Aregawi Gebretsadik","Ethiopia","Athletics","Athletics Women's 1,500 metres"
2012,"Sandra Lorena Arenas Campuzano","Colombia","Athletics","Athletics Women's 20 kilometres Walk"
2012,"Humberto Daniel Arencibia Martnez","Cuba","Wrestling","Wrestling Men's Light-Heavyweight, Freestyle"
2012,"Mareks rents","Latvia","Athletics","Athletics Men's Pole Vault"
2012,"Egidio Ral Arvalo Ros","Uruguay","Football","Football Men's Football"
2012,"ider Orlando Arvalo Truque","Colombia","Athletics","Athletics Men's 20 kilometres Walk"
2012,"Samantha Michelle Arvalo Salinas","Ecuador","Swimming","Swimming Women's 800 metres Freestyle"
2012,"Cndida Estefany Arias Prez","Dominican Republic","Volleyball","Volleyball Women's Volleyball"
2012,"Katherine Nataly Arias Pea","Colombia","Football","Football Women's Football"
2012,"Ramn Gines Arias Quinteros","Uruguay","Football","Football Men's Football"
2012,"Wellington Arias Romero","Dominican Republic","Boxing","Boxing Men's Lightweight"
2012,"Polat Kemboi Arkan","Turkey","Athletics","Athletics Men's 5,000 metres"
2012,"Polat Kemboi Arkan","Turkey","Athletics","Athletics Men's 10,000 metres"
2012,"Natalia Ariza Daz","Colombia","Football","Football Women's Football"
2012,"Tatiana Ariza Daz","Colombia","Football","Football Women's Football"
2012,"Wilma Yanet Arizapana Yucra","Peru","Athletics","Athletics Women's Marathon"
2012,"Mohamed Al-Arjaoui","Morocco","Boxing","Boxing Men's Super-Heavyweight"
2012,"Anna Arkhipenko","Belarus","Modern Pentathlon","Modern Pentathlon Women's Individual"
2012,"Yuliya Vladimirovna Arkhipova-Andreyeva","Kyrgyzstan","Athletics","Athletics Women's Marathon"
2012,"Elizabeth Mary ""Lizzie"" Armitstead (-Deignan)","Great Britain","Cycling","Cycling Women's Road Race, Individual"
2012,"Elizabeth Mary ""Lizzie"" Armitstead (-Deignan)","Great Britain","Cycling","Cycling Women's Individual Time Trial"
2012,"Michael Arms","New Zealand","Rowing","Rowing Men's Quadruple Sculls"
2012,"Elizabeth ""Betsey"" Armstrong","United States","Water Polo","Water Polo Women's Water Polo"
2012,"Dylan Armstrong","Canada","Athletics","Athletics Men's Shot Put"
2012,"Kristin Ann Armstrong (-Savola)","United States","Cycling","Cycling Women's Road Race, Individual"
2012,"Kristin Ann Armstrong (-Savola)","United States","Cycling","Cycling Women's Individual Time Trial"
2012,"Daniel Arnamnart","Australia","Swimming","Swimming Men's 100 metres Backstroke"
2012,"rni Mr rnason","Iceland","Swimming","Swimming Men's 50 metres Freestyle"
2012,"Judith Arndt","Germany","Cycling","Cycling Women's Road Race, Individual"
2012,"Judith Arndt","Germany","Cycling","Cycling Women's Individual Time Trial"
2012,"Judith Arndt","Germany","Cycling","Cycling Women's Team Pursuit"
2012,"Felix Aronovich","Israel","Gymnastics","Gymnastics Men's Individual All-Around"
2012,"Felix Aronovich","Israel","Gymnastics","Gymnastics Men's Floor Exercise"
2012,"Felix Aronovich","Israel","Gymnastics","Gymnastics Men's Parallel Bars"
2012,"Felix Aronovich","Israel","Gymnastics","Gymnastics Men's Horizontal Bar"
2012,"Felix Aronovich","Israel","Gymnastics","Gymnastics Men's Rings"
2012,"Felix Aronovich","Israel","Gymnastics","Gymnastics Men's Pommelled Horse"
2012,"Valentina Arrighetti","Italy","Volleyball","Volleyball Women's Volleyball"
2012,"Gabriel Adrin Arroyo","Argentina","Volleyball","Volleyball Men's Volleyball"
2012,"Jorge David Arroyo Valdez","Ecuador","Weightlifting","Weightlifting Men's Heavyweight"
2012,"Heather Ann Arseth","Mauritius","Swimming","Swimming Women's 200 metres Freestyle"
2012,"Artiom ""Tommy"" Arshansky","Israel","Judo","Judo Men's Extra-Lightweight"
2012,"Andrea Arsovi","Serbia","Shooting","Shooting Women's Air Rifle, 10 metres"
2012,"Andrea Arsovi","Serbia","Shooting","Shooting Women's Small-Bore Rifle, Three Positions, 50 metres"
2012,"Yevgeniya Viktorovna Artamonova-Estes","Russia","Volleyball","Volleyball Women's Volleyball"
2012,"Mauricio Jos Arteaga Snchez","Ecuador","Athletics","Athletics Men's 20 kilometres Walk"
2012,"Olga Dmitriyevna Arteshina","Russia","Basketball","Basketball Women's Basketball"
2012,"Rifat Rimatovich Artikov","Uzbekistan","Athletics","Athletics Men's Decathlon"
2012,"Dnil Artiomov","Moldova","Swimming","Swimming Men's 100 metres Breaststroke"
2012,"Eleni Artymata","Cyprus","Athletics","Athletics Women's 200 metres"
2012,"Quadri Aruna","Nigeria","Table Tennis","Table Tennis Men's Singles"
2012,"Zorana Arunovi","Serbia","Shooting","Shooting Women's Air Pistol, 10 metres"
2012,"Zorana Arunovi","Serbia","Shooting","Shooting Women's Sporting Pistol, 25 metres"
2012,"Ardo Arusaar","Estonia","Wrestling","Wrestling Men's Heavyweight, Greco-Roman"
2012,"Vasiliki ""Viky"" Arvaniti","Greece","Beach Volleyball","Beach Volleyball Women's Beach Volleyball"
2012,"Lena Sofia Alexandra Arvidsson","Sweden","Tennis","Tennis Women's Singles"
2012,"Lena Sofia Alexandra Arvidsson","Sweden","Tennis","Tennis Mixed Doubles"
2012,"Marina Aleksandrovna Arzamasova (Katovich-)","Belarus","Athletics","Athletics Women's 800 metres"
2012,"Mohammad Arzandeh","Iran","Athletics","Athletics Men's Long Jump"
2012,"Yelena Vladimirovna Arzhakova","Russia","Athletics","Athletics Women's 800 metres"
2012,"Maryam Muhammad Arzouqi","Kuwait","Shooting","Shooting Women's Air Rifle, 10 metres"
2012,"Maryam Muhammad Arzouqi","Kuwait","Shooting","Shooting Women's Small-Bore Rifle, Three Positions, 50 metres"
2012,"Laura Asadauskait-Zadneprovskien","Lithuania","Modern Pentathlon","Modern Pentathlon Women's Individual"
2012,"Kentaro Asahi","Japan","Beach Volleyball","Beach Volleyball Men's Beach Volleyball"
2012,"Sakiyo Asano","Japan","Hockey","Hockey Women's Hockey"
2012,"Nataliya Asanova","Uzbekistan","Athletics","Athletics Women's 400 metres Hurdles"
2012,"Anita Amma Ankyewah Asante","Great Britain","Football","Football Women's Football"
2012,"Rabia Ashiq","Pakistan","Athletics","Athletics Women's 800 metres"
2012,"Jessica Ashwood","Australia","Swimming","Swimming Women's 800 metres Freestyle"
2012,"Rouhollah Askari Gandomani","Iran","Athletics","Athletics Men's 110 metres Hurdles"
2012,"Yerzhan Askarov","Kyrgyzstan","Athletics","Athletics Men's 800 metres"
2012,"Kosovare ""Kosse"" Asllani","Sweden","Football","Football Women's Football"
2012,"Yared Asmerom Tesfit","Eritrea","Athletics","Athletics Men's Marathon"
2012,"Dina Aspandiyarova","Australia","Shooting","Shooting Women's Air Pistol, 10 metres"
2012,"Vctor Eulogio Aspillaga Alayza","Peru","Rowing","Rowing Men's Single Sculls"
2012,"Ophlie Aspord","France","Swimming","Swimming Women's 10 kilometres Open Water"
2012,"Valerio Aspromonte","Italy","Fencing","Fencing Men's Foil, Individual"
2012,"Valerio Aspromonte","Italy","Fencing","Fencing Men's Foil, Team"
2012,"Omar Muhammadi Muhammad Muhammad Assar","Egypt","Table Tennis","Table Tennis Men's Singles"
2012,"Omar Muhammadi Muhammad Muhammad Assar","Egypt","Table Tennis","Table Tennis Men's Team"
2012,"Meskerem Assefa Legesse (Wondimagegn)","Ethiopia","Athletics","Athletics Women's 1,500 metres"
2012,"Sofia Assefa Abebe","Ethiopia","Athletics","Athletics Women's 3,000 metres Steeplechase"
2012,"Sonia Asselah","Algeria","Judo","Judo Women's Heavyweight"
2012,"Jonathan Jens-Erik strand","Finland","Athletics","Athletics Men's 200 metres"
2012,"Gloria Asumnu","Nigeria","Athletics","Athletics Women's 100 metres"
2012,"Gloria Asumnu","Nigeria","Athletics","Athletics Women's 200 metres"
2012,"Gloria Asumnu","Nigeria","Athletics","Athletics Women's 4 x 100 metres Relay"
2012,"rad Suleyman Aumova","Azerbaijan","Shooting","Shooting Women's Air Pistol, 10 metres"
2012,"rad Suleyman Aumova","Azerbaijan","Shooting","Shooting Women's Sporting Pistol, 25 metres"
2012,"Sanaa Atabrour","Morocco","Taekwondo","Taekwondo Women's Flyweight"
2012,"Choucri Atafi","Morocco","Wrestling","Wrestling Men's Heavyweight, Greco-Roman"
2012,"Hurit Atak","Turkey","Weightlifting","Weightlifting Men's Featherweight"
2012,"Aleksandar Atanasijevi","Serbia","Volleyball","Volleyball Men's Volleyball"
2012,"Delphine Bertille Atangana Bodo","Cameroon","Athletics","Athletics Women's 100 metres"
2012,"Ahmed Ghithe G Atari","Qatar","Swimming","Swimming Men's 400 metres Individual Medley"
2012,"Abbos Atayev","Uzbekistan","Boxing","Boxing Men's Middleweight"
2012,"Marios Athanasiadis","Cyprus","Cycling","Cycling Men's Mountainbike, Cross-Country"
2012,"Hseyin Atc","Turkey","Athletics","Athletics Men's Shot Put"
2012,"Derrick Atkins","Bahamas","Athletics","Athletics Men's 100 metres"
2012,"Alia Shanee Atkinson","Jamaica","Swimming","Swimming Women's 50 metres Freestyle"
2012,"Alia Shanee Atkinson","Jamaica","Swimming","Swimming Women's 100 metres Breaststroke"
2012,"Alia Shanee Atkinson","Jamaica","Swimming","Swimming Women's 200 metres Breaststroke"
2012,"Amy Atkinson","Guam","Athletics","Athletics Women's 800 metres"
2012,"Courtney Atkinson","Australia","Triathlon","Triathlon Men's Olympic Distance"
2012,"Arnr Atlason","Iceland","Handball","Handball Men's Handball"
2012,"Safouane Attaf","Morocco","Judo","Judo Men's Half-Middleweight"
2012,"Sarah Amer Attar","Saudi Arabia","Athletics","Athletics Women's 800 metres"
2012,"Teneal Attard","Australia","Hockey","Hockey Women's Hockey"
2012,"Au Sin Ying","Hong Kong","Fencing","Fencing Women's Sabre, Individual"
2012,"Hoi Shun ""Stephanie"" Au","Hong Kong","Swimming","Swimming Women's 100 metres Backstroke"
2012,"Hoi Shun ""Stephanie"" Au","Hong Kong","Swimming","Swimming Women's 200 metres Backstroke"
2012,"Pierre-Emerick Emiliano Aubameyang","Gabon","Football","Football Men's Football"
2012,"Chelsea Ann Aubry","Canada","Basketball","Basketball Women's Basketball"
2012,"Sandra Auffarth","Germany","Equestrianism","Equestrianism Mixed Three-Day Event, Individual"
2012,"Sandra Auffarth","Germany","Equestrianism","Equestrianism Mixed Three-Day Event, Team"
2012,"Tmea Babos","Hungary","Tennis","Tennis Women's Doubles"
2012,"Jssica de Barros Augusto","Portugal","Athletics","Athletics Women's Marathon"
2012,"Seimone Delicia Augustus","United States","Basketball","Basketball Women's Basketball"
2012,"Kamila Anna Augustyn","Poland","Badminton","Badminton Women's Singles"
2012,"Rafa Augustyn","Poland","Athletics","Athletics Men's 20 kilometres Walk"
2012,"Apti Khamzatovich Aukhadov","Russia","Weightlifting","Weightlifting Men's Light-Heavyweight"
2012,"Aung Aye Aye","Myanmar","Judo","Judo Women's Half-Heavyweight"
2012,"James William Austin","Great Britain","Judo","Judo Men's Half-Heavyweight"
2012,"Fatih Avan","Turkey","Athletics","Athletics Men's Javelin Throw"
2012,"Anna Mikhaylovna Avdeyeva","Russia","Athletics","Athletics Women's Shot Put"
2012,"Edwin Alcibiades vila Vanegas","Colombia","Cycling","Cycling Men's Team Pursuit, 4,000 metres"
2012,"Kevin vila Soto","Guatemala","Swimming","Swimming Men's 100 metres Freestyle"
2012,"Mariana Avitia Martnez","Mexico","Archery","Archery Women's Individual"
2012,"Mariana Avitia Martnez","Mexico","Archery","Archery Women's Team"
2012,"Nazmi Avluca","Turkey","Wrestling","Wrestling Men's Light-Heavyweight, Greco-Roman"
2012,"Giorgio Avola","Italy","Fencing","Fencing Men's Foil, Team"
2012,"Roman Valeriyovych Avramenko","Ukraine","Athletics","Athletics Men's Javelin Throw"
2012,"Ekaterina Ivanova Avramova","Bulgaria","Swimming","Swimming Women's 100 metres Backstroke"
2012,"Ekaterina Ivanova Avramova","Bulgaria","Swimming","Swimming Women's 200 metres Backstroke"
2012,"Ahmed Awad Ahmed Abu Al-Khair","Egypt","Judo","Judo Men's Half-Lightweight"
2012,"Suguru Awaji","Japan","Fencing","Fencing Men's Foil, Team"
2012,"Mohd Azizulhasni Awang","Malaysia","Cycling","Cycling Men's Sprint"
2012,"Mohd Azizulhasni Awang","Malaysia","Cycling","Cycling Men's Keirin"
2012,"Daniel James Awde","Great Britain","Athletics","Athletics Men's Decathlon"
2012,"Hiwot Ayalew Yeder","Ethiopia","Athletics","Athletics Women's 3,000 metres Steeplechase"
2012,"Hassine Ayari","Tunisia","Wrestling","Wrestling Men's Heavyweight, Greco-Roman"
2012,"Ventsislav Vasilev Aydarski","Bulgaria","Swimming","Swimming Men's 1,500 metres Freestyle"
2012,"Naz Aydemir (-Akyol)","Turkey","Volleyball","Volleyball Women's Volleyball"
2012,"Sema Aydemir-Apak","Turkey","Athletics","Athletics Women's 4 x 400 metres Relay"
2012,"Merve Aydn","Turkey","Athletics","Athletics Women's 800 metres"
2012,"Anouar Ayed","Tunisia","Handball","Handball Men's Handball"
2012,"Thomas Ayeko","Uganda","Athletics","Athletics Men's 10,000 metres"
2012,"Camille Anas Ayglon-Saurina","France","Handball","Handball Women's Handball"
2012,"Burcu Ayhan (-Yksel)","Turkey","Athletics","Athletics Women's High Jump"
2012,"Miranda Joy Ayim","Canada","Basketball","Basketball Women's Basketball"
2012,"Louise Ayling","New Zealand","Rowing","Rowing Women's Lightweight Double Sculls"
2012,"Luciana Paula ""Lucha"" Aymar","Argentina","Hockey","Hockey Women's Hockey"
2012,"Sihame Ayouba Ali","Comoros","Swimming","Swimming Women's 100 metres Freestyle"
2012,"David Valeryevich Ayrapetyan","Russia","Boxing","Boxing Men's Light-Flyweight"
2012,"Gulnafis Garifollaevna Aytmukhambetova","Kazakhstan","Taekwondo","Taekwondo Women's Welterweight"
2012,"Andrs Antonio Ayub Valenzuela","Chile","Wrestling","Wrestling Men's Super-Heavyweight, Greco-Roman"
2012,"Viktoriya Fyodorovna ""Vika"" Azarenko","Belarus","Tennis","Tennis Women's Singles"
2012,"Viktoriya Fyodorovna ""Vika"" Azarenko","Belarus","Tennis","Tennis Mixed Doubles"
2012,"Tatyana Nikolayevna Azarova","Kazakhstan","Athletics","Athletics Women's 400 metres Hurdles"
2012,"Jaime Azcrraga Romandia","Mexico","Equestrianism","Equestrianism Mixed Jumping, Individual"
2012,"Jaime Azcrraga Romandia","Mexico","Equestrianism","Equestrianism Mixed Jumping, Team"
2012,"Anthony Lawrence ""Tony"" Azevedo","United States","Water Polo","Water Polo Men's Water Polo"
2012,"Moldir Azimbay","Kazakhstan","Gymnastics","Gymnastics Women's Individual All-Around"
2012,"Moldir Azimbay","Kazakhstan","Gymnastics","Gymnastics Women's Floor Exercise"
2012,"Moldir Azimbay","Kazakhstan","Gymnastics","Gymnastics Women's Uneven Bars"
2012,"Moldir Azimbay","Kazakhstan","Gymnastics","Gymnastics Women's Balance Beam"
2012,"Mazen Muhammad Aziz Metwaly","Egypt","Swimming","Swimming Men's 10 kilometres Open Water"
2012,"Masoud Azizi","Afghanistan","Athletics","Athletics Men's 100 metres"
2012,"Jrmie Azou","France","Rowing","Rowing Men's Lightweight Double Sculls"
2012,"Csar Azpilicueta Tanco","Spain","Football","Football Men's Football"
2012,"Yoshihiro Azuma","Japan","Athletics","Athletics Men's 4 x 400 metres Relay"
2012,"Rachid Azzedine","France","Boxing","Boxing Men's Lightweight"
2012,"Abdoulaye Ba","Senegal","Football","Football Men's Football"
2012,"Alexander German ""Sander"" Baart","Netherlands","Hockey","Hockey Men's Hockey"
2012,"Jaroslav Bba","Czech Republic","Athletics","Athletics Men's High Jump"
2012,"Khalid Ali Baba","Bahrain","Swimming","Swimming Men's 100 metres Butterfly"
2012,"Bashir Asgari Babajanzadeh Darzi","Iran","Wrestling","Wrestling Men's Super-Heavyweight, Greco-Roman"
2012,"Ivan Babaryka","Ukraine","Athletics","Athletics Men's Marathon"
2012,"Sergey Babikov","Tajikistan","Shooting","Shooting Men's Air Pistol, 10 metres"
2012,"Tmea Babos","Hungary","Tennis","Tennis Women's Singles"
2012,"Fanny Babou","France","Swimming","Swimming Women's 100 metres Breaststroke"
2012,"Fanny Babou","France","Swimming","Swimming Women's 4 x 100 metres Medley Relay"
2012,"Monia Baccaille","Italy","Cycling","Cycling Women's Road Race, Individual"
2012,"Howard Bach","United States","Badminton","Badminton Men's Doubles"
2012,"Marta Bach Pascual","Spain","Water Polo","Water Polo Women's Water Polo"
2012,"Sebastian Bachmann","Germany","Fencing","Fencing Men's Foil, Individual"
2012,"Sebastian Bachmann","Germany","Fencing","Fencing Men's Foil, Team"
2012,"Katya Bachrouche","Lebanon","Swimming","Swimming Women's 800 metres Freestyle"
2012,"Pter Bcsi","Hungary","Wrestling","Wrestling Men's Middleweight, Greco-Roman"
2012,"Andrew James ""Andy"" Baddeley","Great Britain","Athletics","Athletics Men's 1,500 metres"
2012,"Concepcin Badillo Daz","Spain","Swimming","Swimming Women's 100 metres Breaststroke"
2012,"Ndiss Kaba Badji","Senegal","Athletics","Athletics Men's Long Jump"
2012,"Stphane Diarra Badji","Senegal","Football","Football Men's Football"
2012,"Bae Yeon-Ju","South Korea","Badminton","Badminton Women's Singles"
2012,"Baek Il-Ju","South Korea","Swimming","Swimming Women's 200 metres Freestyle"
2012,"Baek Seong-Dong","South Korea","Football","Football Men's Football"
2012,"Baek Su-Yeon","South Korea","Swimming","Swimming Women's 200 metres Breaststroke"
2012,"Baek Won-Cheol","South Korea","Handball","Handball Men's Handball"
2012,"Dmitry Anatolyevich Baga","Belarus","Football","Football Men's Football"
2012,"Gediminas Bagdonas","Lithuania","Cycling","Cycling Men's Road Race, Individual"
2012,"Andrew John S. Baggaley","Great Britain","Table Tennis","Table Tennis Men's Team"
2012,"Mohammad Bagheri Motamed","Iran","Taekwondo","Taekwondo Men's Featherweight"
2012,"Julien Bahain","France","Rowing","Rowing Men's Double Sculls"
2012,"Kamal Bahamdan","Saudi Arabia","Equestrianism","Equestrianism Mixed Jumping, Individual"
2012,"Kamal Bahamdan","Saudi Arabia","Equestrianism","Equestrianism Mixed Jumping, Team"
2012,"Nesar Ahmad Bahawi","Afghanistan","Taekwondo","Taekwondo Men's Welterweight"
2012,"Bai Anqi","China","Swimming","Swimming Women's 200 metres Backstroke"
2012,"Bai Faquan","China","Triathlon","Triathlon Men's Olympic Distance"
2012,"Maik Baier","Germany","Cycling","Cycling Men's BMX"
2012,"Daniel Everton Bailey","Antigua and Barbuda","Athletics","Athletics Men's 100 metres"
2012,"Ryan Bailey","United States","Athletics","Athletics Men's 100 metres"
2012,"Ryan Bailey","United States","Athletics","Athletics Men's 4 x 100 metres Relay"
2012,"Ryan Bailey","United States","Water Polo","Water Polo Men's Water Polo"
2012,"Kemar Bailey-Cole","Jamaica","Athletics","Athletics Men's 4 x 100 metres Relay"
2012,"Timothy ""Tim"" Baillie","Great Britain-1","Canoeing","Canoeing Men's Canadian Doubles, Slalom"
2012,"Angie Lee Bainbridge","Australia","Swimming","Swimming Women's 4 x 200 metres Freestyle Relay"
2012,"Balzs Baji","Hungary","Athletics","Athletics Men's 110 metres Hurdles"
2012,"Lars Ytting Bak","Denmark","Cycling","Cycling Men's Road Race, Individual"
2012,"Lars Ytting Bak","Denmark","Cycling","Cycling Men's Individual Time Trial"
2012,"Emile Rony Bakale","Congo (Brazzaville)","Swimming","Swimming Men's 50 metres Freestyle"
2012,"Oluwadamilola ""Dami"" Bakare","Great Britain","Volleyball","Volleyball Men's Volleyball"
2012,"Peter Oluwaclamilare K. Bakare","Great Britain","Volleyball","Volleyball Men's Volleyball"
2012,"Keshia Chantay Baker (-Kirtz)","United States","Athletics","Athletics Women's 4 x 400 metres Relay"
2012,"Yvette Baker","Great Britain","Synchronized Swimming","Synchronized Swimming Women's Team"
2012,"Mohammed Abduh Bakhet","Qatar","Athletics","Athletics Men's Marathon"
2012,"Amina Barsham Bakhit","Sudan","Athletics","Athletics Women's 800 metres"
2012,"Norayr Bakhtamyan","Armenia","Shooting","Shooting Men's Air Pistol, 10 metres"
2012,"Norayr Bakhtamyan","Armenia","Shooting","Shooting Men's Free Pistol, 50 metres"
2012,"Ole Magnus Bakken","Norway","Shooting","Shooting Men's Air Rifle, 10 metres"
2012,"Ole Magnus Bakken","Norway","Shooting","Shooting Men's Small-Bore Rifle, Prone, 50 metres"
2012,"Billy Pierre Bakker","Netherlands","Hockey","Hockey Men's Hockey"
2012,"Mariya Valeryevna Baklakova","Russia","Swimming","Swimming Women's 4 x 200 metres Freestyle Relay"
2012,"Sergey Vasilyevich Bakulin","Russia","Athletics","Athletics Men's 50 kilometres Walk"
2012,"Aleksandr Sergeyevich Balandin","Russia","Gymnastics","Gymnastics Men's Team All-Around"
2012,"Aleksandr Sergeyevich Balandin","Russia","Gymnastics","Gymnastics Men's Parallel Bars"
2012,"Aleksandr Sergeyevich Balandin","Russia","Gymnastics","Gymnastics Men's Rings"
2012,"Aleksandr Sergeyevich Balandin","Russia","Gymnastics","Gymnastics Men's Pommelled Horse"
2012,"Gustavo Eddy Balart Marin","Cuba","Wrestling","Wrestling Men's Featherweight, Greco-Roman"
2012,"Zsofia Balazs","Canada","Swimming","Swimming Women's 10 kilometres Open Water"
2012,"Serhat Balc","Turkey","Wrestling","Wrestling Men's Heavyweight, Freestyle"
2012,"Egidijus Balinas","Lithuania","Canoeing","Canoeing Men's Kayak Singles, 200 metres"
2012,"Filippo Baldassari","Italy","Sailing","Sailing Men's One Person Heavyweight Dinghy"
2012,"Ibrahima Bald","Senegal","Football","Football Men's Football"
2012,"Claudia Balderrama Ibaez","Bolivia","Athletics","Athletics Women's 20 kilometres Walk"
2012,"Andrea Baldini","Italy","Fencing","Fencing Men's Foil, Individual"
2012,"Andrea Baldini","Italy","Fencing","Fencing Men's Foil, Team"
2012,"Robert William ""Rob"" Bale","Great Britain","Swimming","Swimming Men's 4 x 200 metres Freestyle Relay"
2012,"Ivano Bali","Croatia","Handball","Handball Men's Handball"
2012,"Anabel Balkenhol","Germany","Equestrianism","Equestrianism Mixed Dressage, Individual"
2012,"Marcel Gerard Balkestein","Netherlands","Hockey","Hockey Men's Hockey"
2012,"Ashleigh Julia Ball","Great Britain","Hockey","Hockey Women's Hockey"
2012,"Ibrahim Balla","Australia","Boxing","Boxing Men's Bantamweight"
2012,"Musaeb Abdulrahman Balla","Qatar","Athletics","Athletics Men's 800 metres"
2012,"Jos Carlos Ballb Sala","Spain","Hockey","Hockey Men's Hockey"
2012,"Coralie Balmy","France","Swimming","Swimming Women's 400 metres Freestyle"
2012,"Coralie Balmy","France","Swimming","Swimming Women's 800 metres Freestyle"
2012,"Coralie Balmy","France","Swimming","Swimming Women's 4 x 200 metres Freestyle Relay"
2012,"Erik Balnuweit","Germany","Athletics","Athletics Men's 110 metres Hurdles"
2012,"Gbor Balog","Hungary","Swimming","Swimming Men's 4 x 100 metres Freestyle Relay"
2012,"Gbor Balog","Hungary","Swimming","Swimming Men's 200 metres Backstroke"
2012,"Suzanne Elspeth ""Suzy"" Balogh","Australia","Shooting","Shooting Women's Trap"
2012,"Elena Baltacha","Great Britain","Tennis","Tennis Women's Singles"
2012,"Elena Baltacha","Great Britain-1","Tennis","Tennis Women's Doubles"
2012,"Yuliya Vladimirovna Balykina","Belarus","Athletics","Athletics Women's 100 metres"
2012,"Yuliya Vladimirovna Balykina","Belarus","Athletics","Athletics Women's 4 x 100 metres Relay"
2012,"ukasz Banak","Poland","Wrestling","Wrestling Men's Super-Heavyweight, Greco-Roman"
2012,"Anum Bandey","Pakistan","Swimming","Swimming Women's 400 metres Individual Medley"
2012,"Rahul Banerjee","India","Archery","Archery Men's Individual"
2012,"Rahul Banerjee","India","Archery","Archery Men's Team"
2012,"Konstantinos ""Kostas"" Baniotis","Greece","Athletics","Athletics Men's High Jump"
2012,"Imogen Bankier","Great Britain","Badminton","Badminton Mixed Doubles"
2012,"David Banks","United States","Rowing","Rowing Men's Coxed Eights"
2012,"Jarrod Bannister","Australia","Athletics","Athletics Men's Javelin Throw"
2012,"Amine Bannour","Tunisia","Handball","Handball Men's Handball"
2012,"Anastasiya Aleksandrovna Bannova","Kazakhstan","Archery","Archery Women's Individual"
2012,"Andriana Veselinova Banova","Bulgaria","Athletics","Athletics Women's Triple Jump"
2012,"Herv Banti","Monaco","Triathlon","Triathlon Men's Olympic Distance"
2012,"Kelly-Ann Kaylene Baptiste","Trinidad and Tobago","Athletics","Athletics Women's 100 metres"
2012,"Kelly-Ann Kaylene Baptiste","Trinidad and Tobago","Athletics","Athletics Women's 4 x 100 metres Relay"
2012,"Talita Baqlah","Jordan","Swimming","Swimming Women's 50 metres Freestyle"
2012,"Elsa Mara Baquerizo McMillan","Spain","Beach Volleyball","Beach Volleyball Women's Beach Volleyball"
2012,"Carina Br","Germany","Rowing","Rowing Women's Quadruple Sculls"
2012,"Nimrod Shapira Bar-Or","Israel","Swimming","Swimming Men's 200 metres Freestyle"
2012,"Enik Barabs-Mironcic","Romania","Rowing","Rowing Women's Coxed Eights"
2012,"Samir Bara","Croatia","Water Polo","Water Polo Men's Water Polo"
2012,"Xavier Barachet","France","Handball","Handball Men's Handball"
2012,"Sara Ashraf Mohamed Mohamed Baraka","Egypt","Rowing","Rowing Women's Lightweight Double Sculls"
2012,"Azad Al-Barazi","Syria","Swimming","Swimming Men's 100 metres Breaststroke"
2012,"Jenny Barazza","Italy","Volleyball","Volleyball Women's Volleyball"
2012,"Ana Luiza Busato Barbachan","Brazil","Sailing","Sailing Women's Two Person Dinghy"
2012,"Morgan Barbanon Mestres","Spain","Equestrianism","Equestrianism Mixed Dressage, Individual"
2012,"Morgan Barbanon Mestres","Spain","Equestrianism","Equestrianism Mixed Dressage, Team"
2012,"Kosta Barbarouses","New Zealand","Football","Football Men's Football"
2012,"Arianna Barbieri","Italy","Swimming","Swimming Women's 100 metres Backstroke"
2012,"Arianna Barbieri","Italy","Swimming","Swimming Women's 4 x 100 metres Medley Relay"
2012,"Erica Barbieri","Italy","Judo","Judo Women's Middleweight"
2012,"Henrique Ribeiro Marques Barbosa","Brazil","Swimming","Swimming Men's 200 metres Breaststroke"
2012,"Leandro Mateus Barbosa","Brazil","Basketball","Basketball Men's Basketball"
2012,"Neyde Marisa Pina Barbosa","Angola","Handball","Handball Women's Handball"
2012,"Vera Lcia Mendes Barbosa","Portugal","Athletics","Athletics Women's 400 metres Hurdles"
2012,"Georgina Bardach Martin","Argentina","Swimming","Swimming Women's 400 metres Individual Medley"
2012,"Karen Louise Bardsley","Great Britain","Football","Football Women's Football"
2012,"Andrea Bari","Italy","Volleyball","Volleyball Men's Volleyball"
2012,"Sonja Barjaktarovi","Montenegro","Handball","Handball Women's Handball"
2012,"Roxanne Kimberly Barker","South Africa","Football","Football Women's Football"
2012,"Ebrahim Barkhordari","Iran","Shooting","Shooting Men's Air Pistol, 10 metres"
2012,"Ebrahim Barkhordari","Iran","Shooting","Shooting Men's Free Pistol, 50 metres"
2012,"Ahmed Al-Barki","Morocco","Boxing","Boxing Men's Light-Heavyweight"
2012,"David Barlow","Australia","Basketball","Basketball Men's Basketball"
2012,"Daundre Barnaby","Canada","Athletics","Athletics Men's 400 metres"
2012,"Elisa Barnard","Australia","Archery","Archery Women's Individual"
2012,"Patrick Gerard ""Paddy"" Barnes","Ireland","Boxing","Boxing Men's Light-Flyweight"
2012,"Tamsin Barnett-Hinchley","Australia-2","Beach Volleyball","Beach Volleyball Women's Beach Volleyball"
2012,"Andrea Barno San Martn","Spain","Handball","Handball Women's Handball"
2012,"Thomas Gabriel Jrmie Baroukh","France","Rowing","Rowing Men's Lightweight Coxless Fours"
2012,"Khasan Makharbekovich Baroyev","Russia","Wrestling","Wrestling Men's Super-Heavyweight, Greco-Roman"
2012,"Jessie Barr","Ireland","Athletics","Athletics Women's 4 x 400 metres Relay"
2012,"Abdelaziz Barrada","Morocco","Football","Football Men's Football"
2012,"Bronte Amelia Arnold Barratt","Australia","Swimming","Swimming Women's 200 metres Freestyle"
2012,"Bronte Amelia Arnold Barratt","Australia","Swimming","Swimming Women's 400 metres Freestyle"
2012,"Bronte Amelia Arnold Barratt","Australia","Swimming","Swimming Women's 4 x 200 metres Freestyle Relay"
2012,"Onn Barreiros Rodrguez","Spain","Sailing","Sailing Men's Two Person Dinghy"
2012,"Brigetta LaShea Barrett","United States","Athletics","Athletics Women's High Jump"
2012,"Mark Anthony Barriga","Philippines","Boxing","Boxing Men's Light-Flyweight"
2012,"Jennifer Mae ""Jenny"" Barringer-Simpson","United States","Athletics","Athletics Women's 1,500 metres"
2012,"Mara Noel Barrionuevo","Argentina","Hockey","Hockey Women's Hockey"
2012,"Juan Luis Barrios Nieves","Mexico","Athletics","Athletics Men's 5,000 metres"
2012,"Yarelis Barrios Castaeda","Cuba","Athletics","Athletics Women's Discus Throw"
2012,"Gonzalo Barroilhet Costabal","Chile","Athletics","Athletics Men's Decathlon"
2012,"Trevor Barron","United States","Athletics","Athletics Men's 20 kilometres Walk"
2012,"Erick Bernab Barrondo Garca","Guatemala","Athletics","Athletics Men's 20 kilometres Walk"
2012,"Erick Bernab Barrondo Garca","Guatemala","Athletics","Athletics Men's 50 kilometres Walk"
2012,"Ana Patrcia  da Costa Barros","Angola","Handball","Handball Women's Handball"
2012,"Elsa Marisa Branco Barros Rodrigues","Portugal","Athletics","Athletics Women's Marathon"
2012,"Sarah Ellen Barrow","Great Britain","Diving","Diving Women's Synchronized Platform"
2012,"Mamadou Barry","Guinea","Athletics","Athletics Men's 1,500 metres"
2012,"Peter Barry","Canada","Equestrianism","Equestrianism Mixed Three-Day Event, Individual"
2012,"Peter Barry","Canada","Equestrianism","Equestrianism Mixed Three-Day Event, Team"
2012,"Trevor George Barry","Bahamas","Athletics","Athletics Men's High Jump"
2012,"Anahit Barseghyan","Armenia","Swimming","Swimming Women's 100 metres Backstroke"
2012,"Mutaz Essa Barshim","Qatar","Athletics","Athletics Men's High Jump"
2012,"Jacob Jepsen Barse","Denmark","Rowing","Rowing Men's Lightweight Coxless Fours"
2012,"Jan Brta","Czech Republic","Cycling","Cycling Men's Road Race, Individual"
2012,"Nra Barta","Hungary","Diving","Diving Women's Springboard"
2012,"Lenka Bartkov","Czech Republic","Basketball","Basketball Women's Basketball"
2012,"Danka Bartekov","Slovakia","Shooting","Shooting Women's Skeet"
2012,"Ralf Bartels","Germany","Athletics","Athletics Men's Shot Put"
2012,"Mona Barthel","Germany","Tennis","Tennis Women's Singles"
2012,"Beata Bartkw-Kwiatkowska","Poland","Shooting","Shooting Women's Air Pistol, 10 metres"
2012,"Beata Bartkw-Kwiatkowska","Poland","Shooting","Shooting Women's Sporting Pistol, 25 metres"
2012,"Laura Bartlett","Great Britain","Hockey","Hockey Women's Hockey"
2012,"Christopher Roger ""Chris"" Bartley","Great Britain","Rowing","Rowing Men's Lightweight Coxless Fours"
2012,"Zbigniew Bartman","Poland","Volleyball","Volleyball Men's Volleyball"
2012,"Joseph ""Joe"" Bartoch","Canada","Swimming","Swimming Men's 100 metres Butterfly"
2012,"Joseph ""Joe"" Bartoch","Canada","Swimming","Swimming Men's 4 x 100 metres Medley Relay"
2012,"Clive Barton","Australia","Shooting","Shooting Men's Skeet"
2012,"Jitka Bartonikov","Czech Republic","Athletics","Athletics Women's 4 x 400 metres Relay"
2012,"Kateina Bartoov","Czech Republic","Basketball","Basketball Women's Basketball"
2012,"Anastasiya Vladimirovna Baryshnikova","Russia","Taekwondo","Taekwondo Women's Heavyweight"
2012,"Miguel ngel Brzola","Argentina","Athletics","Athletics Men's Marathon"
2012,"Jeremy Bascom","Guyana","Athletics","Athletics Men's 100 metres"
2012,"Dimitri David Bascou","France","Athletics","Athletics Men's 110 metres Hurdles"
2012,"Kayla M. Bashore-Smedley","United States","Hockey","Hockey Women's Hockey"
2012,"Clara Basiana Caellas","Spain","Synchronized Swimming","Synchronized Swimming Women's Team"
2012,"Sonja Bai","Croatia","Handball","Handball Women's Handball"
2012,"Kalle Bask","Finland","Sailing","Sailing Men's Skiff"
2012,"Ray Bassil","Lebanon","Shooting","Shooting Women's Trap"
2012,"Marc Bassingthwaighte","Namibia","Cycling","Cycling Men's Mountainbike, Cross-Country"
2012,"Jean Basson","South Africa","Swimming","Swimming Men's 4 x 200 metres Freestyle Relay"
2012,"Bat-Ochiryn Ser-Od","Mongolia","Athletics","Athletics Men's Marathon"
2012,"Cristian Ioan Bag","Romania","Gymnastics","Gymnastics Men's Team All-Around"
2012,"Cristian Ioan Bag","Romania","Gymnastics","Gymnastics Men's Floor Exercise"
2012,"Cristian Ioan Bag","Romania","Gymnastics","Gymnastics Men's Rings"
2012,"Cristian Ioan Bag","Romania","Gymnastics","Gymnastics Men's Pommelled Horse"
2012,"Polona Batagelj","Slovenia","Cycling","Cycling Women's Road Race, Individual"
2012,"Sarah Blake Bateman","Iceland","Swimming","Swimming Women's 50 metres Freestyle"
2012,"Sarah Blake Bateman","Iceland","Swimming","Swimming Women's 100 metres Butterfly"
2012,"Sarah Blake Bateman","Iceland","Swimming","Swimming Women's 4 x 100 metres Medley Relay"
2012,"Noemi Batki","Italy","Diving","Diving Women's Platform"
2012,"Suzy Batkovic (-Brown)","Australia","Basketball","Basketball Women's Basketball"
2012,"Milo Btovsk","Slovakia","Athletics","Athletics Men's 50 kilometres Walk"
2012,"Romano Battisti","Italy","Rowing","Rowing Men's Double Sculls"
2012,"Emily Batty","Canada","Cycling","Cycling Women's Mountainbike, Cross-Country"
2012,"Nicolas Batum","France","Basketball","Basketball Men's Basketball"
2012,"Paule Baudouin","France","Handball","Handball Women's Handball"
2012,"Hans Jacob ""Jack"" Bauer","New Zealand","Cycling","Cycling Men's Road Race, Individual"
2012,"Hans Jacob ""Jack"" Bauer","New Zealand","Cycling","Cycling Men's Individual Time Trial"
2012,"Grgory Benot Baug","France","Cycling","Cycling Men's Sprint"
2012,"Grgory Benot Baug","France","Cycling","Cycling Men's Team Sprint"
2012,"Hannes Baumann","Germany","Sailing","Sailing Men's Skiff"
2012,"Iga Baumgart","Poland","Athletics","Athletics Women's 4 x 400 metres Relay"
2012,"Simona Baumrtov","Czech Republic","Swimming","Swimming Women's 100 metres Backstroke"
2012,"Simona Baumrtov","Czech Republic","Swimming","Swimming Women's 200 metres Backstroke"
2012,"Dorothy Lee ""Dotsie"" Bausch (Cowden-)","United States","Cycling","Cycling Women's Team Pursuit"
2012,"Ward Bauwens","Belgium","Swimming","Swimming Men's 400 metres Individual Medley"
2012,"Karolis Baua","Lithuania","Judo","Judo Men's Middleweight"
2012,"Louise Bawden","Australia-1","Beach Volleyball","Beach Volleyball Women's Beach Volleyball"
2012,"Darkhan Argynovich Bayakhmetov","Kazakhstan","Wrestling","Wrestling Men's Welterweight, Greco-Roman"
2012,"Bayaraagiin Naranbaatar","Mongolia","Wrestling","Wrestling Men's Featherweight, Freestyle"
2012,"Yermek Satybaldyyevich Bayduashov","Kazakhstan","Wrestling","Wrestling Men's Light-Heavyweight, Freestyle"
2012,"Sebastian Bayer","Germany","Athletics","Athletics Men's Long Jump"
2012,"Aron John Baynes","Australia","Basketball","Basketball Men's Basketball"
2012,"Rvn Bayramov","Azerbaijan","Wrestling","Wrestling Men's Featherweight, Greco-Roman"
2012,"fqan Bayramov","Azerbaijan","Weightlifting","Weightlifting Men's Lightweight"
2012,"Leonid Anatolievich Bazan","Bulgaria","Wrestling","Wrestling Men's Welterweight, Freestyle"
2012,"Mario Alfonzo Bazn Argandoa","Peru","Athletics","Athletics Men's 3,000 metres Steeplechase"
2012,"mrbek Bazarbaew","Turkmenistan","Weightlifting","Weightlifting Men's Featherweight"
2012,"Asan Tolegenovich Bazayev","Kazakhstan","Cycling","Cycling Men's Road Race, Individual"
2012,"Asan Tolegenovich Bazayev","Kazakhstan","Cycling","Cycling Men's Individual Time Trial"
2012,"Nadezhda Valeryevna Bazhina","Russia","Diving","Diving Women's Springboard"
2012,"Svenja Bazlen","Germany","Triathlon","Triathlon Women's Olympic Distance"
2012,"Lorne Dorcas Bazolo","Congo (Brazzaville)","Athletics","Athletics Women's 100 metres"
2012,"Tatyana Vyacheslavovna Bazyuk","Russia","Sailing","Sailing Women's Windsurfer"
2012,"Chiara Bazzoni","Italy","Athletics","Athletics Women's 4 x 400 metres Relay"
2012,"Mhmmd bdlhmidov","Azerbaijan","Boxing","Boxing Men's Bantamweight"
2012,"Gemma Beadsworth","Australia","Water Polo","Water Polo Women's Water Polo"
2012,"Jamie Beadsworth","Australia","Water Polo","Water Polo Men's Water Polo"
2012,"Lynne Beattie","Great Britain","Volleyball","Volleyball Women's Volleyball"
2012,"Ronald Layne Beaubien","United States","Water Polo","Water Polo Men's Water Polo"
2012,"Danielle Elizabeth Marie Beaubrun","Saint Lucia","Swimming","Swimming Women's 100 metres Breaststroke"
2012,"Marie-ve Beauchemin-Nadeau","Canada","Weightlifting","Weightlifting Women's Light-Heavyweight"
2012,"Marie-Pier Beaudet","Canada","Archery","Archery Women's Individual"
2012,"Philippe Beaudry","Canada","Fencing","Fencing Men's Sabre, Individual"
2012,"Maxime Eugne Ren Beaumont","France","Canoeing","Canoeing Men's Kayak Singles, 200 metres"
2012,"Anna Rose Bebington-Watkins","Great Britain","Rowing","Rowing Women's Double Sculls"
2012,"Jrmy Beccu","France","Boxing","Boxing Men's Light-Flyweight"
2012,"Laura Bechtolsheimer (-Tomlinson)","Great Britain","Equestrianism","Equestrianism Mixed Dressage, Individual"
2012,"Laura Bechtolsheimer (-Tomlinson)","Great Britain","Equestrianism","Equestrianism Mixed Dressage, Team"
2012,"Charlotte Becker","Germany","Cycling","Cycling Women's Road Race, Individual"
2012,"Charlotte Becker","Germany","Cycling","Cycling Women's Team Pursuit"
2012,"Yevgeny Aleksandrovich Bedulin","Belarus","Judo","Judo Men's Half-Heavyweight"
2012,"Romela Begaj","Albania","Weightlifting","Weightlifting Women's Lightweight"
2012,"Irina Camelia Begu","Romania","Tennis","Tennis Women's Singles"
2012,"Kieran Philip Behan","Ireland","Gymnastics","Gymnastics Men's Floor Exercise"
2012,"Pascal Behrenbruch","Germany","Athletics","Athletics Men's Decathlon"
2012,"Clmence Beikes","France","Basketball","Basketball Women's Basketball"
2012,"Elizabeth Lyon Beisel","United States","Swimming","Swimming Women's 200 metres Backstroke"
2012,"Elizabeth Lyon Beisel","United States","Swimming","Swimming Women's 400 metres Individual Medley"
2012,"Ruth Beita Vila","Spain","Athletics","Athletics Women's High Jump"
2012,"Kenenisa Bekele Beyecha","Ethiopia","Athletics","Athletics Men's 10,000 metres"
2012,"Tariku Bekele Beyecha","Ethiopia","Athletics","Athletics Men's 10,000 metres"
2012,"Emir Bekri","Serbia","Athletics","Athletics Men's 400 metres Hurdles"
2012,"Alexei Bel","Cuba","Wrestling","Wrestling Men's Middleweight, Greco-Roman"
2012,"Mohamed Khaled Belabbas","Algeria","Athletics","Athletics Men's 3,000 metres Steeplechase"
2012,"Friederike Belcher (Ziegelmayer-)","Germany","Sailing","Sailing Women's Two Person Dinghy"
2012,"Mathew Belcher","Australia","Sailing","Sailing Men's Two Person Dinghy"
2012,"Claudia Renate Belderbos","Netherlands","Rowing","Rowing Women's Coxed Eights"
2012,"Almensh Belete","Belgium","Athletics","Athletics Women's 5,000 metres"
2012,"Mimi Belete Gebregeiorges","Bahrain","Athletics","Athletics Women's 1,500 metres"
2012,"Marina Viktorovna Belikova","Russia","Shooting","Shooting Women's Skeet"
2012,"Maria Belimpasaki","Greece","Athletics","Athletics Women's 100 metres"
2012,"Maria Belimpasaki","Greece","Athletics","Athletics Women's 200 metres"
2012,"Bojan Beljanski","Serbia","Handball","Handball Men's Handball"
2012,"Olga Vladimirovna Belkina","Russia","Athletics","Athletics Women's 100 metres"
2012,"Olga Vladimirovna Belkina","Russia","Athletics","Athletics Women's 4 x 100 metres Relay"
2012,"Daniel Rae Bell","New Zealand","Swimming","Swimming Men's 100 metres Backstroke"
2012,"Daniel Rae Bell","New Zealand","Swimming","Swimming Men's 100 metres Butterfly"
2012,"Katherine ""Katie"" Bell","United States","Diving","Diving Women's Platform"
2012,"Zachary Michael ""Zach"" Bell","Canada","Cycling","Cycling Men's Omnium"
2012,"Franoise Josphine Bella","Cameroon","Football","Football Women's Football"
2012,"Jefferson Bellaguarda","Switzerland-2","Beach Volleyball","Beach Volleyball Men's Beach Volleyball"
2012,"Craig Douglas Bellamy","Great Britain","Football","Football Men's Football"
2012,"Janeil Bellille","Trinidad and Tobago","Athletics","Athletics Women's 400 metres Hurdles"
2012,"Concepcin Bellorin Naranjo","Spain","Judo","Judo Women's Lightweight"
2012,"Thomaz Cocchiarali Bellucci","Brazil","Tennis","Tennis Men's Singles"
2012,"Thomaz Cocchiarali Bellucci","Brazil-2","Tennis","Tennis Men's Doubles"
2012,"Tarik Belmadani","France","Wrestling","Wrestling Men's Lightweight, Greco-Roman"
2012,"Dailn Belmonte Torres","Cuba","Athletics","Athletics Women's Marathon"
2012,"Mireia Belmonte Garca","Spain","Swimming","Swimming Women's 400 metres Freestyle"
2012,"Mireia Belmonte Garca","Spain","Swimming","Swimming Women's 800 metres Freestyle"
2012,"Mireia Belmonte Garca","Spain","Swimming","Swimming Women's 4 x 200 metres Freestyle Relay"
2012,"Mireia Belmonte Garca","Spain","Swimming","Swimming Women's 200 metres Butterfly"
2012,"Mireia Belmonte Garca","Spain","Swimming","Swimming Women's 200 metres Individual Medley"
2012,"Mireia Belmonte Garca","Spain","Swimming","Swimming Women's 400 metres Individual Medley"
2012,"Yana Borysivna Belomoina","Ukraine","Cycling","Cycling Women's Mountainbike, Cross-Country"
2012,"Marco Belotti","Italy","Swimming","Swimming Men's 200 metres Freestyle"
2012,"Marco Belotti","Italy","Swimming","Swimming Men's 4 x 200 metres Freestyle Relay"
2012,"Vasile Belous","Moldova","Boxing","Boxing Men's Welterweight"
2012,"Olga Konstantinovna Belova-Gorbunova","Russia","Water Polo","Water Polo Women's Water Polo"
2012,"Fabiana Beltrame","Brazil","Rowing","Rowing Women's Lightweight Double Sculls"
2012,"Samuel Beltz","Australia","Rowing","Rowing Men's Lightweight Coxless Fours"
2012,"Daria Vasilyevna Belyakina","Russia","Swimming","Swimming Women's 4 x 200 metres Freestyle Relay"
2012,"Yevgeniya Aleksandrovna Belyakova","Russia","Basketball","Basketball Women's Basketball"
2012,"David Sagitovich Belyavsky","Russia","Gymnastics","Gymnastics Men's Individual All-Around"
2012,"David Sagitovich Belyavsky","Russia","Gymnastics","Gymnastics Men's Team All-Around"
2012,"David Sagitovich Belyavsky","Russia","Gymnastics","Gymnastics Men's Floor Exercise"
2012,"David Sagitovich Belyavsky","Russia","Gymnastics","Gymnastics Men's Parallel Bars"
2012,"David Sagitovich Belyavsky","Russia","Gymnastics","Gymnastics Men's Horizontal Bar"
2012,"David Sagitovich Belyavsky","Russia","Gymnastics","Gymnastics Men's Rings"
2012,"David Sagitovich Belyavsky","Russia","Gymnastics","Gymnastics Men's Pommelled Horse"
2012,"Olga Yevgenyevna Belyayeva","Russia","Water Polo","Water Polo Women's Water Polo"
2012,"Amira Ben Amor","Tunisia","Athletics","Athletics Women's Marathon"
2012,"Amira Ben Chaabane","Tunisia","Fencing","Fencing Women's Sabre, Individual"
2012,"Mehdi Ben Cheikh","Tunisia","Volleyball","Volleyball Men's Volleyball"
2012,"Khaoula Ben Hamza","Tunisia","Taekwondo","Taekwondo Women's Heavyweight"
2012,"Bilel Ben Hassine","Tunisia","Volleyball","Volleyball Men's Volleyball"
2012,"Afef Ben Ismail","Tunisia","Canoeing","Canoeing Women's Kayak Singles, 200 metres"
2012,"Afef Ben Ismail","Tunisia","Canoeing","Canoeing Women's Kayak Singles, 500 metres"
2012,"Makram Ben Romdhane","Tunisia","Basketball","Basketball Men's Basketball"
2012,"Mohamed Ben Slimane","Tunisia","Volleyball","Volleyball Men's Volleyball"
2012,"Amor Ben Yahia","Tunisia","Athletics","Athletics Men's 3,000 metres Steeplechase"
2012,"Diego Orlando Benaglio","Switzerland","Football","Football Men's Football"
2012,"Tarek Aziz Benaissa","Algeria","Wrestling","Wrestling Men's Lightweight, Greco-Roman"
2012,"Maximilian Benassi","Italy","Canoeing","Canoeing Men's Kayak Singles, 1,000 metres"
2012,"Alfonso Benavides Lpez de Ayala","Spain","Canoeing","Canoeing Men's Canadian Singles, 200 metres"
2012,"Abdelhafid Benchabla","Algeria","Boxing","Boxing Men's Light-Heavyweight"
2012,"Jos Reynaldo Bencosme de Leon","Italy","Athletics","Athletics Men's 400 metres Hurdles"
2012,"Michele Benedetti","Italy","Diving","Diving Men's Springboard"
2012,"Nicola Benedetti","Italy","Modern Pentathlon","Modern Pentathlon Men's Individual"
2012,"Petr Bene","Czech Republic","Beach Volleyball","Beach Volleyball Men's Beach Volleyball"
2012,"Meaghan Benfeito","Canada","Diving","Diving Women's Platform"
2012,"Meaghan Benfeito","Canada","Diving","Diving Women's Synchronized Platform"
2012,"Jerry Ricardo Bengtson Bodden","Honduras","Football","Football Men's Football"
2012,"Angelica Therese Bengtsson","Sweden","Athletics","Athletics Women's Pole Vault"
2012,"Rolf-Gran Bengtsson","Sweden","Equestrianism","Equestrianism Mixed Jumping, Individual"
2012,"Rolf-Gran Bengtsson","Sweden","Equestrianism","Equestrianism Mixed Jumping, Team"
2012,"Rosalie Bni Tano","Cote d'Ivoire","Wrestling","Wrestling Women's Flyweight, Freestyle"
2012,"Alejandra Jhonay de Jess Bentez Romero","Venezuela","Fencing","Fencing Women's Sabre, Individual"
2012,"Jenifer del Carmen Bentez Bentez","Spain","Diving","Diving Women's Springboard"
2012,"Alexia Pamela Bentez Quijada","El Salvador","Swimming","Swimming Women's 800 metres Freestyle"
2012,"Barbara Benk","Hungary","Cycling","Cycling Women's Mountainbike, Cross-Country"
2012,"Julien Benneteau","France","Tennis","Tennis Men's Singles"
2012,"Julien Benneteau","France-2","Tennis","Tennis Men's Doubles"
2012,"Laura Marie Bennett (Reback-)","United States","Triathlon","Triathlon Women's Olympic Distance"
2012,"Ronald Roosevelt Bennett Martnez","Honduras","Athletics","Athletics Men's 110 metres Hurdles"
2012,"Hawley Bennett-Awad","Canada","Equestrianism","Equestrianism Mixed Three-Day Event, Individual"
2012,"Hawley Bennett-Awad","Canada","Equestrianism","Equestrianism Mixed Three-Day Event, Team"
2012,"Zohra Bensalem","Algeria","Volleyball","Volleyball Women's Volleyball"
2012,"Craig Harry Benson","Great Britain","Swimming","Swimming Men's 100 metres Breaststroke"
2012,"Craig Harry Benson","Great Britain","Swimming","Swimming Men's 4 x 100 metres Medley Relay"
2012,"Anna Bentley","Great Britain","Fencing","Fencing Women's Foil, Individual"
2012,"Anna Bentley","Great Britain","Fencing","Fencing Women's Foil, Team"
2012,"Allan Hundstrup Bentsen","Denmark","Table Tennis","Table Tennis Men's Singles"
2012,"Pierre-Yves Bny","France","Gymnastics","Gymnastics Men's Team All-Around"
2012,"Pierre-Yves Bny","France","Gymnastics","Gymnastics Men's Floor Exercise"
2012,"Pierre-Yves Bny","France","Gymnastics","Gymnastics Men's Parallel Bars"
2012,"Pierre-Yves Bny","France","Gymnastics","Gymnastics Men's Rings"
2012,"Pierre-Yves Bny","France","Gymnastics","Gymnastics Men's Pommelled Horse"
2012,"Fumiyuki Beppu","Japan","Cycling","Cycling Men's Road Race, Individual"
2012,"Fumiyuki Beppu","Japan","Cycling","Cycling Men's Individual Time Trial"
2012,"Marius Daniel Berbecar","Romania","Gymnastics","Gymnastics Men's Team All-Around"
2012,"Marius Daniel Berbecar","Romania","Gymnastics","Gymnastics Men's Parallel Bars"
2012,"Marius Daniel Berbecar","Romania","Gymnastics","Gymnastics Men's Horizontal Bar"
2012,"Marius Daniel Berbecar","Romania","Gymnastics","Gymnastics Men's Rings"
2012,"Marius Daniel Berbecar","Romania","Gymnastics","Gymnastics Men's Pommelled Horse"
2012,"Oleg Berdos","Moldova","Cycling","Cycling Men's Road Race, Individual"
2012,"Tom Berdych","Czech Republic","Tennis","Tennis Men's Singles"
2012,"Tom Berdych","Czech Republic","Tennis","Tennis Men's Doubles"
2012,"Zsombor Berecz","Hungary","Sailing","Sailing Men's One Person Dinghy"
2012,"Richard ""Ricky"" Berens","United States","Swimming","Swimming Men's 200 metres Freestyle"
2012,"Richard ""Ricky"" Berens","United States","Swimming","Swimming Men's 4 x 100 metres Freestyle Relay"
2012,"Richard ""Ricky"" Berens","United States","Swimming","Swimming Men's 4 x 200 metres Freestyle Relay"
2012,"Olha Oleksandrivna Beresneva","Ukraine","Swimming","Swimming Women's 10 kilometres Open Water"
2012,"Katarna Bereov","Slovakia","Athletics","Athletics Women's Marathon"
2012,"Yury Viktorovich Berezhko","Russia","Volleyball","Volleyball Men's Volleyball"
2012,"Jana Berezko-Marggrander","Germany","Rhythmic Gymnastics","Rhythmic Gymnastics Women's Individual"
2012,"Lindsey Napela Berg","United States","Volleyball","Volleyball Women's Volleyball"
2012,"Zakarya Bergdich","Morocco","Football","Football Men's Football"
2012,"Stig Andr Berge","Norway","Wrestling","Wrestling Men's Lightweight, Greco-Roman"
2012,"Gabriel ""Gabe"" Bergen","Canada","Rowing","Rowing Men's Coxed Eights"
2012,"Janine Berger","Germany","Gymnastics","Gymnastics Women's Team All-Around"
2012,"Janine Berger","Germany","Gymnastics","Gymnastics Women's Floor Exercise"
2012,"Janine Berger","Germany","Gymnastics","Gymnastics Women's Horse Vault"
2012,"Janine Berger","Germany","Gymnastics","Gymnastics Women's Uneven Bars"
2012,"Jere Petrud Bergius","Finland","Athletics","Athletics Men's Pole Vault"
2012,"Emma Sofia Berglund","Sweden","Football","Football Women's Football"
2012,"Ignacio Ricardo Bergner","Argentina","Hockey","Hockey Men's Hockey"
2012,"Zuzana Bergrov","Czech Republic","Athletics","Athletics Women's 4 x 400 metres Relay"
2012,"Denys Yuriyovych Berinchyk","Ukraine","Boxing","Boxing Men's Light-Welterweight"
2012,"Eline Berings","Belgium","Athletics","Athletics Women's 100 metres Hurdles"
2012,"Lobke Berkhout","Netherlands","Sailing","Sailing Women's Two Person Dinghy"
2012,"Krisztin Berki","Hungary","Gymnastics","Gymnastics Men's Pommelled Horse"
2012,"Rudolf Berking-Williams","Samoa","Canoeing","Canoeing Men's Canadian Singles, 200 metres"
2012,"Rudolf Berking-Williams","Samoa","Canoeing","Canoeing Men's Canadian Singles, 1,000 metres"
2012,"Carlos Alberto Berlocq","Argentina","Tennis","Tennis Men's Singles"
2012,"Yanet Bermoy Acosta","Cuba","Judo","Judo Women's Half-Lightweight"
2012,"Patricia Alejandra Bermdez","Argentina","Wrestling","Wrestling Women's Flyweight, Freestyle"
2012,"Carlos Andrs Berna Gonzlez","Colombia","Weightlifting","Weightlifting Men's Bantamweight"
2012,"Antonio ""Toni"" Bernad Planas","Andorra","Athletics","Athletics Men's Marathon"
2012,"Pablo Aitor Bernal Rosique","Spain","Cycling","Cycling Men's Team Pursuit, 4,000 metres"
2012,"Alain Andr Louis Edmond Bernard","France","Swimming","Swimming Men's 4 x 100 metres Freestyle Relay"
2012,"Ali Sue Bernard","United States","Wrestling","Wrestling Women's Heavyweight, Freestyle"
2012,"Neisha Bernard-Thomas","Grenada","Athletics","Athletics Women's 800 metres"
2012,"Jeimy Julissa Bernrdez Santos","Honduras","Athletics","Athletics Women's 100 metres Hurdles"
2012,"Natlia Maria Bernardo","Angola","Handball","Handball Women's Handball"
2012,"Soa Bernardov","Czech Republic","Synchronized Swimming","Synchronized Swimming Women's Duet"
2012,"Miosz Bernatajtys","Poland","Rowing","Rowing Men's Lightweight Coxless Fours"
2012,"Jean-Baptiste Bernaz","France","Sailing","Sailing Men's One Person Dinghy"
2012,"Pter Bernek","Hungary","Swimming","Swimming Men's 4 x 100 metres Freestyle Relay"
2012,"Pter Bernek","Hungary","Swimming","Swimming Men's 4 x 200 metres Freestyle Relay"
2012,"Pter Bernek","Hungary","Swimming","Swimming Men's 200 metres Backstroke"
2012,"Juozas Bernotas","Lithuania","Sailing","Sailing Men's Windsurfer"
2012,"Cdric Berrest","France","Rowing","Rowing Men's Double Sculls"
2012,"Maria Catherine Bertelli","Great Britain","Volleyball","Volleyball Women's Volleyball"
2012,"Sara Bertolasi","Italy","Rowing","Rowing Women's Coxless Pairs"
2012,"Elodie Bertrand","France","Sailing","Sailing Women's Three Person Keelboat"
2012,"Ryan Dominic Bertrand","Great Britain","Football","Football Men's Football"
2012,"Annemieke Marileen Bes","Netherlands","Sailing","Sailing Women's Three Person Keelboat"
2012,"Azza Besbes","Tunisia","Fencing","Fencing Women's Sabre, Individual"
2012,"Sarra Besbes","Tunisia","Fencing","Fencing Women's epee, Individual"
2012,"Irina Nikolayevna Bespalova","Russia","Swimming","Swimming Women's 100 metres Butterfly"
2012,"Irina Nikolayevna Bespalova","Russia","Swimming","Swimming Women's 4 x 100 metres Medley Relay"
2012,"Mariya Aleksandrovna Bespalova","Russia","Athletics","Athletics Women's Hammer Throw"
2012,"Mara Gabriela Best Palazzolo","Argentina","Rowing","Rowing Women's Coxless Pairs"
2012,"Ana Tala Betancour David","Colombia","Wrestling","Wrestling Women's Heavyweight, Freestyle"
2012,"Berta Betanzos Moro","Spain","Sailing","Sailing Women's Two Person Dinghy"
2012,"Yoandri Betanzos Francis","Cuba","Athletics","Athletics Men's Triple Jump"
2012,"Artur Asilbekovich Beterbiyev","Russia","Boxing","Boxing Men's Heavyweight"
2012,"Charles Edward ""Chas"" Betts","United States","Wrestling","Wrestling Men's Light-Heavyweight, Greco-Roman"
2012,"Samuel Ryan ""Sam"" Bewley","New Zealand","Cycling","Cycling Men's Team Pursuit, 4,000 metres"
2012,"Simon Beyeler","Switzerland","Shooting","Shooting Men's Air Rifle, 10 metres"
2012,"Simon Beyeler","Switzerland","Shooting","Shooting Men's Small-Bore Rifle, Three Positions, 50 metres"
2012,"Ariane ""Bby"" Beyene","Cameroon","Football","Football Women's Football"
2012,"Jamie Lynn Beyerle-Gray (-Corkish)","United States","Shooting","Shooting Women's Air Rifle, 10 metres"
2012,"Jamie Lynn Beyerle-Gray (-Corkish)","United States","Shooting","Shooting Women's Small-Bore Rifle, Three Positions, 50 metres"
2012,"Ura Bean","Slovenia","Swimming","Swimming Women's 4 x 200 metres Freestyle Relay"
2012,"Serhiy Oleksandrovych Bezuhliy","Azerbaijan","Canoeing","Canoeing Men's Canadian Doubles, 1,000 metres"
2012,"Nenad Beik","Serbia","Rowing","Rowing Men's Coxless Pairs"
2012,"Jai Bhagwan","India","Boxing","Boxing Men's Lightweight"
2012,"Arjan Singh Bhullar","Canada","Wrestling","Wrestling Men's Super-Heavyweight, Freestyle"
2012,"Mahesh Shrinivas Bhupathi","India-1","Tennis","Tennis Men's Doubles"
2012,"Muhammad Umar Bhutta","Pakistan","Hockey","Hockey Men's Hockey"
2012,"Cecilia Elizabeth Biagioli","Argentina","Swimming","Swimming Women's 800 metres Freestyle"
2012,"Cecilia Elizabeth Biagioli","Argentina","Swimming","Swimming Women's 10 kilometres Open Water"
2012,"Ilaria Bianchi","Italy","Swimming","Swimming Women's 100 metres Butterfly"
2012,"Ilaria Bianchi","Italy","Swimming","Swimming Women's 4 x 100 metres Medley Relay"
2012,"Roberta Bianconi","Italy","Water Polo","Water Polo Women's Water Polo"
2012,"Aude Biannic","France","Cycling","Cycling Women's Road Race, Individual"
2012,"Damir Biani","Croatia","Handball","Handball Men's Handball"
2012,"Nora Ada Bicet Juan","Spain","Athletics","Athletics Women's Javelin Throw"
2012,"Bence Bicz","Hungary","Swimming","Swimming Men's 200 metres Butterfly"
2012,"Walid Bidani","Algeria","Weightlifting","Weightlifting Men's Heavyweight"
2012,"Soufiane Bidaoui","Morocco","Football","Football Men's Football"
2012,"Mohammad Bidarian","Iran","Swimming","Swimming Men's 100 metres Freestyle"
2012,"Paul Biedermann","Germany","Swimming","Swimming Men's 200 metres Freestyle"
2012,"Paul Biedermann","Germany","Swimming","Swimming Men's 400 metres Freestyle"
2012,"Paul Biedermann","Germany","Swimming","Swimming Men's 4 x 200 metres Freestyle Relay"
2012,"Graham Porter Biehl","United States","Sailing","Sailing Men's Two Person Dinghy"
2012,"Maciej Bielecki","Poland","Cycling","Cycling Men's Team Sprint"
2012,"Quentin Bigot","France","Athletics","Athletics Men's Hammer Throw"
2012,"Erol Bilgin","Turkey","Weightlifting","Weightlifting Men's Featherweight"
2012,"Rahman Bilici","Turkey","Wrestling","Wrestling Men's Lightweight, Greco-Roman"
2012,"Ricardo ""Bimba"" Winicki Santos","Brazil","Sailing","Sailing Men's Windsurfer"
2012,"Mira Bimperling","Germany","Rhythmic Gymnastics","Rhythmic Gymnastics Women's Group"
2012,"Mete Binay","Turkey","Weightlifting","Weightlifting Men's Lightweight"
2012,"Jenny Lynn Bindon (Bourn-)","New Zealand","Football","Football Women's Football"
2012,"Abhinav Bindra","India","Shooting","Shooting Men's Air Rifle, 10 metres"
2012,"Karsten Bindrich","Germany","Shooting","Shooting Men's Trap"
2012,"Wilfried Bingangoye","Gabon","Athletics","Athletics Men's 100 metres"
2012,"Amanda Yvette Bingson","United States","Athletics","Athletics Women's Hammer Throw"
2012,"Beni Bertrand Binobagira","Burundi","Swimming","Swimming Men's 100 metres Freestyle"
2012,"Joshua ""Josh"" Binstock","Canada","Beach Volleyball","Beach Volleyball Men's Beach Volleyball"
2012,"Emanuele Birarelli","Italy","Volleyball","Volleyball Men's Volleyball"
2012,"Roxana Elisabeta Brc","Romania","Athletics","Athletics Women's 5,000 metres"
2012,"Stephen Bird","Australia","Canoeing","Canoeing Men's Kayak Doubles, 200 metres"
2012,"Suzanne Brigit ""Sue"" Bird","United States","Basketball","Basketball Women's Basketball"
2012,"Bjrn Daniel Birgmark","Sweden","Sailing","Sailing Men's One Person Heavyweight Dinghy"
2012,"Collis Birmingham","Australia","Athletics","Athletics Men's 5,000 metres"
2012,"Pter Biros","Hungary","Water Polo","Water Polo Men's Water Polo"
2012,"Ole Bischof","Germany","Judo","Judo Men's Half-Middleweight"
2012,"Ibrahim Hani Bisharat","Jordan","Equestrianism","Equestrianism Mixed Jumping, Individual"
2012,"Bishindeegiin Urantungalag","Mongolia","Archery","Archery Women's Individual"
2012,"Abby Bishop","Australia","Basketball","Basketball Women's Basketball"
2012,"Melissa Corrine Bishop","Canada","Athletics","Athletics Women's 800 metres"
2012,"Stuart Bithell","Great Britain","Sailing","Sailing Men's Two Person Dinghy"
2012,"Christine Louise Bjerendal","Sweden","Archery","Archery Women's Individual"
2012,"Tyler Bjorn","Canada","Sailing","Sailing Men's Two Person Keelboat"
2012,"Elsabeth ""Ellie"" Black","Canada","Gymnastics","Gymnastics Women's Team All-Around"
2012,"Elsabeth ""Ellie"" Black","Canada","Gymnastics","Gymnastics Women's Floor Exercise"
2012,"Elsabeth ""Ellie"" Black","Canada","Gymnastics","Gymnastics Women's Horse Vault"
2012,"Elsabeth ""Ellie"" Black","Canada","Gymnastics","Gymnastics Women's Balance Beam"
2012,"Alicia Jane Blagg","Great Britain","Diving","Diving Women's Synchronized Springboard"
2012,"Jelena Blagojevi","Serbia","Volleyball","Volleyball Women's Volleyball"
2012,"Yohan Blake","Jamaica","Athletics","Athletics Men's 100 metres"
2012,"Yohan Blake","Jamaica","Athletics","Athletics Men's 200 metres"
2012,"Yohan Blake","Jamaica","Athletics","Athletics Men's 4 x 100 metres Relay"
2012,"Elisa Blanchi","Italy","Rhythmic Gymnastics","Rhythmic Gymnastics Women's Group"
2012,"Cecilia Blanco Garca","Spain","Judo","Judo Women's Middleweight"
2012,"Giovanna Jos Blanco Bazon","Venezuela","Judo","Judo Women's Heavyweight"
2012,"Oiana Blanco Echevarra","Spain","Judo","Judo Women's Extra-Lightweight"
2012,"Andrea Blas Martnez","Spain","Water Polo","Water Polo Women's Water Polo"
2012,"Ricardo Blas, Jr.","Guam","Judo","Judo Men's Heavyweight"
2012,"Anita Blaze","France","Fencing","Fencing Women's Foil, Team"
2012,"Marko Blaevski","Macedonia","Swimming","Swimming Men's 400 metres Individual Medley"
2012,"Julia Helen Bleasdale","Great Britain","Athletics","Athletics Women's 5,000 metres"
2012,"Julia Helen Bleasdale","Great Britain","Athletics","Athletics Women's 10,000 metres"
2012,"Holly Bethan Bleasdale-Bradshaw","Great Britain","Athletics","Athletics Women's Pole Vault"
2012,"Keston Bledman","Trinidad and Tobago","Athletics","Athletics Men's 100 metres"
2012,"Keston Bledman","Trinidad and Tobago","Athletics","Athletics Men's 4 x 100 metres Relay"
2012,"Kasper Bleibach","Denmark","Canoeing","Canoeing Men's Kayak Singles, 200 metres"
2012,"Kasper Bleibach","Denmark","Canoeing","Canoeing Men's Kayak Fours, 1,000 metres"
2012,"Rogier Blink","Netherlands","Rowing","Rowing Men's Coxed Eights"
2012,"Irina Valeryevna Bliznova","Russia","Handball","Handball Women's Handball"
2012,"Anastasiya Ilyinichna Bliznyuk","Russia","Rhythmic Gymnastics","Rhythmic Gymnastics Women's Group"
2012,"Artem Oleksiyovych Bloshenko","Ukraine","Judo","Judo Men's Half-Heavyweight"
2012,"Mlanie Blouin","Canada","Athletics","Athletics Women's Pole Vault"
2012,"Olga Yevgenyevna Bludova-Safronova","Kazakhstan","Athletics","Athletics Women's 100 metres"
2012,"Daniel Bluman Doron","Colombia","Equestrianism","Equestrianism Mixed Jumping, Individual"
2012,"Pernille Blume","Denmark","Swimming","Swimming Women's 50 metres Freestyle"
2012,"Pernille Blume","Denmark","Swimming","Swimming Women's 100 metres Freestyle"
2012,"Pernille Blume","Denmark","Swimming","Swimming Women's 200 metres Freestyle"
2012,"Pernille Blume","Denmark","Swimming","Swimming Women's 4 x 100 metres Freestyle Relay"
2012,"Pernille Blume","Denmark","Swimming","Swimming Women's 4 x 100 metres Medley Relay"
2012,"Madonna Blyth","Australia","Hockey","Hockey Women's Hockey"
2012,"Eric Yamoah Boateng","Great Britain","Basketball","Basketball Men's Basketball"
2012,"Ancua Bobocel","Romania","Athletics","Athletics Women's 3,000 metres Steeplechase"
2012,"Mihai Razvan Bobocica","Italy","Table Tennis","Table Tennis Men's Singles"
2012,"Jack Bobridge","Australia","Cycling","Cycling Men's Team Pursuit, 4,000 metres"
2012,"Gauthier Boccard","Belgium","Hockey","Hockey Men's Hockey"
2012,"Yelyzaveta Valerivna Bochkarova","Ukraine","Cycling","Cycling Women's Team Pursuit"
2012,"Dorina Bczg","Hungary","Gymnastics","Gymnastics Women's Individual All-Around"
2012,"Dorina Bczg","Hungary","Gymnastics","Gymnastics Women's Floor Exercise"
2012,"Dorina Bczg","Hungary","Gymnastics","Gymnastics Women's Horse Vault"
2012,"Dorina Bczg","Hungary","Gymnastics","Gymnastics Women's Uneven Bars"
2012,"Dorina Bczg","Hungary","Gymnastics","Gymnastics Women's Balance Beam"
2012,"Lauren Boden-Wells","Australia","Athletics","Athletics Women's 400 metres Hurdles"
2012,"Maciej Bodnar","Poland","Cycling","Cycling Men's Road Race, Individual"
2012,"Maciej Bodnar","Poland","Cycling","Cycling Men's Individual Time Trial"
2012,"Lyudmila Valeryevna Bodniyeva","Russia","Handball","Handball Women's Handball"
2012,"Mathias Boe","Denmark","Badminton","Badminton Men's Doubles"
2012,"Lasse Motzkus Boesen","Denmark","Handball","Handball Men's Handball"
2012,"Sylwia Katarzyna Bogacka","Poland","Shooting","Shooting Women's Air Rifle, 10 metres"
2012,"Sylwia Katarzyna Bogacka","Poland","Shooting","Shooting Women's Small-Bore Rifle, Three Positions, 50 metres"
2012,"Aleksandr Viktorovich Bogdanovich","Belarus","Canoeing","Canoeing Men's Canadian Doubles, 1,000 metres"
2012,"Andrey Viktorovich Bogdanovich","Belarus","Canoeing","Canoeing Men's Canadian Doubles, 1,000 metres"
2012,"Chiara Boggiatto","Italy","Swimming","Swimming Women's 200 metres Breaststroke"
2012,"Richrd Bognr","Hungary","Shooting","Shooting Men's Double Trap"
2012,"Aleksandr Aleksandrovich ""Alex"" Bogomolov, Jr.","Russia","Tennis","Tennis Men's Singles"
2012,"Marcus Bhme","Germany","Volleyball","Volleyball Men's Volleyball"
2012,"Richrd Bohus","Hungary","Swimming","Swimming Men's 100 metres Backstroke"
2012,"Susanne Boidin","Denmark","Sailing","Sailing Women's Three Person Keelboat"
2012,"Dmytro Boiko","Ukraine","Fencing","Fencing Men's Sabre, Individual"
2012,"Aauri Lorena Bokesa Abia","Spain","Athletics","Athletics Women's 400 metres"
2012,"Yannick Bokolo","France","Basketball","Basketball Men's Basketball"
2012,"Timur Bolat","Kazakhstan","Judo","Judo Men's Middleweight"
2012,"Grega Bole","Slovenia","Cycling","Cycling Men's Road Race, Individual"
2012,"Irak'li Bolkvadze","Georgia","Swimming","Swimming Men's 200 metres Breaststroke"
2012,"Timo Boll","Germany","Table Tennis","Table Tennis Men's Singles"
2012,"Timo Boll","Germany","Table Tennis","Table Tennis Men's Team"
2012,"Flra Bolonyai","Hungary","Water Polo","Water Polo Women's Water Polo"
2012,"Sergey Vladimirovich Bolshakov","Russia","Swimming","Swimming Men's 10 kilometres Open Water"
2012,"Svetlana Bolshakova","Belgium","Athletics","Athletics Women's Triple Jump"
2012,"Usain St. Leo Bolt","Jamaica","Athletics","Athletics Men's 100 metres"
2012,"Usain St. Leo Bolt","Jamaica","Athletics","Athletics Men's 200 metres"
2012,"Usain St. Leo Bolt","Jamaica","Athletics","Athletics Men's 4 x 100 metres Relay"
2012,"Sinivie Boltic","Nigeria","Wrestling","Wrestling Men's Heavyweight, Freestyle"
2012,"brahim Blkba","Turkey","Wrestling","Wrestling Men's Light-Heavyweight, Freestyle"
2012,"Sarah Joan Bombell","Australia","Synchronized Swimming","Synchronized Swimming Women's Duet"
2012,"Sarah Joan Bombell","Australia","Synchronized Swimming","Synchronized Swimming Women's Team"
2012,"Sonia Bompastor","France","Football","Football Women's Football"
2012,"Hamish Byron Bond","New Zealand","Rowing","Rowing Men's Coxless Pairs"
2012,"Louise Frances V. Bond-Williams","Great Britain","Fencing","Fencing Women's Sabre, Individual"
2012,"Oleksandr Igorovych Bondar","Ukraine","Diving","Diving Men's Platform"
2012,"Oleksandr Igorovych Bondar","Ukraine","Diving","Diving Men's Synchronized Platform"
2012,"Bohdan Viktorovych Bondarenko","Ukraine","Athletics","Athletics Men's High Jump"
2012,"Kateryna Volodymyrivna Bondarenko","Ukraine","Tennis","Tennis Women's Singles"
2012,"Stanislav Valeriyovych Bondarenko","Ukraine","Judo","Judo Men's Heavyweight"
2012,"Roman Romanovych Bondaruk","Ukraine","Shooting","Shooting Men's Rapid-Fire Pistol, 25 metres"
2012,"Marianne Bonde Pedersen","Denmark","Handball","Handball Women's Handball"
2012,"Antoaneta Nikolaeva Boneva","Bulgaria","Shooting","Shooting Women's Air Pistol, 10 metres"
2012,"Antoaneta Nikolaeva Boneva","Bulgaria","Shooting","Shooting Women's Sporting Pistol, 25 metres"
2012,"Liemarvin Bonevacia","Individual Olympic Athletes","Athletics","Athletics Men's 400 metres"
2012,"Elena Maria Bonfanti","Italy","Athletics","Athletics Women's 4 x 400 metres Relay"
2012,"Caio Oliveira de Sena Bonfim","Brazil","Athletics","Athletics Men's 20 kilometres Walk"
2012,"Dante Boninfante","Italy","Volleyball","Volleyball Men's Volleyball"
2012,"Bartomiej Wojciech Bonk","Poland","Weightlifting","Weightlifting Men's Heavyweight"
2012,"Daisurami Bonne Rousseau","Cuba","Athletics","Athletics Women's 4 x 400 metres Relay"
2012,"Yowlys Bonne Rodrguez","Cuba","Wrestling","Wrestling Men's Lightweight, Freestyle"
2012,"Charlotte Bonnet","France","Swimming","Swimming Women's 100 metres Freestyle"
2012,"Charlotte Bonnet","France","Swimming","Swimming Women's 4 x 200 metres Freestyle Relay"
2012,"Charlotte Bonnet","France","Swimming","Swimming Women's 4 x 100 metres Medley Relay"
2012,"Rohan Bopanna","India-1","Tennis","Tennis Men's Doubles"
2012,"Georgia Bonora","Australia","Gymnastics","Gymnastics Women's Team All-Around"
2012,"Georgia Bonora","Australia","Gymnastics","Gymnastics Women's Uneven Bars"
2012,"Georgia Bonora","Australia","Gymnastics","Gymnastics Women's Balance Beam"
2012,"Julien Bontemps","France","Sailing","Sailing Men's Windsurfer"
2012,"Lars Anthonius Johannes Boom","Netherlands","Cycling","Cycling Men's Road Race, Individual"
2012,"Lars Anthonius Johannes Boom","Netherlands","Cycling","Cycling Men's Individual Time Trial"
2012,"Jill Boon","Belgium","Hockey","Hockey Women's Hockey"
2012,"Tom Boon","Belgium","Hockey","Hockey Men's Hockey"
2012,"Tom Boonen","Belgium","Cycling","Cycling Men's Road Race, Individual"
2012,"Ek Boonsawad","Thailand","Sailing","Sailing Men's Windsurfer"
2012,"Wanida Boonwan","Thailand","Athletics","Athletics Women's High Jump"
2012,"Joshua ""Josh"" Booth","Australia","Rowing","Rowing Men's Coxed Eights"
2012,"Rachel Kristine Bootsma","United States","Swimming","Swimming Women's 100 metres Backstroke"
2012,"Rachel Kristine Bootsma","United States","Swimming","Swimming Women's 4 x 100 metres Medley Relay"
2012,"Rasul Boqiev","Tajikistan","Judo","Judo Men's Lightweight"
2012,"Barna Bor","Hungary","Judo","Judo Men's Heavyweight"
2012,"Kjetil Borch","Norway","Rowing","Rowing Men's Double Sculls"
2012,"Valeriy Viktorovich Borchin","Russia","Athletics","Athletics Men's 20 kilometres Walk"
2012,"Yannick Philippe Andr Borel","France","Fencing","Fencing Men's epee, Individual"
2012,"Cleopatra Ayesha Borel-Brown","Trinidad and Tobago","Athletics","Athletics Women's Shot Put"
2012,"Diane Borg","Malta","Athletics","Athletics Women's 100 metres"
2012,"Lzaro Eduardo Borges Ried","Cuba","Athletics","Athletics Men's Pole Vault"
2012,"Sergey Vladimirovich Borisov","Russia","Cycling","Cycling Men's Keirin"
2012,"Sergey Vladimirovich Borisov","Russia","Cycling","Cycling Men's Team Sprint"
2012,"Jonathan Borle","Belgium","Athletics","Athletics Men's 400 metres"
2012,"Jonathan Borle","Belgium","Athletics","Athletics Men's 4 x 400 metres Relay"
2012,"Kvin Borle","Belgium","Athletics","Athletics Men's 400 metres"
2012,"Kvin Borle","Belgium","Athletics","Athletics Men's 4 x 400 metres Relay"
2012,"Yaneisi Borlot Simn","Cuba","Athletics","Athletics Women's 4 x 400 metres Relay"
2012,"Brittany Borman","United States","Athletics","Athletics Women's Javelin Throw"
2012,"Mariya Vladimirovna Borodakova-Borisenko","Russia","Volleyball","Volleyball Women's Volleyball"
2012,"Jevgijs Borodavko","Latvia","Judo","Judo Men's Half-Heavyweight"
2012,"Noel Borshi","Albania","Swimming","Swimming Women's 100 metres Butterfly"
2012,"Jrme Bortoluzzi","France","Athletics","Athletics Men's Hammer Throw"
2012,"Oleksiy Viktorovych Borysov","Ukraine","Sailing","Sailing Men's One Person Heavyweight Dinghy"
2012,"Ihor Viktorovych Borysyk","Ukraine","Swimming","Swimming Men's 200 metres Breaststroke"
2012,"Yury Mikhaylovich Borzakovsky","Russia","Athletics","Athletics Men's 800 metres"
2012,"Yuliya Borzova","Uzbekistan","Canoeing","Canoeing Women's Kayak Singles, 200 metres"
2012,"Yuliya Borzova","Uzbekistan","Canoeing","Canoeing Women's Kayak Singles, 500 metres"
2012,"Marcelien Bos-de Koning","Netherlands","Sailing","Sailing Women's Three Person Keelboat"
2012,"Edith Bosch","Netherlands","Judo","Judo Women's Middleweight"
2012,"Caterina Chiara Bosetti","Italy","Volleyball","Volleyball Women's Volleyball"
2012,"Lucia Bosetti","Italy","Volleyball","Volleyball Women's Volleyball"
2012,"Miho Bokovi","Croatia","Water Polo","Water Polo Men's Water Polo"
2012,"Vanessa Boslak","France","Athletics","Athletics Women's Pole Vault"
2012,"Matilda Linna Boson","Sweden","Handball","Handball Women's Handball"
2012,"Branger Aymard Bosse","Central African Republic","Athletics","Athletics Men's 100 metres"
2012,"Pierre-Ambroise Bosse","France","Athletics","Athletics Men's 800 metres"
2012,"Isaac Botella Prez de Landazabal","Spain","Gymnastics","Gymnastics Men's Team All-Around"
2012,"Isaac Botella Prez de Landazabal","Spain","Gymnastics","Gymnastics Men's Floor Exercise"
2012,"Isaac Botella Prez de Landazabal","Spain","Gymnastics","Gymnastics Men's Horse Vault"
2012,"Isaac Botella Prez de Landazabal","Spain","Gymnastics","Gymnastics Men's Pommelled Horse"
2012,"Alberto Toms Bota Rabasco","Spain","Football","Football Men's Football"
2012,"Joachim Bottieau","Belgium","Judo","Judo Men's Half-Middleweight"
2012,"Kaltoum Bouaasayriya","Morocco","Athletics","Athletics Women's 3,000 metres Steeplechase"
2012,"Wajdi Bouallgue","Tunisia","Gymnastics","Gymnastics Men's Floor Exercise"
2012,"Ins Boubakri","Tunisia","Fencing","Fencing Women's Foil, Individual"
2012,"Carl Bouckaert","Belgium","Equestrianism","Equestrianism Mixed Three-Day Event, Individual"
2012,"Carl Bouckaert","Belgium","Equestrianism","Equestrianism Mixed Three-Day Event, Team"
2012,"David Alasdair Boudia","United States","Diving","Diving Men's Platform"
2012,"David Alasdair Boudia","United States","Diving","Diving Men's Synchronized Platform"
2012,"Marie-Pierre Boudreau-Gagnon","Canada","Synchronized Swimming","Synchronized Swimming Women's Duet"
2012,"Marie-Pierre Boudreau-Gagnon","Canada","Synchronized Swimming","Synchronized Swimming Women's Team"
2012,"Oussama Al-Boughanmi","Tunisia","Handball","Handball Men's Handball"
2012,"Sarah Bouhaddi","France","Football","Football Women's Football"
2012,"David Sylvre Patrick Boui","Central African Republic","Taekwondo","Taekwondo Men's Featherweight"
2012,"Safia Boukhima","Algeria","Volleyball","Volleyball Women's Volleyball"
2012,"Ioulieta Boukouvala","Greece","Judo","Judo Women's Lightweight"
2012,"Benjamin Kudjow Thomas Boukpeti","Togo","Canoeing","Canoeing Men's Kayak Singles, Slalom"
2012,"Laure Pascale Boulleau","France","Football","Football Women's Football"
2012,"Chouaib Bouloudinats","Algeria","Boxing","Boxing Men's Heavyweight"
2012,"Mira Boumejmajen","France","Gymnastics","Gymnastics Women's Team All-Around"
2012,"Mira Boumejmajen","France","Gymnastics","Gymnastics Women's Floor Exercise"
2012,"Mira Boumejmajen","France","Gymnastics","Gymnastics Women's Uneven Bars"
2012,"Mira Boumejmajen","France","Gymnastics","Gymnastics Women's Balance Beam"
2012,"Soufiyan Bouqantar","Morocco","Athletics","Athletics Men's 5,000 metres"
2012,"Abderrahhime Bouramdane","Morocco","Athletics","Athletics Men's Marathon"
2012,"Mickal Stphane Bourgain","France","Cycling","Cycling Men's Road Race, Individual"
2012,"Mickal Stphane Bourgain","France","Cycling","Cycling Men's Keirin"
2012,"Celia Bourihane","Algeria","Volleyball","Volleyball Women's Volleyball"
2012,"Fiona ""Fi"" Bourke","New Zealand","Rowing","Rowing Women's Quadruple Sculls"
2012,"Cdric Boussoughou Mabikou","Gabon","Football","Football Men's Football"
2012,"Fanny Bouvet","France","Diving","Diving Women's Springboard"
2012,"Carline Bouw","Netherlands","Rowing","Rowing Women's Coxed Eights"
2012,"Marit Bouwmeester","Netherlands","Sailing","Sailing Women's One Person Dinghy"
2012,"Alexandre Bouzaid","Senegal","Fencing","Fencing Men's epee, Individual"
2012,"George Richard Lycott Bovell","Trinidad and Tobago","Swimming","Swimming Men's 50 metres Freestyle"
2012,"George Richard Lycott Bovell","Trinidad and Tobago","Swimming","Swimming Men's 100 metres Backstroke"
2012,"Dennis Chester Bowsher","United States","Modern Pentathlon","Modern Pentathlon Men's Individual"
2012,"Shannon Leigh Boxx","United States","Football","Football Women's Football"
2012,"Philipp Boy","Germany","Gymnastics","Gymnastics Men's Individual All-Around"
2012,"Philipp Boy","Germany","Gymnastics","Gymnastics Men's Team All-Around"
2012,"Philipp Boy","Germany","Gymnastics","Gymnastics Men's Floor Exercise"
2012,"Philipp Boy","Germany","Gymnastics","Gymnastics Men's Parallel Bars"
2012,"Philipp Boy","Germany","Gymnastics","Gymnastics Men's Horizontal Bar"
2012,"Philipp Boy","Germany","Gymnastics","Gymnastics Men's Rings"
2012,"Philipp Boy","Germany","Gymnastics","Gymnastics Men's Pommelled Horse"
2012,"Brendan Boyce","Ireland","Athletics","Athletics Men's 50 kilometres Walk"
2012,"Fiona Boyce","Australia","Hockey","Hockey Women's Hockey"
2012,"Alana Boyd","Australia","Athletics","Athletics Women's Pole Vault"
2012,"Lauren Marie Boyle","New Zealand","Swimming","Swimming Women's 400 metres Freestyle"
2012,"Lauren Marie Boyle","New Zealand","Swimming","Swimming Women's 800 metres Freestyle"
2012,"Islam Meyrambekovich Bozbayev","Kazakhstan","Judo","Judo Men's Half-Middleweight"
2012,"Borut Boi","Slovenia","Cycling","Cycling Men's Road Race, Individual"
2012,"Luka Boi","Slovenia","Canoeing","Canoeing Men's Canadian Doubles, Slalom"
2012,"Roel Hubertus Braas","Netherlands","Rowing","Rowing Men's Coxed Eights"
2012,"Jules Timothy ""Tim"" Brabants","Great Britain","Canoeing","Canoeing Men's Kayak Singles, 1,000 metres"
2012,"Daniele Bracciali","Italy-1","Tennis","Tennis Mixed Doubles"
2012,"Daniele Bracciali","Italy","Tennis","Tennis Men's Doubles"
2012,"Sophie Elizabeth Bradley","Great Britain","Football","Football Women's Football"
2012,"Rachel Emily Bragg","Great Britain","Volleyball","Volleyball Women's Volleyball"
2012,"Samir Brahimi","Algeria","Boxing","Boxing Men's Flyweight"
2012,"Oscar Ren Braison Vidal","Cuba","Judo","Judo Men's Heavyweight"
2012,"Michael Braithwaite","Canada","Rowing","Rowing Men's Double Sculls"
2012,"Janez Brajkovi","Slovenia","Cycling","Cycling Men's Road Race, Individual"
2012,"Janez Brajkovi","Slovenia","Cycling","Cycling Men's Individual Time Trial"
2012,"Jovana Brakoevi-Kancian","Serbia","Volleyball","Volleyball Women's Volleyball"
2012,"Cristina Direito Branco","Angola","Handball","Handball Women's Handball"
2012,"David Karl Brandl","Austria","Swimming","Swimming Men's 200 metres Freestyle"
2012,"David Karl Brandl","Austria","Swimming","Swimming Men's 4 x 200 metres Freestyle Relay"
2012,"Nadine Brandl","Austria","Synchronized Swimming","Synchronized Swimming Women's Duet"
2012,"Nathan ""Nate"" Brannen","Canada","Athletics","Athletics Men's 1,500 metres"
2012,"Ana Maria Florentina Brnz-Popescu","Romania","Fencing","Fencing Women's epee, Individual"
2012,"Ana Maria Florentina Brnz-Popescu","Romania","Fencing","Fencing Women's epee, Team"
2012,"Scott Brash","Great Britain","Equestrianism","Equestrianism Mixed Jumping, Individual"
2012,"Scott Brash","Great Britain","Equestrianism","Equestrianism Mixed Jumping, Team"
2012,"Daniel Brata","Romania","Judo","Judo Men's Half-Heavyweight"
2012,"Ryan Brathwaite","Barbados","Athletics","Athletics Men's 110 metres Hurdles"
2012,"Shane Brathwaite","Barbados","Athletics","Athletics Men's 110 metres Hurdles"
2012,"Georgi Sashkov Bratoev","Bulgaria","Volleyball","Volleyball Men's Volleyball"
2012,"Valentin Sashkov Bratoev","Bulgaria","Volleyball","Volleyball Men's Volleyball"
2012,"Lisen Nina Magdalena Bratt (-Fredricson)","Sweden","Equestrianism","Equestrianism Mixed Jumping, Individual"
2012,"Lisen Nina Magdalena Bratt (-Fredricson)","Sweden","Equestrianism","Equestrianism Mixed Jumping, Team"
2012,"Yannick Brauchli","Switzerland","Sailing","Sailing Men's Two Person Dinghy"
2012,"Anton Braun","Germany","Rowing","Rowing Men's Coxless Pairs"
2012,"Albert Idel Bravo Morales","Venezuela","Athletics","Athletics Men's 400 metres"
2012,"Albert Idel Bravo Morales","Venezuela","Athletics","Athletics Men's 4 x 400 metres Relay"
2012,"Cterin Bravo Arnguiz","Chile","Fencing","Fencing Women's epee, Individual"
2012,"Elizabeth Mara Bravo iguez","Ecuador","Triathlon","Triathlon Women's Olympic Distance"
2012,"Osmar Bravo Amador","Nicaragua","Boxing","Boxing Men's Light-Heavyweight"
2012,"Dominic Angelo Breazeale","United States","Boxing","Boxing Men's Super-Heavyweight"
2012,"Stefano Brecciaroli","Italy","Equestrianism","Equestrianism Mixed Three-Day Event, Individual"
2012,"Melissa Breen","Australia","Athletics","Athletics Women's 100 metres"
2012,"Karoline Charlotte Dyhre Breivang","Norway","Handball","Handball Women's Handball"
2012,"Odd Arne Brekne","Norway","Shooting","Shooting Men's Small-Bore Rifle, Prone, 50 metres"
2012,"Sebastian Brendel","Germany","Canoeing","Canoeing Men's Canadian Singles, 200 metres"
2012,"Sebastian Brendel","Germany","Canoeing","Canoeing Men's Canadian Singles, 1,000 metres"
2012,"Nery Antonio Brenes Crdenas","Costa Rica","Athletics","Athletics Men's 400 metres"
2012,"Ashleigh Jade Brennan","Australia","Gymnastics","Gymnastics Women's Individual All-Around"
2012,"Ashleigh Jade Brennan","Australia","Gymnastics","Gymnastics Women's Team All-Around"
2012,"Ashleigh Jade Brennan","Australia","Gymnastics","Gymnastics Women's Floor Exercise"
2012,"Ashleigh Jade Brennan","Australia","Gymnastics","Gymnastics Women's Uneven Bars"
2012,"Ashleigh Jade Brennan","Australia","Gymnastics","Gymnastics Women's Balance Beam"
2012,"Scott Michael Brennan","Australia","Rowing","Rowing Men's Double Sculls"
2012,"Lisa Brennauer","Germany","Cycling","Cycling Women's Team Pursuit"
2012,"Matti Breschel","Denmark","Cycling","Cycling Men's Road Race, Individual"
2012,"Renan Bardini Bressan","Belarus","Football","Football Men's Football"
2012,"Julie Bresset","France","Cycling","Cycling Women's Mountainbike, Cross-Country"
2012,"Luis Brethauer","Germany","Cycling","Cycling Men's BMX"
2012,"Drako Brguljan","Montenegro","Water Polo","Water Polo Men's Water Polo"
2012,"Richard Brian Brickell","Great Britain","Shooting","Shooting Men's Skeet"
2012,"Thomas Briels","Belgium","Hockey","Hockey Men's Hockey"
2012,"Jo Brigden-Jones","Australia","Canoeing","Canoeing Women's Kayak Fours, 500 metres"
2012,"Tarryn Bright","South Africa","Hockey","Hockey Women's Hockey"
2012,"Julius Brink","Germany-1","Beach Volleyball","Beach Volleyball Men's Beach Volleyball"
2012,"Christine Brinker-Wenzel","Germany","Shooting","Shooting Women's Skeet"
2012,"Leidys Milagros Brito","Venezuela","Archery","Archery Women's Individual"
2012,"Matthew Brittain","South Africa","Rowing","Rowing Men's Lightweight Coxless Fours"
2012,"Fionnuala Britton-McCormack","Ireland","Athletics","Athletics Women's 5,000 metres"
2012,"Fionnuala Britton-McCormack","Ireland","Athletics","Athletics Women's 10,000 metres"
2012,"Laurence Brize","France","Shooting","Shooting Women's Air Rifle, 10 metres"
2012,"Laurence Brize","France","Shooting","Shooting Women's Small-Bore Rifle, Three Positions, 50 metres"
2012,"Brittany Broben","Australia","Diving","Diving Women's Platform"
2012,"Derek Burnett","Ireland","Shooting","Shooting Men's Trap"
2012,"Norman Brckl","Germany","Canoeing","Canoeing Men's Kayak Fours, 1,000 metres"
2012,"Anke Brockmann (-Grueneberg)","Germany","Hockey","Hockey Women's Hockey"
2012,"Daniel Brodmeier","Germany","Shooting","Shooting Men's Small-Bore Rifle, Three Positions, 50 metres"
2012,"Daniel Brodmeier","Germany","Shooting","Shooting Men's Small-Bore Rifle, Prone, 50 metres"
2012,"Nadine Martina Broersen","Netherlands","Athletics","Athletics Women's Heptathlon"
2012,"Jean-Pierre Brol Cardenas","Guatemala","Shooting","Shooting Men's Trap"
2012,"Giorgia Bronzini","Italy","Cycling","Cycling Women's Road Race, Individual"
2012,"Jacqueline Brooks","Canada","Equestrianism","Equestrianism Mixed Dressage, Individual"
2012,"Jacqueline Brooks","Canada","Equestrianism","Equestrianism Mixed Dressage, Team"
2012,"Lance Brooks","United States","Athletics","Athletics Men's Discus Throw"
2012,"Tia Ra'shone Brooks","United States","Athletics","Athletics Women's Shot Put"
2012,"Kristina Brring-Sprehe","Germany","Equestrianism","Equestrianism Mixed Dressage, Individual"
2012,"Kristina Brring-Sprehe","Germany","Equestrianism","Equestrianism Mixed Dressage, Team"
2012,"Kouassi Franck Olivier Brou","Cote d'Ivoire","Swimming","Swimming Men's 50 metres Freestyle"
2012,"Tore Brovold","Norway","Shooting","Shooting Men's Skeet"
2012,"Aaron Brown","Canada","Athletics","Athletics Men's 200 metres"
2012,"Adam Thorp Brown","Great Britain","Swimming","Swimming Men's 50 metres Freestyle"
2012,"Adam Thorp Brown","Great Britain","Swimming","Swimming Men's 100 metres Freestyle"
2012,"Adam Thorp Brown","Great Britain","Swimming","Swimming Men's 4 x 100 metres Medley Relay"
2012,"Celeste Brown","Cook Islands","Swimming","Swimming Women's 50 metres Freestyle"
2012,"Christopher Deon ""Chris"" Brown","Bahamas","Athletics","Athletics Men's 400 metres"
2012,"Christopher Deon ""Chris"" Brown","Bahamas","Athletics","Athletics Men's 4 x 400 metres Relay"
2012,"Jeremiah Brown","Canada","Rowing","Rowing Men's Coxed Eights"
2012,"T'erea Brown","United States","Athletics","Athletics Women's 400 metres Hurdles"
2012,"Victoria Brown","Australia","Water Polo","Water Polo Women's Water Polo"
2012,"Stephanie Karenmonica Brown-Trafton","United States","Athletics","Athletics Women's Discus Throw"
2012,"Marcus Browne","United States","Boxing","Boxing Men's Light-Heavyweight"
2012,"Alistair Edward Brownlee","Great Britain","Triathlon","Triathlon Men's Olympic Distance"
2012,"Jonathan Callum ""Jonny"" Brownlee","Great Britain","Triathlon","Triathlon Men's Olympic Distance"
2012,"Mary Alexandra ""Alex"" Bruce","Canada","Badminton","Badminton Women's Doubles"
2012,"Nathalie Brugger","Switzerland","Sailing","Sailing Women's One Person Dinghy"
2012,"Annika Bruhn","Germany","Swimming","Swimming Women's 4 x 200 metres Freestyle Relay"
2012,"Kristoffer Brun","Norway","Rowing","Rowing Men's Lightweight Double Sculls"
2012,"Bruna Beatriz Benites Soares","Brazil","Football","Football Women's Football"
2012,"Milan Bruncvk","Czech Republic","Rowing","Rowing Men's Coxless Fours"
2012,"Manuel Brunet","Argentina","Hockey","Hockey Men's Hockey"
2012,"Bruno ""Bruninho"" Mossa de Rezende","Brazil","Volleyball","Volleyball Men's Volleyball"
2012,"Francesco Bruno","Italy","Shooting","Shooting Men's Air Pistol, 10 metres"
2012,"Francesco Bruno","Italy","Shooting","Shooting Men's Free Pistol, 50 metres"
2012,"Justine Bruno","France","Swimming","Swimming Women's 100 metres Butterfly"
2012,"Justine Bruno","France","Swimming","Swimming Women's 4 x 100 metres Medley Relay"
2012,"Nicols Martn Bruno","Argentina","Volleyball","Volleyball Men's Volleyball"
2012,"Klas Johan Ivan Ola Brunstrm","Sweden","Tennis","Tennis Men's Doubles"
2012,"Robert Charles ""Bob"" Bryan","United States-2","Tennis","Tennis Mixed Doubles"
2012,"Robert Charles ""Bob"" Bryan","United States-1","Tennis","Tennis Men's Doubles"
2012,"Michael Carl ""Mike"" Bryan","United States-1","Tennis","Tennis Mixed Doubles"
2012,"Michael Carl ""Mike"" Bryan","United States-1","Tennis","Tennis Men's Doubles"
2012,"Karina Louise Bryant","Great Britain","Judo","Judo Women's Heavyweight"
2012,"Kelci Marie Bryant","United States","Diving","Diving Women's Synchronized Springboard"
2012,"Kobe Bean Bryant","United States","Basketball","Basketball Men's Basketball"
2012,"Ole-Kristian Bryhn","Norway","Shooting","Shooting Men's Small-Bore Rifle, Three Positions, 50 metres"
2012,"Aleksandr Aleksandrovich Bryukhankov","Russia","Triathlon","Triathlon Men's Olympic Distance"
2012,"Yelyzaveta Viktorivna Bryzhina","Ukraine","Athletics","Athletics Women's 200 metres"
2012,"Yelyzaveta Viktorivna Bryzhina","Ukraine","Athletics","Athletics Women's 4 x 100 metres Relay"
2012,"Marcin Mariusz Brzeziski","Poland","Rowing","Rowing Men's Coxed Eights"
2012,"Piotr Brzzka","Poland","Cycling","Cycling Men's Mountainbike, Cross-Country"
2012,"Ashley Brzozowicz","Canada","Rowing","Rowing Women's Coxed Eights"
2012,"Matelita Buadromo","Fiji","Swimming","Swimming Women's 100 metres Breaststroke"
2012,"Keerati Bualong","Thailand","Sailing","Sailing Men's One Person Dinghy"
2012,"Andreas Hjartbro Bube","Denmark","Athletics","Athletics Men's 800 metres"
2012,"Vitaly Ivanovich Bubnovich","Belarus","Shooting","Shooting Men's Air Rifle, 10 metres"
2012,"Vitaly Ivanovich Bubnovich","Belarus","Shooting","Shooting Men's Small-Bore Rifle, Three Positions, 50 metres"
2012,"Caroline Buchanan","Australia","Cycling","Cycling Women's BMX"
2012,"Ralf Buchheim","Germany","Shooting","Shooting Men's Skeet"
2012,"Nicole Bchler","Switzerland","Athletics","Athletics Women's Pole Vault"
2012,"Brodie Buckland","Australia","Rowing","Rowing Men's Coxless Pairs"
2012,"Zoe Buckman","Australia","Athletics","Athletics Women's 1,500 metres"
2012,"Shea Martin Buckner","United States","Water Polo","Water Polo Men's Water Polo"
2012,"Serhiy Volodymyrovych Budza","Ukraine","Athletics","Athletics Men's 50 kilometres Walk"
2012,"Rachel Marie Buehler (-Van Hollebeke)","United States","Football","Football Women's Football"
2012,"Oliver Buff","Switzerland","Football","Football Men's Football"
2012,"Romain Buffet","France","Judo","Judo Men's Middleweight"
2012,"Rachel Bugg","Australia","Diving","Diving Women's Synchronized Platform"
2012,"Abdul Buhari","Great Britain","Athletics","Athletics Men's Discus Throw"
2012,"Matthias Bhler","Germany","Athletics","Athletics Men's 110 metres Hurdles"
2012,"Kim Bui","Germany","Gymnastics","Gymnastics Women's Team All-Around"
2012,"Kim Bui","Germany","Gymnastics","Gymnastics Women's Floor Exercise"
2012,"Kim Bui","Germany","Gymnastics","Gymnastics Women's Uneven Bars"
2012,"Kim Bui","Germany","Gymnastics","Gymnastics Women's Balance Beam"
2012,"Ovidiu Buidoso","Romania","Gymnastics","Gymnastics Men's Team All-Around"
2012,"Ovidiu Buidoso","Romania","Gymnastics","Gymnastics Men's Floor Exercise"
2012,"Ovidiu Buidoso","Romania","Gymnastics","Gymnastics Men's Parallel Bars"
2012,"Ovidiu Buidoso","Romania","Gymnastics","Gymnastics Men's Horizontal Bar"
2012,"Ovidiu Buidoso","Romania","Gymnastics","Gymnastics Men's Pommelled Horse"
2012,"Alexandra Bujdoso","Germany","Fencing","Fencing Women's Sabre, Individual"
2012,"Cristina Ioana Bujin","Romania","Athletics","Athletics Women's Triple Jump"
2012,"Barbara Bujka","Hungary","Water Polo","Water Polo Women's Water Polo"
2012,"Anela Bulatovi","Montenegro","Handball","Handball Women's Handball"
2012,"Katarina Bulatovi","Montenegro","Handball","Handball Women's Handball"
2012,"Diana Laura Bulimar","Romania","Gymnastics","Gymnastics Women's Team All-Around"
2012,"Diana Laura Bulimar","Romania","Gymnastics","Gymnastics Women's Uneven Bars"
2012,"Diana Laura Bulimar","Romania","Gymnastics","Gymnastics Women's Balance Beam"
2012,"Ivan Buljubai","Croatia","Water Polo","Water Polo Men's Water Polo"
2012,"Jos Carlos Bulnes Farias","Cuba","Canoeing","Canoeing Men's Canadian Doubles, 1,000 metres"
2012,"Michael Bultheel","Belgium","Athletics","Athletics Men's 400 metres Hurdles"
2012,"Michael Bultheel","Belgium","Athletics","Athletics Men's 4 x 400 metres Relay"
2012,"Gamze Bulut","Turkey","Athletics","Athletics Women's 1,500 metres"
2012,"Denis Bunti","Croatia","Handball","Handball Men's Handball"
2012,"Roy-Allan Saul Burch","Bermuda","Swimming","Swimming Men's 50 metres Freestyle"
2012,"Christopher Clark Burckle, Jr.","United States","Swimming","Swimming Men's 200 metres Breaststroke"
2012,"Mikoaj Piotr Burda","Poland","Rowing","Rowing Men's Coxed Eights"
2012,"Louise Katharina Burgaard Madsen","Denmark","Handball","Handball Women's Handball"
2012,"Marcel Brge","Switzerland","Shooting","Shooting Men's Small-Bore Rifle, Three Positions, 50 metres"
2012,"Marcel Brge","Switzerland","Shooting","Shooting Men's Small-Bore Rifle, Prone, 50 metres"
2012,"Nathan Burgers","Australia","Hockey","Hockey Men's Hockey"
2012,"Matss Buris","Latvia","Table Tennis","Table Tennis Men's Singles"
2012,"Lely Berlitt Burgos Ortz","Puerto Rico","Weightlifting","Weightlifting Women's Flyweight"
2012,"Ilona Burgrov","Czech Republic","Basketball","Basketball Women's Basketball"
2012,"Olena Sviatoslavivna Buriak","Ukraine","Rowing","Rowing Women's Double Sculls"
2012,"Damir Buri","Croatia","Water Polo","Water Polo Men's Water Polo"
2012,"Gelete Burka Bati","Ethiopia","Athletics","Athletics Women's 5,000 metres"
2012,"Steven James Burke","Great Britain","Cycling","Cycling Men's Team Pursuit, 4,000 metres"
2012,"Olena Ivanivna Burkovska","Ukraine","Athletics","Athletics Women's Marathon"
2012,"Peter Burling","New Zealand","Sailing","Sailing Men's Skiff"
2012,"Kateryna Volodymyrivna Burmistrova","Ukraine","Wrestling","Wrestling Women's Heavyweight, Freestyle"
2012,"Jason Nicholas Burnett","Canada","Trampolining","Trampolining Men's Individual"
2012,"Simon Andrew Burnett","Great Britain","Swimming","Swimming Men's 4 x 100 metres Freestyle Relay"
2012,"Marc Burns","Trinidad and Tobago","Athletics","Athletics Men's 4 x 100 metres Relay"
2012,"Jordan Ernest Burroughs","United States","Wrestling","Wrestling Men's Middleweight, Freestyle"
2012,"David Burrows","Ireland","Sailing","Sailing Men's Two Person Keelboat"
2012,"Phillip Ross ""Phil"" Burrows","New Zealand","Hockey","Hockey Men's Hockey"
2012,"Olia Burtaev","Australia","Synchronized Swimming","Synchronized Swimming Women's Team"
2012,"Christopher Burton","Australia","Equestrianism","Equestrianism Mixed Three-Day Event, Individual"
2012,"Christopher Burton","Australia","Equestrianism","Equestrianism Mixed Three-Day Event, Team"
2012,"Euan Burton","Great Britain","Judo","Judo Men's Half-Middleweight"
2012,"Aleksandr Ivanovich Bury","Belarus","Tennis","Tennis Men's Doubles"
2012,"Dan Andrei Buil","Romania","Water Polo","Water Polo Men's Water Polo"
2012,"Vered Buskila","Israel","Sailing","Sailing Women's Two Person Dinghy"
2012,"Andro Bulje","Croatia","Water Polo","Water Polo Men's Water Polo"
2012,"Alberto Busnari","Italy","Gymnastics","Gymnastics Men's Team All-Around"
2012,"Alberto Busnari","Italy","Gymnastics","Gymnastics Men's Parallel Bars"
2012,"Alberto Busnari","Italy","Gymnastics","Gymnastics Men's Horizontal Bar"
2012,"Alberto Busnari","Italy","Gymnastics","Gymnastics Men's Pommelled Horse"
2012,"lise Bussaglia","France","Football","Football Women's Football"
2012,"David Bustos Gonzlez","Spain","Athletics","Athletics Men's 1,500 metres"
2012,"Esteban Bustos Rodrguez","Chile","Modern Pentathlon","Modern Pentathlon Men's Individual"
2012,"Urige Arado Buta","Norway","Athletics","Athletics Men's Marathon"
2012,"Chatchai Butdee","Thailand","Boxing","Boxing Men's Flyweight"
2012,"Olga Butkevych","Great Britain","Wrestling","Wrestling Women's Lightweight, Freestyle"
2012,"Aleksandr Anatolyevich Butko","Russia","Volleyball","Volleyball Men's Volleyball"
2012,"Jack Butland","Great Britain","Football","Football Men's Football"
2012,"Kimberley ""Kim"" Butler","Great Britain","Basketball","Basketball Women's Basketball"
2012,"Vitaliy Mykolaiovych Butrym","Ukraine","Athletics","Athletics Men's 400 metres"
2012,"Rehan Butt","Pakistan","Hockey","Hockey Men's Hockey"
2012,"Tyler Barbour Butterfield","Bermuda","Triathlon","Triathlon Men's Olympic Distance"
2012,"Matthew Butturini","Australia","Hockey","Hockey Men's Hockey"
2012,"Aleksandr Nikolayevich Buykevich","Belarus","Fencing","Fencing Men's Sabre, Individual"
2012,"Aleksandr Nikolayevich Buykevich","Belarus","Fencing","Fencing Men's Sabre, Team"
2012,"Kimberly Buys","Belgium","Swimming","Swimming Women's 100 metres Backstroke"
2012,"Kimberly Buys","Belgium","Swimming","Swimming Women's 100 metres Butterfly"
2012,"Philip Buys","South Africa","Cycling","Cycling Men's Mountainbike, Cross-Country"
2012,"Derya Bykuncu","Turkey","Swimming","Swimming Men's 200 metres Backstroke"
2012,"Paulina Buziak","Poland","Athletics","Athletics Women's 20 kilometres Walk"
2012,"Moran Buzovski","Israel","Rhythmic Gymnastics","Rhythmic Gymnastics Women's Group"
2012,"Byambyn Tvshinbat","Mongolia","Boxing","Boxing Men's Welterweight"
2012,"Igor Bychkov","Spain","Athletics","Athletics Men's Pole Vault"
2012,"Byeon Yeong-Jun","South Korea","Athletics","Athletics Men's 20 kilometres Walk"
2012,"Dremiel Deshon Byers","United States","Wrestling","Wrestling Men's Super-Heavyweight, Greco-Roman"
2012,"Lyn Byl","Great Britain","Handball","Handball Women's Handball"
2012,"Linda Byrne","Ireland","Athletics","Athletics Women's Marathon"
2012,"James Andrew Byrnes","Canada","Rowing","Rowing Men's Coxed Eights"
2012,"Juan Sebastin Cabal Valds","Colombia","Tennis","Tennis Men's Doubles"
2012,"Dailis Caballero Vega","Cuba","Athletics","Athletics Women's Pole Vault"
2012,"Denia Caballero Ponce","Cuba","Athletics","Athletics Women's Discus Throw"
2012,"Yolanda Beatriz Caballero Prez","Colombia","Athletics","Athletics Women's Marathon"
2012,"Ana Isabel Vermelhudo Cabecinha","Portugal","Athletics","Athletics Women's 20 kilometres Walk"
2012,"Alba Mara Cabello Rodilla","Spain","Synchronized Swimming","Synchronized Swimming Women's Team"
2012,"Donald ""Donn"" Cabral","United States","Athletics","Athletics Men's 3,000 metres Steeplechase"
2012,"Milagros Cabral de la Cruz","Dominican Republic","Volleyball","Volleyball Women's Volleyball"
2012,"Rachel Anne Cabral","Philippines","Archery","Archery Women's Individual"
2012,"Eusebio Cceres Lpez","Spain","Athletics","Athletics Men's Long Jump"
2012,"Ignacio Cceres Llorca","Spain","Athletics","Athletics Men's Marathon"
2012,"Erik Cade","Netherlands","Athletics","Athletics Men's Discus Throw"
2012,"Maaike Caelers","Netherlands","Triathlon","Triathlon Women's Olympic Distance"
2012,"Quazi Syque Caesar","Bangladesh","Gymnastics","Gymnastics Men's Floor Exercise"
2012,"Quazi Syque Caesar","Bangladesh","Gymnastics","Gymnastics Men's Parallel Bars"
2012,"Quazi Syque Caesar","Bangladesh","Gymnastics","Gymnastics Men's Horizontal Bar"
2012,"Erin Jane Cafaro (-McKenzie)","United States","Rowing","Rowing Women's Coxed Eights"
2012,"Bahar alar","Turkey","Basketball","Basketball Women's Basketball"
2012,"Tania Cagnotto (-Parolin)","Italy","Diving","Diving Women's Springboard"
2012,"Tania Cagnotto (-Parolin)","Italy","Diving","Diving Women's Synchronized Springboard"
2012,"Cai Yun","China-1","Badminton","Badminton Men's Doubles"
2012,"Cai Zelin","China","Athletics","Athletics Men's 20 kilometres Walk"
2012,"Andrea Caianiello","Italy","Rowing","Rowing Men's Lightweight Coxless Fours"
2012,"Chiara Cainero","Italy","Shooting","Shooting Women's Skeet"
2012,"Imogen Jane Cairns","Great Britain","Gymnastics","Gymnastics Women's Team All-Around"
2012,"Imogen Jane Cairns","Great Britain","Gymnastics","Gymnastics Women's Balance Beam"
2012,"Asl akr (-Alptekin)","Turkey","Athletics","Athletics Women's 1,500 metres"
2012,"Mustafa akr","Turkey","Sailing","Sailing Men's One Person Dinghy"
2012,"David Cal Figueroa","Spain","Canoeing","Canoeing Men's Canadian Singles, 1,000 metres"
2012,"Lucas Calabrese","Argentina","Sailing","Sailing Men's Two Person Dinghy"
2012,"Franck Caldeira de Almeida","Brazil","Athletics","Athletics Men's Marathon"
2012,"David ""Dave"" Calder","Canada","Rowing","Rowing Men's Coxless Pairs"
2012,"Jos Manuel Caldern Borrallo","Spain","Basketball","Basketball Men's Basketball"
2012,"Hilary Caldwell","Canada","Swimming","Swimming Women's 200 metres Backstroke"
2012,"Quentin Caleyron","France","Cycling","Cycling Men's BMX"
2012,"Briken Calja","Albania","Weightlifting","Weightlifting Men's Lightweight"
2012,"Leah Mariem Lorraine Callahan (-Ferguson)","Canada","Wrestling","Wrestling Women's Heavyweight, Freestyle"
2012,"Mara Luisa Calle Williams","Colombia","Cycling","Cycling Women's Omnium"
2012,"Emmanuel Earl Callender","Trinidad and Tobago","Athletics","Athletics Men's 4 x 100 metres Relay"
2012,"Facundo Callioni","Argentina","Hockey","Hockey Men's Hockey"
2012,"Carole Calmes","Luxembourg","Shooting","Shooting Women's Air Rifle, 10 metres"
2012,"Daniel Caluag","Philippines","Cycling","Cycling Men's BMX"
2012,"Schillonie Calvert","Jamaica","Athletics","Athletics Women's 4 x 100 metres Relay"
2012,"Maximiliano Matas Calzada Fuentes","Uruguay","Football","Football Men's Football"
2012,"Chakyl Pfiffer Camal","Mozambique","Swimming","Swimming Men's 50 metres Freestyle"
2012,"Alyn Camara","Germany","Athletics","Athletics Men's Long Jump"
2012,"Dede Camara","Guinea","Swimming","Swimming Women's 100 metres Breaststroke"
2012,"Moussa Camara","Mali","Athletics","Athletics Men's 800 metres"
2012,"Jillian Mary ""Jill"" Camarena-Williams","United States","Athletics","Athletics Women's Shot Put"
2012,"Lucas Hernn Camareri","Argentina","Hockey","Hockey Men's Hockey"
2012,"Elizabeth Folake ""Liz"" Cambage","Australia","Basketball","Basketball Women's Basketball"
2012,"Ivn Cambar Rodrguez","Cuba","Weightlifting","Weightlifting Men's Middleweight"
2012,"Katrina Cameron","Canada","Rhythmic Gymnastics","Rhythmic Gymnastics Women's Group"
2012,"Damien Cely","France","Diving","Diving Men's Springboard"
2012,"Tiago Henrique de Oliveira Camilo","Brazil","Judo","Judo Men's Middleweight"
2012,"Roberto Cammarelle","Italy","Boxing","Boxing Men's Super-Heavyweight"
2012,"Giorgia Campana","Italy","Gymnastics","Gymnastics Women's Team All-Around"
2012,"Giorgia Campana","Italy","Gymnastics","Gymnastics Women's Uneven Bars"
2012,"Martn Nicols Campaa Delgado","Uruguay","Football","Football Men's Football"
2012,"Facundo Campazzo","Argentina","Basketball","Basketball Men's Basketball"
2012,"Giovanni Cernogoraz","Croatia","Shooting","Shooting Men's Trap"
2012,"Alan Campbell","Great Britain","Rowing","Rowing Men's Single Sculls"
2012,"Amber Campbell","United States","Athletics","Athletics Women's Hammer Throw"
2012,"Bronte Campbell","Australia","Swimming","Swimming Women's 50 metres Freestyle"
2012,"Cate Natalie Campbell","Australia","Swimming","Swimming Women's 50 metres Freestyle"
2012,"Cate Natalie Campbell","Australia","Swimming","Swimming Women's 4 x 100 metres Freestyle Relay"
2012,"Kelsey Rene Campbell","United States","Wrestling","Wrestling Women's Lightweight, Freestyle"
2012,"Logan Campbell","New Zealand","Taekwondo","Taekwondo Men's Featherweight"
2012,"Luke Campbell","Great Britain","Boxing","Boxing Men's Bantamweight"
2012,"Richard ""Richie"" Campbell","Australia","Water Polo","Water Polo Men's Water Polo"
2012,"Veronica Angella Campbell-Brown","Jamaica","Athletics","Athletics Women's 100 metres"
2012,"Veronica Angella Campbell-Brown","Jamaica","Athletics","Athletics Women's 200 metres"
2012,"Veronica Angella Campbell-Brown","Jamaica","Athletics","Athletics Women's 4 x 100 metres Relay"
2012,"Pietro Camporesi","Italy","Canoeing","Canoeing Men's Canadian Doubles, Slalom"
2012,"Hctor Fernando Campos Bermudez","Argentina","Judo","Judo Men's Middleweight"
2012,"Manuel Jorge Almeida Campos","Portugal","Gymnastics","Gymnastics Men's Individual All-Around"
2012,"Manuel Jorge Almeida Campos","Portugal","Gymnastics","Gymnastics Men's Floor Exercise"
2012,"Manuel Jorge Almeida Campos","Portugal","Gymnastics","Gymnastics Men's Parallel Bars"
2012,"Manuel Jorge Almeida Campos","Portugal","Gymnastics","Gymnastics Men's Horizontal Bar"
2012,"Manuel Jorge Almeida Campos","Portugal","Gymnastics","Gymnastics Men's Rings"
2012,"Manuel Jorge Almeida Campos","Portugal","Gymnastics","Gymnastics Men's Pommelled Horse"
2012,"Astrid Roxana Camposeco Hernndez","Guatemala","Weightlifting","Weightlifting Women's Super-Heavyweight"
2012,"Niccol Campriani","Italy","Shooting","Shooting Men's Air Rifle, 10 metres"
2012,"Niccol Campriani","Italy","Shooting","Shooting Men's Small-Bore Rifle, Three Positions, 50 metres"
2012,"Niccol Campriani","Italy","Shooting","Shooting Men's Small-Bore Rifle, Prone, 50 metres"
2012,"Catarina Juliana Camufal","Angola","Basketball","Basketball Women's Basketball"
2012,"Fabian Cancellara","Switzerland","Cycling","Cycling Men's Road Race, Individual"
2012,"Fabian Cancellara","Switzerland","Cycling","Cycling Men's Individual Time Trial"
2012,"Joan Caellas Reixach","Spain","Handball","Handball Men's Handball"
2012,"Hersony Gadiel Caneln Vera","Venezuela","Cycling","Cycling Men's Sprint"
2012,"Hersony Gadiel Caneln Vera","Venezuela","Cycling","Cycling Men's Keirin"
2012,"Hersony Gadiel Caneln Vera","Venezuela","Cycling","Cycling Men's Team Sprint"
2012,"Mariano Andres Cnepa","Argentina","Handball","Handball Men's Handball"
2012,"Tue Cantez","Turkey","Basketball","Basketball Women's Basketball"
2012,"Flavio Cannone","Italy","Trampolining","Trampolining Men's Individual"
2012,"Juan Manuel Cano Ceres","Argentina","Athletics","Athletics Men's 20 kilometres Walk"
2012,"Bra Cansu","Turkey","Volleyball","Volleyball Women's Volleyball"
2012,"Julieta Cantaluppi","Italy","Rhythmic Gymnastics","Rhythmic Gymnastics Women's Individual"
2012,"Noemi Cantele","Italy","Cycling","Cycling Women's Road Race, Individual"
2012,"Noemi Cantele","Italy","Cycling","Cycling Women's Individual Time Trial"
2012,"Christian Cantwell","United States","Athletics","Athletics Men's Shot Put"
2012,"Cao Shuo","China","Athletics","Athletics Men's Triple Jump"
2012,"Cao Yuan","China","Diving","Diving Men's Synchronized Platform"
2012,"Cao Zhongrong","China","Modern Pentathlon","Modern Pentathlon Men's Individual"
2012,"Claudio Capelli","Switzerland","Gymnastics","Gymnastics Men's Individual All-Around"
2012,"Claudio Capelli","Switzerland","Gymnastics","Gymnastics Men's Floor Exercise"
2012,"Claudio Capelli","Switzerland","Gymnastics","Gymnastics Men's Parallel Bars"
2012,"Claudio Capelli","Switzerland","Gymnastics","Gymnastics Men's Horizontal Bar"
2012,"Claudio Capelli","Switzerland","Gymnastics","Gymnastics Men's Rings"
2012,"Claudio Capelli","Switzerland","Gymnastics","Gymnastics Men's Pommelled Horse"
2012,"Vincenzo Maria Capelli","Italy","Rowing","Rowing Men's Coxless Fours"
2012,"Tereza apkov","Czech Republic","Athletics","Athletics Women's 1,500 metres"
2012,"Deborah ""Debbie"" Capozzi","United States","Sailing","Sailing Women's Three Person Keelboat"
2012,"Manuel Fabrizio Cappai","Italy","Boxing","Boxing Men's Light-Flyweight"
2012,"Corina Oana Cprioriu","Romania","Judo","Judo Women's Lightweight"
2012,"Erwin Jos Caraballo Cabrera","Venezuela","Wrestling","Wrestling Men's Heavyweight, Greco-Roman"
2012,"Francine Camila de Moraes Cararo","Brazil","Handball","Handball Women's Handball"
2012,"Marzia Caravelli","Italy","Athletics","Athletics Women's 100 metres Hurdles"
2012,"Lorenzo Carboncini","Italy","Rowing","Rowing Men's Coxless Pairs"
2012,"Ona Carbonell Ballestero","Spain","Synchronized Swimming","Synchronized Swimming Women's Duet"
2012,"Ona Carbonell Ballestero","Spain","Synchronized Swimming","Synchronized Swimming Women's Team"
2012,"Tssia Pereira De Souza Carcavalli","Brazil","Basketball","Basketball Women's Basketball"
2012,"Juan Carlos Cardona Rivas","Colombia","Athletics","Athletics Men's Marathon"
2012,"ngela Snia  Monteiro Cardoso","Angola","Basketball","Basketball Women's Basketball"
2012,"Manuel Antnio Leal Cardoso","Portugal","Cycling","Cycling Men's Road Race, Individual"
2012,"Michelle Carey","Ireland","Athletics","Athletics Women's 4 x 400 metres Relay"
2012,"Mayelis Yesenia Caripa Castillo","Venezuela","Wrestling","Wrestling Women's Flyweight, Freestyle"
2012,"Gillian Carleton","Canada","Cycling","Cycling Women's Team Pursuit"
2012,"Diletta Carli","Italy","Swimming","Swimming Women's 4 x 200 metres Freestyle Relay"
2012,"Azenaide Danila Jos Carlos","Angola","Handball","Handball Women's Handball"
2012,"Anja arman","Slovenia","Swimming","Swimming Women's 100 metres Backstroke"
2012,"Anja arman","Slovenia","Swimming","Swimming Women's 200 metres Backstroke"
2012,"Sara Lopez Mota Carmo","Portugal","Sailing","Sailing Women's One Person Dinghy"
2012,"Karen Julia Carney","Great Britain","Football","Football Women's Football"
2012,"Laurent Carnol","Luxembourg","Swimming","Swimming Men's 100 metres Breaststroke"
2012,"Laurent Carnol","Luxembourg","Swimming","Swimming Men's 200 metres Breaststroke"
2012,"Danilo Caro Guarnieri","Colombia","Shooting","Shooting Men's Trap"
2012,"Gonzalo Matas Carou","Argentina","Handball","Handball Men's Handball"
2012,"Cecilia Carranza Saroli","Argentina","Sailing","Sailing Women's One Person Dinghy"
2012,"Rodrigo Cristin Carrasco","Chile","Equestrianism","Equestrianism Mixed Jumping, Individual"
2012,"Rodrigo Cristin Carrasco","Chile","Equestrianism","Equestrianism Mixed Jumping, Team"
2012,"Ana Carrascosa Zaragoza","Spain","Judo","Judo Women's Half-Lightweight"
2012,"Cyrille Carr","France","Canoeing","Canoeing Men's Kayak Singles, 1,000 metres"
2012,"Pablo Abensaid Carrera Vzquez","Spain","Shooting","Shooting Men's Air Pistol, 10 metres"
2012,"Pablo Abensaid Carrera Vzquez","Spain","Shooting","Shooting Men's Free Pistol, 50 metres"
2012,"Lisa Carrington","New Zealand","Canoeing","Canoeing Women's Kayak Singles, 200 metres"
2012,"Lisa Carrington","New Zealand","Canoeing","Canoeing Women's Kayak Doubles, 500 metres"
2012,"Javier Adolfo Carriqueo Inostroza","Argentina","Athletics","Athletics Men's 5,000 metres"
2012,"Joel Carroll","Australia","Hockey","Hockey Men's Hockey"
2012,"David Robert Carry","Great Britain","Swimming","Swimming Men's 400 metres Freestyle"
2012,"David Robert Carry","Great Britain","Swimming","Swimming Men's 4 x 200 metres Freestyle Relay"
2012,"Carolena Jean Carstens Salceda","Panama","Taekwondo","Taekwondo Women's Flyweight"
2012,"Grace Carter","Great Britain","Volleyball","Volleyball Women's Volleyball"
2012,"Michelle Denee Carter","United States","Athletics","Athletics Women's Shot Put"
2012,"Nesta Carter","Jamaica","Athletics","Athletics Men's 4 x 100 metres Relay"
2012,"Diogo Filipe Silva de Carvalho","Portugal","Swimming","Swimming Men's 200 metres Individual Medley"
2012,"Diogo Filipe Silva de Carvalho","Portugal","Swimming","Swimming Men's 400 metres Individual Medley"
2012,"Florian Carvalho","France","Athletics","Athletics Men's 1,500 metres"
2012,"Gonalo Miguel Carvalho Conchinhas","Portugal","Equestrianism","Equestrianism Mixed Dressage, Individual"
2012,"Nelkis Teresa Casabona Gonzlez","Cuba","Athletics","Athletics Women's 200 metres"
2012,"Yennifer Frank Casaas Hernndez","Spain","Athletics","Athletics Men's Discus Throw"
2012,"Cristina Casandra (Iloc-)","Romania","Athletics","Athletics Women's 3,000 metres Steeplechase"
2012,"Elisa Casanova","Italy","Water Polo","Water Polo Women's Water Polo"
2012,"Brendan Casey","Australia","Sailing","Sailing Men's One Person Heavyweight Dinghy"
2012,"Swintayla Marie ""Swin"" Cash","United States","Basketball","Basketball Women's Basketball"
2012,"Georgina Nicole Cassar","Great Britain","Rhythmic Gymnastics","Rhythmic Gymnastics Women's Group"
2012,"Andrea Cassar","Italy","Fencing","Fencing Men's Foil, Individual"
2012,"Andrea Cassar","Italy","Fencing","Fencing Men's Foil, Team"
2012,"Patricia Midori Castaeda Miyamoto","Mexico","Swimming","Swimming Women's 800 metres Freestyle"
2012,"Lucia Castanyeda Gomez","Nicaragua","Weightlifting","Weightlifting Women's Middleweight"
2012,"Alexianne Castel","France","Swimming","Swimming Women's 100 metres Backstroke"
2012,"Alexianne Castel","France","Swimming","Swimming Women's 200 metres Backstroke"
2012,"Joana Sofia de Paiva Castelo","Portugal","Shooting","Shooting Women's Air Pistol, 10 metres"
2012,"Joana Sofia de Paiva Castelo","Portugal","Shooting","Shooting Women's Sporting Pistol, 25 metres"
2012,"Ivn Castellani","Argentina","Volleyball","Volleyball Men's Volleyball"
2012,"Berta Castells Franco","Spain","Athletics","Athletics Women's Hammer Throw"
2012,"Carles Castillejo Salvador","Spain","Athletics","Athletics Men's Marathon"
2012,"Brenda Castillo","Dominican Republic","Volleyball","Volleyball Women's Volleyball"
2012,"Carolina Castillo Hidalgo","Colombia","Wrestling","Wrestling Women's Flyweight, Freestyle"
2012,"Darrel Akim Castillo","Guatemala","Judo","Judo Men's Heavyweight"
2012,"Diego Jsus Castillo Granados","Panama","Swimming","Swimming Men's 200 metres Butterfly"
2012,"Jocelyn Castillo Surez","Venezuela","Diving","Diving Women's Springboard"
2012,"Julio Csar Castillo Torres","Ecuador","Boxing","Boxing Men's Heavyweight"
2012,"Junior Castillo Martnez","Dominican Republic","Boxing","Boxing Men's Middleweight"
2012,"Nabor Castillo Prez","Mexico","Judo","Judo Men's Extra-Lightweight"
2012,"Yahel Ernesto Castillo Huerta","Mexico","Diving","Diving Men's Springboard"
2012,"Yahel Ernesto Castillo Huerta","Mexico","Diving","Diving Men's Synchronized Springboard"
2012,"Arles Antonio Castro Laverde","Colombia","Cycling","Cycling Men's Team Pursuit, 4,000 metres"
2012,"Patricia Castro Ortega","Spain","Swimming","Swimming Women's 4 x 200 metres Freestyle Relay"
2012,"Simona Castro Lazo","Chile","Gymnastics","Gymnastics Women's Individual All-Around"
2012,"Simona Castro Lazo","Chile","Gymnastics","Gymnastics Women's Floor Exercise"
2012,"Simona Castro Lazo","Chile","Gymnastics","Gymnastics Women's Uneven Bars"
2012,"Simona Castro Lazo","Chile","Gymnastics","Gymnastics Women's Balance Beam"
2012,"Jonathan Castroviejo Nicols","Spain","Cycling","Cycling Men's Road Race, Individual"
2012,"Jonathan Castroviejo Nicols","Spain","Cycling","Cycling Men's Individual Time Trial"
2012,"Camille Marie Catala","France","Football","Football Women's Football"
2012,"Tamika Devonne Catchings","United States","Basketball","Basketball Women's Basketball"
2012,"Nicholas Andrew ""Nick"" Catlin","Great Britain","Hockey","Hockey Men's Hockey"
2012,"Roxroy Cato","Jamaica","Athletics","Athletics Men's 400 metres Hurdles"
2012,"Virginie Caulier","Belgium","Equestrianism","Equestrianism Mixed Three-Day Event, Individual"
2012,"Virginie Caulier","Belgium","Equestrianism","Equestrianism Mixed Three-Day Event, Team"
2012,"Steven Roy Caulker","Great Britain","Football","Football Men's Football"
2012,"Fabien Causeur","France","Basketball","Basketball Men's Basketball"
2012,"Olivier Cauwenbergh","Belgium","Canoeing","Canoeing Men's Kayak Doubles, 200 metres"
2012,"Olivier Cauwenbergh","Belgium","Canoeing","Canoeing Men's Kayak Doubles, 1,000 metres"
2012,"Martina Cavallero","Argentina","Hockey","Hockey Women's Hockey"
2012,"Edinson Roberto Cavani Gmez","Uruguay","Football","Football Men's Football"
2012,"Felismina Cavela","Angola","Athletics","Athletics Women's 800 metres"
2012,"Louise Cavenaile","Belgium","Hockey","Hockey Women's Hockey"
2012,"Mark Simon Cavendish","Great Britain","Cycling","Cycling Men's Road Race, Individual"
2012,"Milorad avi","Serbia","Swimming","Swimming Men's 4 x 100 metres Freestyle Relay"
2012,"Milorad avi","Serbia","Swimming","Swimming Men's 100 metres Butterfly"
2012,"Rachel Elizabeth Cawthorn","Great Britain","Canoeing","Canoeing Women's Kayak Singles, 500 metres"
2012,"Rachel Elizabeth Cawthorn","Great Britain","Canoeing","Canoeing Women's Kayak Fours, 500 metres"
2012,"Magda Alfredo Cazanga","Angola","Handball","Handball Women's Handball"
2012,"Amlie Caze","France","Modern Pentathlon","Modern Pentathlon Women's Individual"
2012,"Nicolai Ceban","Moldova","Wrestling","Wrestling Men's Heavyweight, Freestyle"
2012,"Seluk ebi","Turkey","Wrestling","Wrestling Men's Middleweight, Greco-Roman"
2012,"Suzana ebi","Serbia","Volleyball","Volleyball Women's Volleyball"
2012,"Alicia Cebrin Martnez de Lagos","Spain","Sailing","Sailing Women's One Person Dinghy"
2012,"Kateina echov","Czech Republic","Athletics","Athletics Women's 100 metres"
2012,"Andrea del Rosario Cedrn Rodrguez","Peru","Swimming","Swimming Women's 400 metres Freestyle"
2012,"Mario Cejas","Argentina","Rowing","Rowing Men's Lightweight Double Sculls"
2012,"Zamandosi Elizabeth Cele","South Africa","Football","Football Women's Football"
2012,"Jan elstka","Czech Republic","Triathlon","Triathlon Men's Olympic Distance"
2012,"Matthew Gerald ""Matt"" Centrowitz, Jr.","United States","Athletics","Athletics Men's 1,500 metres"
2012,"Vernica Cepede Royg","Paraguay","Tennis","Tennis Women's Singles"
2012,"Matja Ceraj","Slovenia","Judo","Judo Men's Heavyweight"
2012,"Natalia Cerche (Nijelscaia-)","Moldova","Athletics","Athletics Women's Marathon"
2012,"Tales Rocha Cerdeira","Brazil","Swimming","Swimming Men's 200 metres Breaststroke"
2012,"Deniss erkovskis","Latvia","Modern Pentathlon","Modern Pentathlon Men's Individual"
2012,"Teja erne","Slovenia","Sailing","Sailing Women's Two Person Dinghy"
2012,"Juan Ignacio Cerra","Argentina","Athletics","Athletics Men's Hammer Throw"
2012,"Fabio Cerutti","Italy","Athletics","Athletics Men's 4 x 100 metres Relay"
2012,"Claudia Cesarini","Italy","Modern Pentathlon","Modern Pentathlon Women's Individual"
2012,"Petra Cetkovsk","Czech Republic","Tennis","Tennis Women's Singles"
2012,"Petra Cetkovsk","Czech Republic-2","Tennis","Tennis Women's Doubles"
2012,"Dennis Villy Ceylan","Denmark","Boxing","Boxing Men's Bantamweight"
2012,"Avtandil Ch'rik'ishvili","Georgia","Judo","Judo Men's Half-Middleweight"
2012,"Cha Jong-Bok","South Korea","Hockey","Hockey Men's Hockey"
2012,"Cha Se-Na","South Korea","Hockey","Hockey Women's Hockey"
2012,"Benjamin Chabanet","France","Rowing","Rowing Men's Quadruple Sculls"
2012,"Elise Chabbey","Switzerland","Canoeing","Canoeing Women's Kayak Singles, Slalom"
2012,"Rosa Alba Chacha Chacha","Ecuador","Athletics","Athletics Women's Marathon"
2012,"Leonardo Chacn Corrales","Costa Rica","Triathlon","Triathlon Men's Olympic Distance"
2012,"Abdelkader Chadi","Algeria","Boxing","Boxing Men's Lightweight"
2012,"Chai Biao","China-2","Badminton","Badminton Men's Doubles"
2012,"Margalit'a Chakhnashvili","Georgia","Tennis","Tennis Women's Doubles"
2012,"Rushmi Chakravarthi","India","Tennis","Tennis Women's Doubles"
2012,"Yelena Valeryevna Chalykh","Azerbaijan","Cycling","Cycling Women's Road Race, Individual"
2012,"Yelena Valeryevna Chalykh","Azerbaijan","Cycling","Cycling Women's Individual Time Trial"
2012,"Dirkie Chamberlain","South Africa","Hockey","Hockey Women's Hockey"
2012,"Dwain Anthony Chambers","Great Britain","Athletics","Athletics Men's 100 metres"
2012,"Dwain Anthony Chambers","Great Britain","Athletics","Athletics Men's 4 x 100 metres Relay"
2012,"Peter Chambers","Great Britain","Rowing","Rowing Men's Lightweight Coxless Fours"
2012,"Richard Scott Chambers","Great Britain","Rowing","Rowing Men's Lightweight Coxless Fours"
2012,"Miles Cleveland Chamley-Watson","United States","Fencing","Fencing Men's Foil, Individual"
2012,"Miles Cleveland Chamley-Watson","United States","Fencing","Fencing Men's Foil, Team"
2012,"Ludovic Chammartin","Switzerland","Judo","Judo Men's Extra-Lightweight"
2012,"Chan Chun Hing","Hong Kong","Cycling","Cycling Men's Mountainbike, Cross-Country"
2012,"Hei Man ""Hayley Victoria"" Chan","Hong Kong","Sailing","Sailing Women's Windsurfer"
2012,"Chan Peng Soon","Malaysia","Badminton","Badminton Mixed Doubles"
2012,"Chan Seyha","Cambodia","Athletics","Athletics Women's 200 metres"
2012,"Chana Franciela Masson de Souza","Brazil","Handball","Handball Women's Handball"
2012,"Tyson Cleotis Chandler","United States","Basketball","Basketball Men's Basketball"
2012,"Chang Chia-Che","Chinese Taipei","Athletics","Athletics Men's Marathon"
2012,"Chang Hao","Chinese Taipei","Sailing","Sailing Men's Windsurfer"
2012,"Chang Ming-Huang","Chinese Taipei","Athletics","Athletics Men's Shot Put"
2012,"Chang Si","China","Synchronized Swimming","Synchronized Swimming Women's Team"
2012,"Natthanan Chankrajang","Thailand","Swimming","Swimming Women's 200 metres Freestyle"
2012,"Natthanan Chankrajang","Thailand","Swimming","Swimming Women's 400 metres Freestyle"
2012,"Candace Marie Margaret Chapman","Canada","Football","Football Women's Football"
2012,"David Chapman","Australia","Shooting","Shooting Men's Rapid-Fire Pistol, 25 metres"
2012,"Hayley Chapman","Australia","Shooting","Shooting Women's Sporting Pistol, 25 metres"
2012,"James Jonathan Chapman","Australia","Rowing","Rowing Men's Coxless Fours"
2012,"Emma ""Emmie"" Charayron","France","Triathlon","Triathlon Women's Olympic Distance"
2012,"Germain Louis Marcel Chardin","France","Rowing","Rowing Men's Coxless Pairs"
2012,"Afia Neliah Charles","Antigua and Barbuda","Athletics","Athletics Women's 400 metres"
2012,"Peter Charles","Great Britain","Equestrianism","Equestrianism Mixed Jumping, Individual"
2012,"Peter Charles","Great Britain","Equestrianism","Equestrianism Mixed Jumping, Team"
2012,"Tina Alexandria Charles","United States","Basketball","Basketball Women's Basketball"
2012,"Cdric Charlier","Belgium","Hockey","Hockey Men's Hockey"
2012,"Samantha ""Sam"" Charlton","New Zealand","Hockey","Hockey Women's Hockey"
2012,"Natalia Charos","Poland","Swimming","Swimming Women's 10 kilometres Open Water"
2012,"Renee Chatterton","Australia","Rowing","Rowing Women's Coxed Eights"
2012,"Garima Chaudhary","India","Judo","Judo Women's Half-Middleweight"
2012,"Anastasiya Eduardovna Chaun","Russia","Swimming","Swimming Women's 200 metres Breaststroke"
2012,"Sylvain Chavanel Albira","France","Cycling","Cycling Men's Road Race, Individual"
2012,"Sylvain Chavanel Albira","France","Cycling","Cycling Men's Individual Time Trial"
2012,"Arantxa Elizabeth Chvez Muz","Mexico","Diving","Diving Women's Springboard"
2012,"Darvin Francisco Chvez Ramrez","Mexico","Football","Football Men's Football"
2012,"rika Benildo Chvez Quintero","Ecuador","Athletics","Athletics Women's 200 metres"
2012,"Nikolay Anatolyevich Chavkin","Russia","Athletics","Athletics Men's 3,000 metres Steeplechase"
2012,"Viktoriya Vladimirovna Chayka","Belarus","Shooting","Shooting Women's Air Pistol, 10 metres"
2012,"Viktoriya Vladimirovna Chayka","Belarus","Shooting","Shooting Women's Sporting Pistol, 25 metres"
2012,"Yuriy Volodymyrovych Cheban","Ukraine","Canoeing","Canoeing Men's Canadian Singles, 200 metres"
2012,"Radhouane Chebbi","Tunisia","Wrestling","Wrestling Men's Super-Heavyweight, Greco-Roman"
2012,"Nihel Cheikh Rouhou","Tunisia","Judo","Judo Women's Heavyweight"
2012,"Diana Maria Chelaru","Romania","Gymnastics","Gymnastics Women's Team All-Around"
2012,"Diana Maria Chelaru","Romania","Gymnastics","Gymnastics Women's Floor Exercise"
2012,"Diana Maria Chelaru","Romania","Gymnastics","Gymnastics Women's Uneven Bars"
2012,"Antony Chemut","Kenya","Athletics","Athletics Men's 800 metres"
2012,"Chen Cheng","China","Swimming","Swimming Men's 200 metres Breaststroke"
2012,"Chen Chieh","Chinese Taipei","Athletics","Athletics Men's 400 metres Hurdles"
2012,"Chen Ding","China","Athletics","Athletics Men's 20 kilometres Walk"
2012,"Chen Fei","China","Judo","Judo Women's Middleweight"
2012,"Chen Hung-Ling","Chinese Taipei","Badminton","Badminton Mixed Doubles"
2012,"Chen I-Chuan","Chinese Taipei","Swimming","Swimming Women's 100 metres Breaststroke"
2012,"Chen Jianghua","China","Basketball","Basketball Men's Basketball"
2012,"Chen Jin","China","Badminton","Badminton Men's Singles"
2012,"Chen Jinyan","China","Fencing","Fencing Women's Foil, Individual"
2012,"Chen Long","China","Badminton","Badminton Men's Singles"
2012,"Chen Nan","China","Basketball","Basketball Women's Basketball"
2012,"Chen Qian","China","Modern Pentathlon","Modern Pentathlon Women's Individual"
2012,"Chen Qian","China","Swimming","Swimming Women's 4 x 200 metres Freestyle Relay"
2012,"Chen Ruolin","China","Diving","Diving Women's Platform"
2012,"Chen Ruolin","China","Diving","Diving Women's Synchronized Platform"
2012,"Chen Shih-Chieh","Chinese Taipei","Weightlifting","Weightlifting Men's Super-Heavyweight"
2012,"Chen Szu-Yu","Chinese Taipei","Table Tennis","Table Tennis Women's Singles"
2012,"Weixing Chen","Austria","Table Tennis","Table Tennis Men's Singles"
2012,"Weixing Chen","Austria","Table Tennis","Table Tennis Men's Team"
2012,"Chen Xiaodong","China","Fencing","Fencing Women's Sabre, Individual"
2012,"Chen Xiaojun","China","Synchronized Swimming","Synchronized Swimming Women's Team"
2012,"Chen Xiaoli","China","Basketball","Basketball Women's Basketball"
2012,"Chen Yibing","China","Gymnastics","Gymnastics Men's Team All-Around"
2012,"Chen Yibing","China","Gymnastics","Gymnastics Men's Parallel Bars"
2012,"Chen Yibing","China","Gymnastics","Gymnastics Men's Rings"
2012,"Chen Yibing","China","Gymnastics","Gymnastics Men's Pommelled Horse"
2012,"Chen Yin","China","Swimming","Swimming Men's 200 metres Butterfly"
2012,"Chen Ying","China","Shooting","Shooting Women's Sporting Pistol, 25 metres"
2012,"Chen Yu-Cheng","Chinese Taipei","Archery","Archery Men's Individual"
2012,"Chen Yu-Cheng","Chinese Taipei","Archery","Archery Men's Team"
2012,"Lauren Nicole Cheney (-Holiday)","United States","Football","Football Women's Football"
2012,"Cheng Changsong","China","Cycling","Cycling Men's Team Sprint"
2012,"Cheng Chu Sian","Malaysia","Archery","Archery Men's Individual"
2012,"Cheng Chu Sian","Malaysia","Archery","Archery Men's Team"
2012,"Xinru ""Colin"" Cheng","Singapore","Sailing","Sailing Men's One Person Dinghy"
2012,"Cheng Feiyi","China","Swimming","Swimming Men's 100 metres Backstroke"
2012,"Cheng Feiyi","China","Swimming","Swimming Men's 4 x 100 metres Medley Relay"
2012,"Cheng Ming","China","Archery","Archery Women's Individual"
2012,"Cheng Ming","China","Archery","Archery Women's Team"
2012,"Cheng Shao-Chieh","Chinese Taipei","Badminton","Badminton Women's Singles"
2012,"Cheng Wan-Jung","Chinese Taipei","Swimming","Swimming Women's 200 metres Butterfly"
2012,"Cheng Wan-Jung","Chinese Taipei","Swimming","Swimming Women's 200 metres Individual Medley"
2012,"Cheng Wen","China","Athletics","Athletics Men's 400 metres Hurdles"
2012,"Cheng Wen-Hsing","Chinese Taipei","Badminton","Badminton Mixed Doubles"
2012,"Cheng Wen-Hsing","Chinese Taipei","Badminton","Badminton Women's Doubles"
2012,"Cheon Eun-Bi","South Korea","Hockey","Hockey Women's Hockey"
2012,"Cheon Seul-Gi","South Korea","Hockey","Hockey Women's Hockey"
2012,"Cheong Jun Hoong","Malaysia","Diving","Diving Women's Springboard"
2012,"Cheong Jun Hoong","Malaysia","Diving","Diving Women's Synchronized Springboard"
2012,"Robin Haeyoun Cheong","New Zealand","Taekwondo","Taekwondo Women's Featherweight"
2012,"Joyce Chepkirui","Kenya","Athletics","Athletics Women's 10,000 metres"
2012,"Nixon Kiplimo Chepseba","Kenya","Athletics","Athletics Men's 1,500 metres"
2012,"Aleksey Borisovich Cheremisinov","Russia","Fencing","Fencing Men's Foil, Individual"
2012,"Aleksey Borisovich Cheremisinov","Russia","Fencing","Fencing Men's Foil, Team"
2012,"Ilya Vladimirovich Chergeyko","Belarus","Shooting","Shooting Men's Air Rifle, 10 metres"
2012,"Lyubov Viktorovna Cherkashina","Belarus","Rhythmic Gymnastics","Rhythmic Gymnastics Women's Individual"
2012,"Olga Igorevna Chernoivanenko","Russia","Handball","Handball Women's Handball"
2012,"Issam Al-Chernoubi","Morocco","Taekwondo","Taekwondo Men's Welterweight"
2012,"Tatyana Sergeyevna Chernova","Russia","Athletics","Athletics Women's Heptathlon"
2012,"Janet Cherobon-Bawcom","United States","Athletics","Athletics Women's 10,000 metres"
2012,"Vivian Jepkemoi Cheruiyot","Kenya","Athletics","Athletics Women's 5,000 metres"
2012,"Vivian Jepkemoi Cheruiyot","Kenya","Athletics","Athletics Women's 10,000 metres"
2012,"Ihor Volodymyrovych Chervynskiy","Ukraine","Swimming","Swimming Men's 10 kilometres Open Water"
2012,"Andrew Chetcuti","Malta","Swimming","Swimming Men's 100 metres Freestyle"
2012,"William Chetcuti","Malta","Shooting","Shooting Men's Double Trap"
2012,"Bharat Kumar Chetri","India","Hockey","Hockey Men's Hockey"
2012,"Cheung Chi Yip","Hong Kong","Judo","Judo Men's Lightweight"
2012,"Sbastien ""Sba"" Chevallier","Switzerland-1","Beach Volleyball","Beach Volleyball Men's Beach Volleyball"
2012,"Samantha Cheverton","Canada","Swimming","Swimming Women's 200 metres Freestyle"
2012,"Samantha Cheverton","Canada","Swimming","Swimming Women's 4 x 100 metres Freestyle Relay"
2012,"Samantha Cheverton","Canada","Swimming","Swimming Women's 4 x 200 metres Freestyle Relay"
2012,"Samantha Cheverton","Canada","Swimming","Swimming Women's 4 x 100 metres Medley Relay"
2012,"Milcah Chemos Cheywa","Kenya","Athletics","Athletics Women's 3,000 metres Steeplechase"
2012,"Andrea Chiarabini","Italy","Diving","Diving Men's Platform"
2012,"Kaori Chiba-Fujio","Japan","Hockey","Hockey Women's Hockey"
2012,"Anna Vladimirovna Chicherova","Russia","Athletics","Athletics Women's High Jump"
2012,"Kenta Chida","Japan","Fencing","Fencing Men's Foil, Individual"
2012,"Kenta Chida","Japan","Fencing","Fencing Men's Foil, Team"
2012,"Chien Yu-Chin","Chinese Taipei","Badminton","Badminton Women's Doubles"
2012,"Marcelo Chierighini","Brazil","Swimming","Swimming Men's 4 x 100 metres Freestyle Relay"
2012,"Marcelo Chierighini","Brazil","Swimming","Swimming Men's 4 x 100 metres Medley Relay"
2012,"Simon Child","New Zealand","Hockey","Hockey Men's Hockey"
2012,"Eilidh Child-Doyle","Great Britain","Athletics","Athletics Women's 400 metres Hurdles"
2012,"Eilidh Child-Doyle","Great Britain","Athletics","Athletics Women's 4 x 400 metres Relay"
2012,"Chatuphum Chinnawong","Thailand","Weightlifting","Weightlifting Men's Middleweight"
2012,"Zulfiya Salakharovna Chinshanlo","Kazakhstan","Weightlifting","Weightlifting Women's Featherweight"
2012,"Rare Daniel Chintoan","Romania","Wrestling","Wrestling Men's Super-Heavyweight, Freestyle"
2012,"Mihnea Chioveanu","Romania","Water Polo","Water Polo Men's Water Polo"
2012,"Iosif Chiril","Romania","Canoeing","Canoeing Men's Canadian Singles, 1,000 metres"
2012,"Tatiana Chica","Moldova","Swimming","Swimming Women's 100 metres Breaststroke"
2012,"Roderick ""Rod"" Chisholm","Australia","Rowing","Rowing Men's Lightweight Double Sculls"
2012,"Shafiq Chitou","Benin","Boxing","Boxing Men's Lightweight"
2012,"Andreea Stefania Chiu","Romania","Judo","Judo Women's Half-Lightweight"
2012,"Freedom Chiya","South Africa","Beach Volleyball","Beach Volleyball Men's Beach Volleyball"
2012,"Zdenk Chldek","Czech Republic","Boxing","Boxing Men's Light-Welterweight"
2012,"Karolina Chlewiska","Poland","Fencing","Fencing Women's Foil, Team"
2012,"Cristian Andrs Chocho Len","Ecuador","Athletics","Athletics Men's 50 kilometres Walk"
2012,"Petra Chocov","Czech Republic","Swimming","Swimming Women's 100 metres Breaststroke"
2012,"Kunzang Choden","Bhutan","Shooting","Shooting Women's Air Rifle, 10 metres"
2012,"Choe Mi-Gyong","North Korea","Football","Football Women's Football"
2012,"Choe Un-Gyong","North Korea","Wrestling","Wrestling Women's Middleweight, Freestyle"
2012,"Choe Un-Ju","North Korea","Football","Football Women's Football"
2012,"Choe Yong-Sim","North Korea","Football","Football Women's Football"
2012,"Choi Byeong-Cheol","South Korea","Fencing","Fencing Men's Foil, Individual"
2012,"Choi Eun-Sook","South Korea","Fencing","Fencing Women's epee, Team"
2012,"Choi Gwang-Hyeon","South Korea","Judo","Judo Men's Extra-Lightweight"
2012,"Choi Gyu-Jin","South Korea","Wrestling","Wrestling Men's Featherweight, Greco-Roman"
2012,"Choi Gyu-Wung","South Korea","Swimming","Swimming Men's 200 metres Breaststroke"
2012,"Choi Hye-Ra","South Korea","Swimming","Swimming Women's 200 metres Butterfly"
2012,"Choi Hye-Ra","South Korea","Swimming","Swimming Women's 200 metres Individual Medley"
2012,"Choi Hyeon-Ju","South Korea","Archery","Archery Women's Individual"
2012,"Choi Hyeon-Ju","South Korea","Archery","Archery Women's Team"
2012,"Choi Im-Jeong","South Korea","Handball","Handball Women's Handball"
2012,"Choi In-Jeong","South Korea","Fencing","Fencing Women's epee, Individual"
2012,"Choi In-Jeong","South Korea","Fencing","Fencing Women's epee, Team"
2012,"Choi Ki Ho","Hong Kong","Cycling","Cycling Men's Omnium"
2012,"Nicholas Edward Choi","Hong Kong","Fencing","Fencing Men's Foil, Individual"
2012,"Choi Seung-Wu","South Korea","Cycling","Cycling Men's Team Pursuit, 4,000 metres"
2012,"Choi Yeong-Rae","South Korea","Shooting","Shooting Men's Air Pistol, 10 metres"
2012,"Choi Yeong-Rae","South Korea","Shooting","Shooting Men's Free Pistol, 50 metres"
2012,"Choi Yun-Hui","South Korea","Athletics","Athletics Women's Pole Vault"
2012,"Margarita Georgieva Chomakova","Bulgaria","Fencing","Fencing Women's Sabre, Individual"
2012,"Nyuk Lian ""Leanne"" Choo","Australia","Badminton","Badminton Women's Doubles"
2012,"Gilbert Choombe","Zambia","Boxing","Boxing Men's Light-Welterweight"
2012,"Chauness Chauzje Choosha","Zambia","Athletics","Athletics Women's 100 metres"
2012,"Mavzuna Chorieva","Tajikistan","Boxing","Boxing Women's Lightweight"
2012,"Dilshod Choriyev","Uzbekistan","Judo","Judo Men's Middleweight"
2012,"Rachid Chouhal","Malta","Athletics","Athletics Men's 100 metres"
2012,"Marouan Chouiref","Tunisia","Handball","Handball Men's Handball"
2012,"Maialen Chourraut Yurramendi","Spain","Canoeing","Canoeing Women's Kayak Singles, Slalom"
2012,"Shagun Chowdhary","India","Shooting","Shooting Women's Trap"
2012,"Kim Juhl Christensen","Denmark","Athletics","Athletics Men's Shot Put"
2012,"Brendan Kyle Akeem Christian","Antigua and Barbuda","Athletics","Athletics Men's 200 metres"
2012,"Carina Rosenvinge Christiansen","Denmark","Archery","Archery Women's Individual"
2012,"Carina Rosenvinge Christiansen","Denmark","Archery","Archery Women's Team"
2012,"Stphane Christidis","France","Sailing","Sailing Men's Skiff"
2012,"Chu Jinling","China","Volleyball","Volleyball Women's Volleyball"
2012,"Chu Hong Diu Linh","Vietnam","Taekwondo","Taekwondo Women's Welterweight"
2012,"Chuang Chia-Jung","Chinese Taipei","Tennis","Tennis Women's Doubles"
2012,"Chuang Chih-Yuan","Chinese Taipei","Table Tennis","Table Tennis Men's Singles"
2012,"Patricia ""Chuca"" de Oliveira Ferreira","Brazil","Basketball","Basketball Women's Basketball"
2012,"Iosif Ivanovich Chugoshvili","Belarus","Wrestling","Wrestling Men's Super-Heavyweight, Greco-Roman"
2012,"Illia Viktorovych Chuiev","Ukraine","Swimming","Swimming Men's 200 metres Butterfly"
2012,"Chika Yagazie Chukwumerije","Nigeria","Taekwondo","Taekwondo Men's Heavyweight"
2012,"Clarissa Kyoko Mei Ling Chun","United States","Wrestling","Wrestling Women's Flyweight, Freestyle"
2012,"Yelena Anatolyevna Churakova","Russia","Athletics","Athletics Women's 400 metres Hurdles"
2012,"Andrey Viktorovich Churilo","Belarus","Athletics","Athletics Men's High Jump"
2012,"Oksana Aleksandrovna Chusovitina","Germany","Gymnastics","Gymnastics Women's Team All-Around"
2012,"Oksana Aleksandrovna Chusovitina","Germany","Gymnastics","Gymnastics Women's Horse Vault"
2012,"Oksana Aleksandrovna Chusovitina","Germany","Gymnastics","Gymnastics Women's Balance Beam"
2012,"Marcos Antnio Quintino Chuva","Portugal","Athletics","Athletics Men's Long Jump"
2012,"Serhiy Oleksandrovych Chykanov","Ukraine","Rowing","Rowing Men's Coxed Eights"
2012,"Antonio Ciano","Italy","Judo","Judo Men's Half-Middleweight"
2012,"Greta Cicolari","Italy","Beach Volleyball","Beach Volleyball Women's Beach Volleyball"
2012,"Csar Augusto Cielo Filho","Brazil","Swimming","Swimming Men's 50 metres Freestyle"
2012,"Csar Augusto Cielo Filho","Brazil","Swimming","Swimming Men's 100 metres Freestyle"
2012,"Javier Cienfuegos Pinilla","Spain","Athletics","Athletics Men's Hammer Throw"
2012,"Marcin Cielak","Poland","Swimming","Swimming Men's 200 metres Butterfly"
2012,"Marcin Cielak","Poland","Swimming","Swimming Men's 200 metres Individual Medley"
2012,"Iva Ciglar","Croatia","Basketball","Basketball Women's Basketball"
2012,"Marin ili","Croatia","Tennis","Tennis Men's Singles"
2012,"Marin ili","Croatia","Tennis","Tennis Men's Doubles"
2012,"Ate nar","Turkey","Sailing","Sailing Men's Two Person Dinghy"
2012,"Deniz nar","Turkey","Sailing","Sailing Men's Two Person Dinghy"
2012,"Ondej Cink","Czech Republic","Cycling","Cycling Men's Mountainbike, Cross-Country"
2012,"Jeyvier Jess Cintrn Ocasio","Puerto Rico","Boxing","Boxing Men's Flyweight"
2012,"Mihaela Ciobanu Ciobanu","Spain","Handball","Handball Women's Handball"
2012,"Stefano Cipressi","Italy","Canoeing","Canoeing Men's Canadian Singles, Slalom"
2012,"Anatolii Crcu","Moldova","Weightlifting","Weightlifting Men's Middle-Heavyweight"
2012,"Christopher ""Chris"" Ciriello","Australia","Hockey","Hockey Men's Hockey"
2012,"Sorana Mihaela Crstea","Romania","Tennis","Tennis Women's Singles"
2012,"Sorana Mihaela Crstea","Romania","Tennis","Tennis Women's Doubles"
2012,"Omar Cisneros Bonora","Cuba","Athletics","Athletics Men's 400 metres Hurdles"
2012,"Omar Cisneros Bonora","Cuba","Athletics","Athletics Men's 4 x 400 metres Relay"
2012,"Saliou Ciss","Senegal","Football","Football Men's Football"
2012,"Sandie Clair","France","Cycling","Cycling Women's Team Sprint"
2012,"Stphane Clamens","France","Shooting","Shooting Men's Trap"
2012,"Edward ""Ed"" Clancy","Great Britain","Cycling","Cycling Men's Team Pursuit, 4,000 metres"
2012,"Edward ""Ed"" Clancy","Great Britain","Cycling","Cycling Men's Omnium"
2012,"Francesca Clapcich","Italy","Sailing","Sailing Women's One Person Dinghy"
2012,"Amanda Clark","United States","Sailing","Sailing Women's Two Person Dinghy"
2012,"Aoife Clark (Sisk-)","Ireland","Equestrianism","Equestrianism Mixed Three-Day Event, Individual"
2012,"Aoife Clark (Sisk-)","Ireland","Equestrianism","Equestrianism Mixed Three-Day Event, Team"
2012,"Daniel Mark ""Dan"" Clark","Great Britain","Basketball","Basketball Men's Basketball"
2012,"James Clark","Australia","Water Polo","Water Polo Men's Water Polo"
2012,"Katie Lauren Clark","Great Britain","Synchronized Swimming","Synchronized Swimming Women's Team"
2012,"Sarah Clark","Great Britain","Judo","Judo Women's Lightweight"
2012,"Saskia Clark","Great Britain","Sailing","Sailing Women's Two Person Dinghy"
2012,"Jonathan ""Jonty"" Clarke","Great Britain","Hockey","Hockey Men's Hockey"
2012,"Charles Lawrence Somerset Clarke","Great Britain","Athletics","Athletics Men's 110 metres Hurdles"
2012,"Richard Clarke","Canada","Sailing","Sailing Men's Two Person Keelboat"
2012,"Scott Tyler Clary","United States","Swimming","Swimming Men's 200 metres Backstroke"
2012,"Scott Tyler Clary","United States","Swimming","Swimming Men's 200 metres Butterfly"
2012,"Vctor Claver Arocas","Spain","Basketball","Basketball Men's Basketball"
2012,"William Bundu ""Will"" Claye","United States","Athletics","Athletics Men's Long Jump"
2012,"William Bundu ""Will"" Claye","United States","Athletics","Athletics Men's Triple Jump"
2012,"Custio Clayton","Canada","Boxing","Boxing Men's Welterweight"
2012,"Francesca Clayton","Great Britain","Water Polo","Water Polo Women's Water Polo"
2012,"Jacob Clear","Australia","Canoeing","Canoeing Men's Kayak Fours, 1,000 metres"
2012,"Timothy ""Tim"" Cleland","Australia","Water Polo","Water Polo Men's Water Polo"
2012,"Kerron Stephon Clement","United States","Athletics","Athletics Men's 400 metres Hurdles"
2012,"Valerio Cleri","Italy","Swimming","Swimming Men's 10 kilometres Open Water"
2012,"Thomas William ""Tom"" Cleverley","Great Britain","Football","Football Men's Football"
2012,"Marcus David Cleverly","Denmark","Handball","Handball Men's Handball"
2012,"Kim Antonie Lode Clijsters","Belgium","Tennis","Tennis Women's Singles"
2012,"Jade Close","Australia","Hockey","Hockey Women's Hockey"
2012,"lodie Pascaline Clouvel","France","Modern Pentathlon","Modern Pentathlon Women's Individual"
2012,"Sebastin Coates Nin","Uruguay","Football","Football Men's Football"
2012,"Yariulvis Cobas Garca","Cuba","Rowing","Rowing Women's Single Sculls"
2012,"Guilherme Henrique Cobbo","Brazil","Athletics","Athletics Men's High Jump"
2012,"Emma Jane Coburn","United States","Athletics","Athletics Women's 3,000 metres Steeplechase"
2012,"Ryan Andrew Cochrane","Canada","Swimming","Swimming Men's 400 metres Freestyle"
2012,"Ryan Andrew Cochrane","Canada","Swimming","Swimming Men's 1,500 metres Freestyle"
2012,"Ryan Cochrane","Canada","Canoeing","Canoeing Men's Kayak Doubles, 200 metres"
2012,"Ryan Cochrane","Canada","Canoeing","Canoeing Men's Kayak Doubles, 1,000 metres"
2012,"Alexandru Coci","Romania","Swimming","Swimming Men's 200 metres Butterfly"
2012,"Marius Iulian Cocioran","Romania","Athletics","Athletics Men's 50 kilometres Walk"
2012,"Karen Cockburn (-Turgeon)","Canada","Trampolining","Trampolining Women's Individual"
2012,"Roxana Daniela Coco","Romania","Weightlifting","Weightlifting Women's Light-Heavyweight"
2012,"Giovanni Orlando Codrington","Netherlands","Athletics","Athletics Men's 4 x 100 metres Relay"
2012,"Willem Coertzen","South Africa","Athletics","Athletics Men's Decathlon"
2012,"Pietie Coetzee","South Africa","Hockey","Hockey Women's Hockey"
2012,"Corey Cogdell-Unrein","United States","Shooting","Shooting Women's Trap"
2012,"Roxana Gabriela Cogianu","Romania","Rowing","Rowing Women's Coxed Eights"
2012,"Gil Cohen","Israel","Sailing","Sailing Women's Two Person Dinghy"
2012,"Nathan Cohen","New Zealand","Rowing","Rowing Men's Double Sculls"
2012,"Louis Steven Fabrice Coiffic","Mauritius","Athletics","Athletics Men's 100 metres"
2012,"Adelina Maria Cojocariu-Bogus","Romania","Rowing","Rowing Women's Coxed Eights"
2012,"Olesea Cojuhari","Moldova","Athletics","Athletics Women's 400 metres"
2012,"Brendan Cole","Australia","Athletics","Athletics Men's 400 metres Hurdles"
2012,"Brendan Cole","Australia","Athletics","Athletics Men's 4 x 400 metres Relay"
2012,"Charles ""Charlie"" Cole","United States","Rowing","Rowing Men's Coxless Fours"
2012,"Ellis E. Coleman","United States","Wrestling","Wrestling Men's Lightweight, Greco-Roman"
2012,"Michelle Elizabeth Coleman","Sweden","Swimming","Swimming Women's 4 x 100 metres Freestyle Relay"
2012,"Michelle Elizabeth Coleman","Sweden","Swimming","Swimming Women's 4 x 100 metres Medley Relay"
2012,"William ""Will"" Coleman, III","United States","Equestrianism","Equestrianism Mixed Three-Day Event, Individual"
2012,"William ""Will"" Coleman, III","United States","Equestrianism","Equestrianism Mixed Three-Day Event, Team"
2012,"Ndia Gomes Colhado","Brazil","Basketball","Basketball Women's Basketball"
2012,"Louis Richarno Colin","Mauritius","Boxing","Boxing Men's Light-Welterweight"
2012,"Enrique Collazo Pelaiz","Puerto Rico","Boxing","Boxing Men's Middleweight"
2012,"Rodolfo Anibal Collazo Tourn","Uruguay","Rowing","Rowing Men's Lightweight Double Sculls"
2012,"Williams Collazo Gutirrez","Cuba","Athletics","Athletics Men's 4 x 400 metres Relay"
2012,"Saruba Colley","Gambia","Athletics","Athletics Women's 100 metres"
2012,"Stefanie Lyn ""Stef"" Collins","Great Britain","Basketball","Basketball Women's Basketball"
2012,"Simone Collio","Italy","Athletics","Athletics Men's 4 x 100 metres Relay"
2012,"Carlos Coloma Nicols","Spain","Cycling","Cycling Men's Mountainbike, Cross-Country"
2012,"Carolina Colorado Henao","Colombia","Swimming","Swimming Women's 100 metres Backstroke"
2012,"Carolina Colorado Henao","Colombia","Swimming","Swimming Women's 200 metres Backstroke"
2012,"Reinaldo Colucci","Brazil","Triathlon","Triathlon Men's Olympic Distance"
2012,"Dimitri Colupaev","Germany","Swimming","Swimming Men's 4 x 200 metres Freestyle Relay"
2012,"Christopher ""Chris"" Colwill","United States","Diving","Diving Men's Springboard"
2012,"Brbara Roco Comba","Argentina","Athletics","Athletics Women's Discus Throw"
2012,"Benjamin Compaor","France","Athletics","Athletics Men's Triple Jump"
2012,"Robson Donato Conceio","Brazil","Boxing","Boxing Men's Lightweight"
2012,"Michael John Conlan","Ireland","Boxing","Boxing Men's Flyweight"
2012,"Kimberley Frances ""Kim"" Conley","United States","Athletics","Athletics Women's 5,000 metres"
2012,"Jared Connaughton","Canada","Athletics","Athletics Men's 200 metres"
2012,"Jared Connaughton","Canada","Athletics","Athletics Men's 4 x 100 metres Relay"
2012,"James ""Jimmy"" Connor","Australia","Diving","Diving Men's Platform"
2012,"Rosaria Console","Italy","Athletics","Athletics Women's Marathon"
2012,"Facundo Conte","Argentina","Volleyball","Volleyball Men's Volleyball"
2012,"Giulia Conti","Italy","Sailing","Sailing Women's Two Person Dinghy"
2012,"Edickson Contreras Bracho","Venezuela","Diving","Diving Men's Springboard"
2012,"Yeny Contreras Loyola","Chile","Taekwondo","Taekwondo Women's Featherweight"
2012,"Yudelquis Maridalia Contreras","Dominican Republic","Weightlifting","Weightlifting Women's Featherweight"
2012,"Sally Conway","Great Britain","Judo","Judo Women's Middleweight"
2012,"Gordon Cook","Canada","Sailing","Sailing Men's Skiff"
2012,"Natalie Louise Cook","Australia-2","Beach Volleyball","Beach Volleyball Women's Beach Volleyball"
2012,"Sarah Ann Patricia Cook","Australia","Rowing","Rowing Women's Coxed Eights"
2012,"Althea Kristina ""Tina"" Cook (Gifford-)","Great Britain","Equestrianism","Equestrianism Mixed Three-Day Event, Individual"
2012,"Althea Kristina ""Tina"" Cook (Gifford-)","Great Britain","Equestrianism","Equestrianism Mixed Three-Day Event, Team"
2012,"Nicole Denise Cooke","Great Britain","Cycling","Cycling Women's Road Race, Individual"
2012,"Reid Coolsaet","Canada","Athletics","Athletics Men's Marathon"
2012,"Melody Cooper","New Zealand","Hockey","Hockey Women's Hockey"
2012,"Anuradha Indrajith Cooray","Sri Lanka","Athletics","Athletics Men's Marathon"
2012,"Iztok op","Slovenia","Rowing","Rowing Men's Double Sculls"
2012,"Katherine Sarah ""Kat"" Copeland","Great Britain","Rowing","Rowing Women's Lightweight Double Sculls"
2012,"Leslie Arthur Copeland","Fiji","Athletics","Athletics Men's Javelin Throw"
2012,"Alexis Copello Snchez","Cuba","Athletics","Athletics Men's Triple Jump"
2012,"Erica Coppey","Belgium","Hockey","Hockey Women's Hockey"
2012,"Bryan Coquard","France","Cycling","Cycling Men's Omnium"
2012,"Carlos Cordero Gmez","Mexico","Athletics","Athletics Men's Marathon"
2012,"Audrey Cordon (-Ragot)","France","Cycling","Cycling Women's Road Race, Individual"
2012,"Audrey Cordon (-Ragot)","France","Cycling","Cycling Women's Individual Time Trial"
2012,"Kevin Haroldo Cordn Buezo","Guatemala","Badminton","Badminton Men's Singles"
2012,"Jack Frank Porteous Cork","Great Britain","Football","Football Men's Football"
2012,"Monique Adelinde Cornelissen","Netherlands","Equestrianism","Equestrianism Mixed Dressage, Individual"
2012,"Monique Adelinde Cornelissen","Netherlands","Equestrianism","Equestrianism Mixed Dressage, Team"
2012,"Jacob ""Jake"" Cornelius","United States","Rowing","Rowing Men's Coxed Eights"
2012,"Aliz Cornet","France","Tennis","Tennis Women's Singles"
2012,"Aliz Cornet","France","Tennis","Tennis Women's Doubles"
2012,"Dominique Cornu","Belgium","Cycling","Cycling Men's Team Pursuit, 4,000 metres"
2012,"Jos de Jess Corona Rodrguez","Mexico","Football","Football Men's Football"
2012,"Daniel Corral Barrn","Mexico","Gymnastics","Gymnastics Men's Parallel Bars"
2012,"Daniel Corral Barrn","Mexico","Gymnastics","Gymnastics Men's Pommelled Horse"
2012,"Luciano Ribeiro Corra","Brazil","Judo","Judo Men's Half-Heavyweight"
2012,"Miguel Antonio Correa","Argentina","Canoeing","Canoeing Men's Kayak Doubles, 200 metres"
2012,"Javier Corts Granados","Mexico","Football","Football Men's Football"
2012,"Onix Corts Aldama","Cuba","Judo","Judo Women's Middleweight"
2012,"Francisco ""Quico"" Corts Juncosa","Spain","Hockey","Hockey Men's Hockey"
2012,"Edgar Alejandro Cortez Espinoza","Nicaragua","Athletics","Athletics Men's 800 metres"
2012,"Javier Cortina Lacerra","Cuba","Wrestling","Wrestling Men's Heavyweight, Freestyle"
2012,"Jessica Charmoore Cosby (-Toruga)","United States","Athletics","Athletics Women's Hammer Throw"
2012,"Rose Cossar","Canada","Rhythmic Gymnastics","Rhythmic Gymnastics Women's Group"
2012,"Joo Carlos Calvete Pereira da Costa","Portugal","Shooting","Shooting Men's Air Pistol, 10 metres"
2012,"Joo Carlos Calvete Pereira da Costa","Portugal","Shooting","Shooting Men's Free Pistol, 50 metres"
2012,"Keila da Silva da Costa","Brazil","Athletics","Athletics Women's Triple Jump"
2012,"Kissya Cataldo da Costa","Brazil","Rowing","Rowing Women's Single Sculls"
2012,"Melania Felicitas Costa Schmid","Spain","Swimming","Swimming Women's 200 metres Freestyle"
2012,"Melania Felicitas Costa Schmid","Spain","Swimming","Swimming Women's 400 metres Freestyle"
2012,"Melania Felicitas Costa Schmid","Spain","Swimming","Swimming Women's 4 x 200 metres Freestyle Relay"
2012,"Melania Felicitas Costa Schmid","Spain","Swimming","Swimming Women's 4 x 100 metres Medley Relay"
2012,"Rui Alberto Faria da Costa","Portugal","Cycling","Cycling Men's Road Race, Individual"
2012,"Carolina del Pilar Costagrande","Italy","Volleyball","Volleyball Women's Volleyball"
2012,"Kalle Kristian Coster","Netherlands","Sailing","Sailing Men's Two Person Dinghy"
2012,"Sven Erik Coster","Netherlands","Sailing","Sailing Men's Two Person Dinghy"
2012,"Bernadette Coston","South Africa","Hockey","Hockey Women's Hockey"
2012,"John ""Johnno"" Cotterill","Australia","Water Polo","Water Polo Men's Water Polo"
2012,"Aleksandra Cotti","Italy","Water Polo","Water Polo Women's Water Polo"
2012,"Hctor Cotto Gonzlez","Puerto Rico","Athletics","Athletics Men's 110 metres Hurdles"
2012,"Amy Cotton","Canada","Judo","Judo Women's Half-Heavyweight"
2012,"Vlad Bogdan Cotuna","Romania","Gymnastics","Gymnastics Men's Team All-Around"
2012,"Vlad Bogdan Cotuna","Romania","Gymnastics","Gymnastics Men's Floor Exercise"
2012,"Vlad Bogdan Cotuna","Romania","Gymnastics","Gymnastics Men's Parallel Bars"
2012,"Vlad Bogdan Cotuna","Romania","Gymnastics","Gymnastics Men's Horizontal Bar"
2012,"Vlad Bogdan Cotuna","Romania","Gymnastics","Gymnastics Men's Rings"
2012,"Tonia Couch","Great Britain","Diving","Diving Women's Synchronized Platform"
2012,"Tiana Michelle Coudray","United States","Equestrianism","Equestrianism Mixed Three-Day Event, Individual"
2012,"Tiana Michelle Coudray","United States","Equestrianism","Equestrianism Mixed Three-Day Event, Team"
2012,"Bryn Coudraye","Australia","Rowing","Rowing Men's Coxed Eights"
2012,"Natalie Anne Coughlin (-Hall)","United States","Swimming","Swimming Women's 4 x 100 metres Freestyle Relay"
2012,"Franois Coulombe-Fortier","Canada","Taekwondo","Taekwondo Men's Heavyweight"
2012,"Charles Peter Cousins","Great Britain","Rowing","Rowing Men's Quadruple Sculls"
2012,"Geisa Aparecida Muniz Coutinho","Brazil","Athletics","Athletics Women's 400 metres"
2012,"Geisa Aparecida Muniz Coutinho","Brazil","Athletics","Athletics Women's 4 x 400 metres Relay"
2012,"Kurt Leonel da Rocha Couto","Mozambique","Athletics","Athletics Men's 400 metres Hurdles"
2012,"Alicia Jayne Coutts","Australia","Swimming","Swimming Women's 4 x 100 metres Freestyle Relay"
2012,"Alicia Jayne Coutts","Australia","Swimming","Swimming Women's 4 x 200 metres Freestyle Relay"
2012,"Alicia Jayne Coutts","Australia","Swimming","Swimming Women's 100 metres Butterfly"
2012,"Alicia Jayne Coutts","Australia","Swimming","Swimming Women's 200 metres Individual Medley"
2012,"Alicia Jayne Coutts","Australia","Swimming","Swimming Women's 4 x 100 metres Medley Relay"
2012,"Toms Cristbal Couve Correa","Chile","Equestrianism","Equestrianism Mixed Jumping, Individual"
2012,"Toms Cristbal Couve Correa","Chile","Equestrianism","Equestrianism Mixed Jumping, Team"
2012,"Dean Warren Couzins","New Zealand","Hockey","Hockey Men's Hockey"
2012,"Kirsty Leigh Coventry (-Seward)","Zimbabwe","Swimming","Swimming Women's 100 metres Backstroke"
2012,"Kirsty Leigh Coventry (-Seward)","Zimbabwe","Swimming","Swimming Women's 200 metres Backstroke"
2012,"Kirsty Leigh Coventry (-Seward)","Zimbabwe","Swimming","Swimming Women's 200 metres Individual Medley"
2012,"Sarah Cowley","New Zealand","Athletics","Athletics Women's Heptathlon"
2012,"Lionel Cox","Belgium","Shooting","Shooting Men's Small-Bore Rifle, Prone, 50 metres"
2012,"Shana Amanda Cox","Great Britain","Athletics","Athletics Women's 400 metres"
2012,"Shana Amanda Cox","Great Britain","Athletics","Athletics Women's 4 x 400 metres Relay"
2012,"Sophie Cox","Great Britain","Judo","Judo Women's Half-Lightweight"
2012,"Natalya Coyle","Ireland","Modern Pentathlon","Modern Pentathlon Women's Individual"
2012,"Marius Vasile Cozmiuc","Romania","Rowing","Rowing Men's Coxless Fours"
2012,"Alistair Ian Cragg","Ireland","Athletics","Athletics Men's 5,000 metres"
2012,"Hannah Craig","Ireland","Canoeing","Canoeing Women's Kayak Singles, Slalom"
2012,"Kameryn Louise ""Kami"" Craig","United States","Water Polo","Water Polo Women's Water Polo"
2012,"Brooke Leeann Crain","United States","Cycling","Cycling Women's BMX"
2012,"Lauren Crandall","United States","Hockey","Hockey Women's Hockey"
2012,"Robert ""Rob"" Crane","United States","Sailing","Sailing Men's One Person Dinghy"
2012,"Talitiga Crawley","Samoa","Taekwondo","Taekwondo Women's Heavyweight"
2012,"Dan Craven","Namibia","Cycling","Cycling Men's Road Race, Individual"
2012,"Sal Craviotto Rivero","Spain","Canoeing","Canoeing Men's Kayak Singles, 200 metres"
2012,"Peter Crawford","Australia","Basketball","Basketball Men's Basketball"
2012,"David William Crawshay","Australia","Rowing","Rowing Men's Double Sculls"
2012,"Esther Cremer","Germany","Athletics","Athletics Women's 4 x 400 metres Relay"
2012,"Pablo Crer","Argentina","Volleyball","Volleyball Men's Volleyball"
2012,"Margalida Cresp Jaume","Spain","Synchronized Swimming","Synchronized Swimming Women's Team"
2012,"Edgar Roberto Crespo Echeverra","Panama","Swimming","Swimming Men's 100 metres Breaststroke"
2012,"Adrian Crian","Romania","Table Tennis","Table Tennis Men's Singles"
2012,"Wilmer Crisanto Casildo","Honduras","Football","Football Men's Football"
2012,"Sebastian Eduardo Crismanich","Argentina","Taekwondo","Taekwondo Men's Welterweight"
2012,"Jessica Crisp","Australia","Sailing","Sailing Women's Windsurfer"
2012,"Cristiane Rozeira de Souza Silva","Brazil","Football","Football Women's Football"
2012,"Jos Everardo Cristbal Quirino","Mexico","Canoeing","Canoeing Men's Canadian Singles, 200 metres"
2012,"Jos Everardo Cristbal Quirino","Mexico","Canoeing","Canoeing Men's Canadian Singles, 1,000 metres"
2012,"Paola Croce","Italy","Volleyball","Volleyball Women's Volleyball"
2012,"Louis Croenen","Belgium","Swimming","Swimming Men's 4 x 200 metres Freestyle Relay"
2012,"Sabrina Crognale","Italy","Modern Pentathlon","Modern Pentathlon Women's Individual"
2012,"Florin Ionu Croitoru","Romania","Weightlifting","Weightlifting Men's Bantamweight"
2012,"Andrew Peter Cronje","South Africa","Hockey","Hockey Men's Hockey"
2012,"Toni Maree Cronk","Australia","Hockey","Hockey Women's Hockey"
2012,"Will Crothers","Canada","Rowing","Rowing Men's Coxed Eights"
2012,"Charl Crous","South Africa","Swimming","Swimming Men's 100 metres Backstroke"
2012,"Charl Crous","South Africa","Swimming","Swimming Men's 4 x 100 metres Medley Relay"
2012,"Francisca Crovetto Chadid","Chile","Shooting","Shooting Women's Skeet"
2012,"Kimberley ""Kim"" Crow-Brennan","Australia","Rowing","Rowing Women's Single Sculls"
2012,"Kimberley ""Kim"" Crow-Brennan","Australia","Rowing","Rowing Women's Double Sculls"
2012,"Clarisse Maria Pinho Cruz","Portugal","Athletics","Athletics Women's 3,000 metres Steeplechase"
2012,"Eglis Yaima Cruz Farfn","Cuba","Shooting","Shooting Women's Air Rifle, 10 metres"
2012,"Eglis Yaima Cruz Farfn","Cuba","Shooting","Shooting Women's Small-Bore Rifle, Three Positions, 50 metres"
2012,"Yanet Cruz Cruz","Cuba","Athletics","Athletics Women's Javelin Throw"
2012,"Dra Csabai","Hungary","Water Polo","Water Polo Women's Water Polo"
2012,"Gbor Csszr","Hungary","Handball","Handball Men's Handball"
2012,"Lszl Cseh, Jr.","Hungary","Swimming","Swimming Men's 4 x 200 metres Freestyle Relay"
2012,"Lszl Cseh, Jr.","Hungary","Swimming","Swimming Men's 200 metres Butterfly"
2012,"Lszl Cseh, Jr.","Hungary","Swimming","Swimming Men's 200 metres Individual Medley"
2012,"Lszl Cseh, Jr.","Hungary","Swimming","Swimming Men's 400 metres Individual Medley"
2012,"Lszl Cseh, Jr.","Hungary","Swimming","Swimming Men's 4 x 100 metres Medley Relay"
2012,"va Csernoviczki","Hungary","Judo","Judo Women's Extra-Lightweight"
2012,"Douglas Csima","Canada","Rowing","Rowing Men's Coxed Eights"
2012,"Lszl Csoknyai","Hungary","Judo","Judo Men's Half-Middleweight"
2012,"Zsfia Katalin Csonka","Hungary","Shooting","Shooting Women's Air Pistol, 10 metres"
2012,"Zsfia Katalin Csonka","Hungary","Shooting","Shooting Women's Sporting Pistol, 25 metres"
2012,"Vernica Mara Cuadrado Dehesa","Spain","Handball","Handball Women's Handball"
2012,"Francisco Cubelos Snchez","Spain","Canoeing","Canoeing Men's Kayak Singles, 1,000 metres"
2012,"Yann Cucherat","France","Gymnastics","Gymnastics Men's Team All-Around"
2012,"Yann Cucherat","France","Gymnastics","Gymnastics Men's Parallel Bars"
2012,"Yann Cucherat","France","Gymnastics","Gymnastics Men's Horizontal Bar"
2012,"Joanne Cuddihy","Ireland","Athletics","Athletics Women's 400 metres"
2012,"Joanne Cuddihy","Ireland","Athletics","Athletics Women's 4 x 400 metres Relay"
2012,"Virginie Cueff","France","Cycling","Cycling Women's Sprint"
2012,"Virginie Cueff","France","Cycling","Cycling Women's Team Sprint"
2012,"Michelle Cueni","Switzerland","Athletics","Athletics Women's 4 x 100 metres Relay"
2012,"Elias Miguel Cuesta Cobo","Spain","Archery","Archery Men's Individual"
2012,"Gustavo Cuesta Rosario","Dominican Republic","Athletics","Athletics Men's 4 x 400 metres Relay"
2012,"Winder Bolivar Cuevas Prez","Dominican Republic","Athletics","Athletics Men's 400 metres Hurdles"
2012,"Cui Qiuxia","China","Hockey","Hockey Women's Hockey"
2012,"Chay Crista Kerio Cullen","Great Britain","Hockey","Hockey Women's Hockey"
2012,"Julie Culley","United States","Athletics","Athletics Women's 5,000 metres"
2012,"Javier Culson Prez","Puerto Rico","Athletics","Athletics Men's 400 metres Hurdles"
2012,"Leandro Leme da Cunha","Brazil","Judo","Judo Men's Half-Lightweight"
2012,"Petar Cupa","Croatia","Sailing","Sailing Men's Skiff"
2012,"Ivan upi","Croatia","Handball","Handball Men's Handball"
2012,"Ben Cureton","Australia","Rowing","Rowing Men's Lightweight Coxless Fours"
2012,"Nina Curtis","Australia","Sailing","Sailing Women's Three Person Keelboat"
2012,"Florin Curuea","Romania","Rowing","Rowing Men's Coxless Fours"
2012,"Dalibor utura","Serbia","Handball","Handball Men's Handball"
2012,"Adam Cwalina","Poland","Badminton","Badminton Men's Doubles"
2012,"Przemysaw Czajkowski","Poland","Athletics","Athletics Men's Discus Throw"
2012,"Mria Czakov","Slovakia","Athletics","Athletics Women's 20 kilometres Walk"
2012,"Eszter Czkus","Hungary","Synchronized Swimming","Synchronized Swimming Women's Duet"
2012,"Konrad Czerniak","Poland","Swimming","Swimming Men's 100 metres Freestyle"
2012,"Konrad Czerniak","Poland","Swimming","Swimming Men's 100 metres Butterfly"
2012,"Maria Czenik","Poland","Triathlon","Triathlon Women's Olympic Distance"
2012,"Dra Czigny","Hungary","Water Polo","Water Polo Women's Water Polo"
2012,"Sylwia Magdalena Czwojdziska-Gawlikowska","Poland","Modern Pentathlon","Modern Pentathlon Women's Individual"
2012,"Michal D'Almeida","France","Cycling","Cycling Men's Team Sprint"
2012,"Francesco D'Aniello","Italy","Shooting","Shooting Men's Double Trap"
2012,"Nicholas James ""Nick"" D'Arcy","Australia","Swimming","Swimming Men's 200 metres Butterfly"
2012,"Christopher Lima da Costa","Sao Tome and Principe","Athletics","Athletics Men's 100 metres"
2012,"Pedro Henrique de Miranda da Cunha","Brazil-2","Beach Volleyball","Beach Volleyball Men's Beach Volleyball"
2012,"Ruy Leme da Fonseca Filho","Brazil","Equestrianism","Equestrianism Mixed Three-Day Event, Individual"
2012,"Ruy Leme da Fonseca Filho","Brazil","Equestrianism","Equestrianism Mixed Three-Day Event, Team"
2012,"Duane Da Rocha Marc","Spain","Swimming","Swimming Women's 100 metres Backstroke"
2012,"Duane Da Rocha Marc","Spain","Swimming","Swimming Women's 200 metres Backstroke"
2012,"Duane Da Rocha Marc","Spain","Swimming","Swimming Women's 4 x 100 metres Medley Relay"
2012,"Adriana Aparecida da Silva","Brazil","Athletics","Athletics Women's Marathon"
2012,"Diogo Andr Silvestre da Silva","Brazil","Taekwondo","Taekwondo Men's Featherweight"
2012,"Fernanda Frana da Silva","Brazil","Handball","Handball Women's Handball"
2012,"Gal da Silva","France","Gymnastics","Gymnastics Men's Team All-Around"
2012,"Gal da Silva","France","Gymnastics","Gymnastics Men's Floor Exercise"
2012,"Gal da Silva","France","Gymnastics","Gymnastics Men's Horizontal Bar"
2012,"Gal da Silva","France","Gymnastics","Gymnastics Men's Rings"
2012,"Holder Ocante da Silva","Guinea Bissau","Athletics","Athletics Men's 100 metres"
2012,"Lgia Santos da Silva","Brazil","Table Tennis","Table Tennis Women's Singles"
2012,"Lgia Santos da Silva","Brazil","Table Tennis","Table Tennis Women's Team"
2012,"Mayra Aguiar da Silva","Brazil","Judo","Judo Women's Half-Heavyweight"
2012,"Rafael Carlos da Silva","Brazil","Judo","Judo Men's Heavyweight"
2012,"Rui Pedro S Alves da Silva","Portugal","Athletics","Athletics Men's Marathon"
2012,"Aldemir Gomes da Silva Jnior","Brazil","Athletics","Athletics Men's 200 metres"
2012,"Aldemir Gomes da Silva Jnior","Brazil","Athletics","Athletics Men's 4 x 100 metres Relay"
2012,"Tejitu Daba Chalchissa","Bahrain","Athletics","Athletics Women's 5,000 metres"
2012,"Vencelas Dabaya Tientcheu","France","Weightlifting","Weightlifting Men's Lightweight"
2012,"Ivona Dadic","Austria","Athletics","Athletics Women's Heptathlon"
2012,"Atthaphon Daengchanthuek","Thailand","Weightlifting","Weightlifting Men's Lightweight"
2012,"Adeola Adedokun ""Ade"" Dagunduro","Nigeria","Basketball","Basketball Men's Basketball"
2012,"Anton Carl Diderik Dahlberg","Sweden","Sailing","Sailing Men's Two Person Dinghy"
2012,"Dan Anders Hkan Dahlby","Sweden","Shooting","Shooting Men's Double Trap"
2012,"Gunn Rita Dahle-Flesj","Norway","Cycling","Cycling Women's Mountainbike, Cross-Country"
2012,"Jennifer ""Jenny"" Dahlgren Fitzner","Argentina","Athletics","Athletics Women's Hammer Throw"
2012,"Lisa Karolina Viktoria Dahlkvist","Sweden","Football","Football Women's Football"
2012,"Fatima Abdullah Suleiman Al-Dahman","Yemen","Athletics","Athletics Women's 100 metres"
2012,"Dai Jun","China","Swimming","Swimming Men's 1,500 metres Freestyle"
2012,"Dai Jun","China","Swimming","Swimming Men's 4 x 200 metres Freestyle Relay"
2012,"Dai Xiaoxiang","China","Archery","Archery Men's Individual"
2012,"Dai Xiaoxiang","China","Archery","Archery Men's Team"
2012,"Daiane Menezes Rodrigues","Brazil","Football","Football Women's Football"
2012,"tienne Daille","France","Canoeing","Canoeing Men's Kayak Singles, Slalom"
2012,"Detelin Stefanov Dalakliev","Bulgaria","Boxing","Boxing Men's Bantamweight"
2012,"Camilla Dalby","Denmark","Handball","Handball Women's Handball"
2012,"Thomas Robert ""Tom"" Daley","Great Britain","Diving","Diving Men's Platform"
2012,"Thomas Robert ""Tom"" Daley","Great Britain","Diving","Diving Men's Synchronized Platform"
2012,"Yasemin Begm Dalgalar","Turkey","Basketball","Basketball Women's Basketball"
2012,"Phillip Peter ""Phil"" Dalhausser","United States-2","Beach Volleyball","Beach Volleyball Men's Beach Volleyball"
2012,"Francesca Dallap","Italy","Diving","Diving Women's Springboard"
2012,"Francesca Dallap","Italy","Diving","Diving Women's Synchronized Springboard"
2012,"Jacob ""Jake"" Dalton","United States","Gymnastics","Gymnastics Men's Team All-Around"
2012,"Jacob ""Jake"" Dalton","United States","Gymnastics","Gymnastics Men's Floor Exercise"
2012,"Jacob ""Jake"" Dalton","United States","Gymnastics","Gymnastics Men's Horse Vault"
2012,"Jacob ""Jake"" Dalton","United States","Gymnastics","Gymnastics Men's Rings"
2012,"Meline Daluzyan","Armenia","Weightlifting","Weightlifting Women's Light-Heavyweight"
2012,"Matthew ""Matt"" Daly","Great Britain","Hockey","Hockey Men's Hockey"
2012,"Georgeta Damian-Andrunache","Romania","Rowing","Rowing Women's Coxless Pairs"
2012,"Leandro Damio da Silva dos Santos","Brazil","Football","Football Men's Football"
2012,"Marina Damlaimcourt Uceda","Spain","Triathlon","Triathlon Women's Olympic Distance"
2012,"Sulette Damons","South Africa","Hockey","Hockey Women's Hockey"
2012,"Zara Jade Dampney","Great Britain","Beach Volleyball","Beach Volleyball Women's Beach Volleyball"
2012,"Blandine Dancette","France","Handball","Handball Women's Handball"
2012,"Silviya Georgieva Danekova","Bulgaria","Athletics","Athletics Women's 3,000 metres Steeplechase"
2012,"Daniele Danesin","Italy","Rowing","Rowing Men's Lightweight Coxless Fours"
2012,"Dang Ye-Seo","South Korea","Table Tennis","Table Tennis Women's Team"
2012,"Lola Danhaive","Belgium","Hockey","Hockey Women's Hockey"
2012,"Debra Daniel","Federated States of Micronesia","Swimming","Swimming Women's 50 metres Freestyle"
2012,"Roger Peter Daniel","Trinidad and Tobago","Shooting","Shooting Men's Air Pistol, 10 metres"
2012,"Roger Peter Daniel","Trinidad and Tobago","Shooting","Shooting Men's Free Pistol, 50 metres"
2012,"Thomas Daniel","Austria","Modern Pentathlon","Modern Pentathlon Men's Individual"
2012,"Danilo Luiz da Silva","Brazil","Football","Football Men's Football"
2012,"Yelena Igorevna Danilochkina (-Kirillova)","Russia","Basketball","Basketball Women's Basketball"
2012,"Johanna Danois","France","Athletics","Athletics Women's 4 x 100 metres Relay"
2012,"Alexandra Mary L. ""Alex"" Danson","Great Britain","Hockey","Hockey Women's Hockey"
2012,"Damiris Dantas do Amaral","Brazil","Basketball","Basketball Women's Basketball"
2012,"Dante Guimares Santos do Amaral","Brazil","Volleyball","Volleyball Men's Volleyball"
2012,"Fabio Daprel","Switzerland","Football","Football Men's Football"
2012,"Fabiana ""Dara"" Carvalho Carneiro Diniz","Brazil","Handball","Handball Women's Handball"
2012,"Eszter Dara","Hungary","Swimming","Swimming Women's 100 metres Freestyle"
2012,"Eszter Dara","Hungary","Swimming","Swimming Women's 4 x 100 metres Freestyle Relay"
2012,"Eszter Dara","Hungary","Swimming","Swimming Women's 4 x 100 metres Medley Relay"
2012,"Radu Drban","Romania","Fencing","Fencing Men's Foil, Individual"
2012,"Steve Darcis","Belgium","Tennis","Tennis Men's Singles"
2012,"Garfield Darien","France","Athletics","Athletics Men's 110 metres Hurdles"
2012,"Clopatre Darleux","France","Handball","Handball Women's Handball"
2012,"Neslihan Demir Darnel","Turkey","Volleyball","Volleyball Women's Volleyball"
2012,"Maoulida Daroueche","Comoros","Athletics","Athletics Men's 400 metres Hurdles"
2012,"Abdelali Darra","Morocco","Boxing","Boxing Men's Light-Flyweight"
2012,"Aya Nasr Al-Din Ibrahim Ali Darwish","Egypt","Synchronized Swimming","Synchronized Swimming Women's Team"
2012,"Ihab Mahmud Darwish Almatbouli","Jordan","Boxing","Boxing Men's Light-Heavyweight"
2012,"Mohamed Abdullah Abbas Darwish","United Arab Emirates","Athletics","Athletics Men's Triple Jump"
2012,"Ramadan Darwish Ramadan Darwish","Egypt","Judo","Judo Men's Half-Heavyweight"
2012,"Ankita Das","India","Table Tennis","Table Tennis Women's Singles"
2012,"Oyeyemi Olugbenga Olatokunbo James Dasaolu","Great Britain","Athletics","Athletics Men's 100 metres"
2012,"Claudia Dasca Romeu","Spain","Swimming","Swimming Women's 400 metres Individual Medley"
2012,"Aylin Dadelen","Turkey","Weightlifting","Weightlifting Women's Featherweight"
2012,"Zurabi Datunashvili","Georgia","Wrestling","Wrestling Men's Middleweight, Greco-Roman"
2012,"Joris Nattan Daudet","France","Cycling","Cycling Men's BMX"
2012,"Davaadorjiin Tmrkhleg","Mongolia","Judo","Judo Men's Extra-Lightweight"
2012,"Davaasukhiin Otgontsetseg","Mongolia","Wrestling","Wrestling Women's Flyweight, Freestyle"
2012,"Ross Paul Davenport","Great Britain","Swimming","Swimming Men's 4 x 200 metres Freestyle Relay"
2012,"Kaingaue David","Kiribati","Athletics","Athletics Women's 100 metres"
2012,"Illse Davids","South Africa","Hockey","Hockey Women's Hockey"
2012,"Caryn Davies","United States","Rowing","Rowing Women's Coxed Eights"
2012,"David ""Dave"" Davies","Great Britain","Swimming","Swimming Men's 1,500 metres Freestyle"
2012,"Georgia Beth Davies","Great Britain","Swimming","Swimming Women's 100 metres Backstroke"
2012,"Desiree Nicole Davila-Linden","United States","Athletics","Athletics Women's Marathon"
2012,"Alistair Davis","South Africa","Shooting","Shooting Men's Double Trap"
2012,"Anthony Marshon Davis, Jr.","United States","Basketball","Basketball Men's Basketball"
2012,"Arnaud Dubois","Belgium","Cycling","Cycling Men's BMX"
2012,"Hannah Davis","Australia","Canoeing","Canoeing Women's Kayak Fours, 500 metres"
2012,"James-Andrew Davis","Great Britain","Fencing","Fencing Men's Foil, Individual"
2012,"James-Andrew Davis","Great Britain","Fencing","Fencing Men's Foil, Team"
2012,"Nicole Marie Davis","United States","Volleyball","Volleyball Women's Volleyball"
2012,"Wayne Courtney Davis","Trinidad and Tobago","Athletics","Athletics Men's 110 metres Hurdles"
2012,"Lea Davison","United States","Cycling","Cycling Women's Mountainbike, Cross-Country"
2012,"Richard John Davison","Great Britain","Equestrianism","Equestrianism Mixed Dressage, Individual"
2012,"Artur Davtyan","Armenia","Gymnastics","Gymnastics Men's Individual All-Around"
2012,"Artur Davtyan","Armenia","Gymnastics","Gymnastics Men's Floor Exercise"
2012,"Artur Davtyan","Armenia","Gymnastics","Gymnastics Men's Horse Vault"
2012,"Artur Davtyan","Armenia","Gymnastics","Gymnastics Men's Parallel Bars"
2012,"Artur Davtyan","Armenia","Gymnastics","Gymnastics Men's Horizontal Bar"
2012,"Artur Davtyan","Armenia","Gymnastics","Gymnastics Men's Rings"
2012,"Artur Davtyan","Armenia","Gymnastics","Gymnastics Men's Pommelled Horse"
2012,"Hovhannes Davtyan","Armenia","Judo","Judo Men's Extra-Lightweight"
2012,"Nikolay Vladimirovich Davydenko","Russia","Tennis","Tennis Men's Singles"
2012,"Nikolay Vladimirovich Davydenko","Russia","Tennis","Tennis Men's Doubles"
2012,"Yekaterina Yevgenyevna Davydenko","Russia","Handball","Handball Women's Handball"
2012,"Anastasiya Semyonovna Davydova","Russia","Synchronized Swimming","Synchronized Swimming Women's Team"
2012,"Irina Andreyevna Davydova","Russia","Athletics","Athletics Women's 400 metres Hurdles"
2012,"Nadin Dawani","Jordan","Taekwondo","Taekwondo Women's Heavyweight"
2012,"Aleksandra Katarzyna Dawidowicz","Poland","Cycling","Cycling Women's Mountainbike, Cross-Country"
2012,"Edward James Eddie Dawkins","New Zealand","Cycling","Cycling Men's Sprint"
2012,"Edward James Eddie Dawkins","New Zealand","Cycling","Cycling Men's Team Sprint"
2012,"Katrina Elizabeth ""Katie"" Dawkins","Great Britain","Synchronized Swimming","Synchronized Swimming Women's Team"
2012,"Craig Dawson","Great Britain","Football","Football Men's Football"
2012,"Michael ""Mike"" Dawson","New Zealand","Canoeing","Canoeing Men's Kayak Singles, Slalom"
2012,"Rachel Dawson","United States","Hockey","Hockey Women's Hockey"
2012,"Christine Day","Jamaica","Athletics","Athletics Women's 400 metres"
2012,"Christine Day","Jamaica","Athletics","Athletics Women's 4 x 400 metres Relay"
2012,"Sharon Day (-Monroe)","United States","Athletics","Athletics Women's Heptathlon"
2012,"Mara Silvina D'Elia","Argentina","Hockey","Hockey Women's Hockey"
2012,"De Jiaojiao","China","Hockey","Hockey Women's Hockey"
2012,"Mateo de Angulo Velasco","Colombia","Swimming","Swimming Men's 400 metres Freestyle"
2012,"Marisa de Aniceto","France","Athletics","Athletics Women's Heptathlon"
2012,"Luana Bartholo de Assis","Brazil","Rowing","Rowing Women's Lightweight Double Sculls"
2012,"Bruno Lins Tenrio de Barros","Brazil","Athletics","Athletics Men's 200 metres"
2012,"Bruno Lins Tenrio de Barros","Brazil","Athletics","Athletics Men's 4 x 100 metres Relay"
2012,"Willem Frederik Andries ""Willie"" de Beer","South Africa","Athletics","Athletics Men's 4 x 400 metres Relay"
2012,"Merel Manon de Blaey","Netherlands","Hockey","Hockey Women's Hockey"
2012,"Myke Michel Ribeiro de Carvalho","Brazil","Boxing","Boxing Men's Welterweight"
2012,"Csar Augusto Aquino de Castro","Brazil","Diving","Diving Men's Springboard"
2012,"Luciano de Cecco","Argentina","Volleyball","Volleyball Men's Volleyball"
2012,"Csar Ernesto de Cesare Grassi","Ecuador","Canoeing","Canoeing Men's Kayak Singles, 200 metres"
2012,"Nando de Colo","France","Basketball","Basketball Men's Basketball"
2012,"Simon De Cuyper","Belgium","Triathlon","Triathlon Men's Olympic Distance"
2012,"Leonardo Gomes de Deus","Brazil","Swimming","Swimming Men's 200 metres Backstroke"
2012,"Leonardo Gomes de Deus","Brazil","Swimming","Swimming Men's 200 metres Butterfly"
2012,"Harumy Mariko de Freitas","Brazil","Gymnastics","Gymnastics Women's Team All-Around"
2012,"Harumy Mariko de Freitas","Brazil","Gymnastics","Gymnastics Women's Balance Beam"
2012,"David de Gea Quintana","Spain","Football","Football Men's Football"
2012,"Monica De Gennaro","Italy","Volleyball","Volleyball Women's Volleyball"
2012,"Eva Roma Maria de Goede","Netherlands","Hockey","Hockey Women's Hockey"
2012,"Stephanie De Groof","Belgium","Hockey","Hockey Women's Hockey"
2012,"Robyn de Groot","South Africa","Cycling","Cycling Women's Road Race, Individual"
2012,"Sytske Louise de Groot","Netherlands","Rowing","Rowing Women's Coxed Eights"
2012,"Annemiek Nicolien de Haan","Netherlands","Rowing","Rowing Women's Coxed Eights"
2012,"Shaun de Jager","South Africa","Athletics","Athletics Men's 4 x 400 metres Relay"
2012,"Robenlson Vieira de Jesus","Brazil","Boxing","Boxing Men's Bantamweight"
2012,"Rachelle De Jong-Viinberg","Canada","Rowing","Rowing Women's Coxed Eights"
2012,"Mark de Jonge","Canada","Canoeing","Canoeing Men's Kayak Singles, 200 metres"
2012,"Kenny De Ketele","Belgium","Cycling","Cycling Men's Team Pursuit, 4,000 metres"
2012,"Bethania de la Cruz de Pea","Dominican Republic","Volleyball","Volleyball Women's Volleyball"
2012,"Juan Mara de la Fuente","Argentina","Sailing","Sailing Men's Two Person Dinghy"
2012,"Jos Kelvin de la Nieve Linares","Spain","Boxing","Boxing Men's Light-Flyweight"
2012,"Gustavo Augusto Roxo de Lima","Portugal","Sailing","Sailing Men's One Person Dinghy"
2012,"Jailma Sales de Lima","Brazil","Athletics","Athletics Women's 400 metres Hurdles"
2012,"Jailma Sales de Lima","Brazil","Athletics","Athletics Women's 4 x 400 metres Relay"
2012,"Marco De Luca","Italy","Athletics","Athletics Men's 50 kilometres Walk"
2012,"Riccardo De Luca","Italy","Modern Pentathlon","Modern Pentathlon Men's Individual"
2012,"Enrico De Maria","Switzerland","Sailing","Sailing Men's Two Person Keelboat"
2012,"Andressa Oliveira de Morais","Brazil","Athletics","Athletics Women's Discus Throw"
2012,"Marco Alessandro De Nicolo","Italy","Shooting","Shooting Men's Air Rifle, 10 metres"
2012,"Marco Alessandro De Nicolo","Italy","Shooting","Shooting Men's Small-Bore Rifle, Three Positions, 50 metres"
2012,"Marco Alessandro De Nicolo","Italy","Shooting","Shooting Men's Small-Bore Rifle, Prone, 50 metres"
2012,"Teun Floris de Nooijer","Netherlands","Hockey","Hockey Men's Hockey"
2012,"Daynara Lopes Ferreira de Paula","Brazil","Swimming","Swimming Women's 100 metres Freestyle"
2012,"Daynara Lopes Ferreira de Paula","Brazil","Swimming","Swimming Women's 100 metres Butterfly"
2012,"Alexandre De Saedeleer","Belgium","Hockey","Hockey Men's Hockey"
2012,"Manuel De Vecchi","Italy","Cycling","Cycling Men's BMX"
2012,"Moira De Villiers","New Zealand","Judo","Judo Women's Middleweight"
2012,"Liesbet De Vocht","Belgium","Cycling","Cycling Women's Road Race, Individual"
2012,"Liesbet De Vocht","Belgium","Cycling","Cycling Women's Individual Time Trial"
2012,"Bob de Voogd","Netherlands","Hockey","Hockey Men's Hockey"
2012,"Charlotte De Vos","Belgium","Hockey","Hockey Women's Hockey"
2012,"Sander Sebastiaan de Wijn","Netherlands","Hockey","Hockey Men's Hockey"
2012,"Reginald de Windt","Individual Olympic Athletes","Judo","Judo Men's Half-Middleweight"
2012,"Liam Andrew De Young","Australia","Hockey","Hockey Men's Hockey"
2012,"Matthias de Zordo","Germany","Athletics","Athletics Men's Javelin Throw"
2012,"Marcell Dek Nagy","Hungary","Athletics","Athletics Men's 400 metres"
2012,"Mihly Dek-Brdos","Hungary","Wrestling","Wrestling Men's Super-Heavyweight, Greco-Roman"
2012,"Nathan Douglas Deakes","Australia","Athletics","Athletics Men's 50 kilometres Walk"
2012,"Roderick Genki Dean","Japan","Athletics","Athletics Men's Javelin Throw"
2012,"William ""Will"" Dean","Canada","Rowing","Rowing Men's Coxless Fours"
2012,"Timothy Deavin","Australia","Hockey","Hockey Men's Hockey"
2012,"Rajmond Debevec","Slovenia","Shooting","Shooting Men's Small-Bore Rifle, Three Positions, 50 metres"
2012,"Rajmond Debevec","Slovenia","Shooting","Shooting Men's Small-Bore Rifle, Prone, 50 metres"
2012,"Lucie Dcosse","France","Judo","Judo Women's Middleweight"
2012,"Oskar Deecke","Germany","Hockey","Hockey Men's Hockey"
2012,"Lisa-Marie Deetlefs","South Africa","Hockey","Hockey Women's Hockey"
2012,"Meseret Defar Tola","Ethiopia","Athletics","Athletics Women's 5,000 metres"
2012,"John Degenkolb","Germany","Cycling","Cycling Men's Road Race, Individual"
2012,"Adrien Deghelt","Belgium","Athletics","Athletics Men's 110 metres Hurdles"
2012,"Yegor Andreyevich Degtyaryov","Russia","Swimming","Swimming Men's 400 metres Freestyle"
2012,"Zahra Dehghan Abnavi","Iran","Archery","Archery Women's Individual"
2012,"Markus Deibler","Germany","Swimming","Swimming Men's 4 x 100 metres Freestyle Relay"
2012,"Markus Deibler","Germany","Swimming","Swimming Men's 200 metres Individual Medley"
2012,"Markus Deibler","Germany","Swimming","Swimming Men's 4 x 100 metres Medley Relay"
2012,"Steffen Deibler","Germany","Swimming","Swimming Men's 100 metres Butterfly"
2012,"Steffen Deibler","Germany","Swimming","Swimming Men's 4 x 100 metres Medley Relay"
2012,"Jrme Dekeyser","Belgium","Hockey","Hockey Men's Hockey"
2012,"Inge Dekker","Netherlands","Swimming","Swimming Women's 4 x 100 metres Freestyle Relay"
2012,"Inge Dekker","Netherlands","Swimming","Swimming Women's 100 metres Butterfly"
2012,"Inge Dekker","Netherlands","Swimming","Swimming Women's 4 x 100 metres Medley Relay"
2012,"Dieter Dekoninck","Belgium","Swimming","Swimming Men's 4 x 100 metres Freestyle Relay"
2012,"Dieter Dekoninck","Belgium","Swimming","Swimming Men's 4 x 200 metres Freestyle Relay"
2012,"Tatyana Valeryevna Dektyareva","Russia","Athletics","Athletics Women's 100 metres Hurdles"
2012,"Bianca Del Carretto","Italy","Fencing","Fencing Women's epee, Individual"
2012,"Bianca Del Carretto","Italy","Fencing","Fencing Women's epee, Team"
2012,"Antonella Del Core","Italy","Volleyball","Volleyball Women's Volleyball"
2012,"Juan Martn del Potro","Argentina","Tennis","Tennis Men's Singles"
2012,"Juan Martn del Potro","Argentina","Tennis","Tennis Mixed Doubles"
2012,"Matas Andrs del Solar Goldsmith","Chile","Sailing","Sailing Men's One Person Dinghy"
2012,"Evangelos Ioannis ""Vangelis"" Delakas","Greece","Water Polo","Water Polo Men's Water Polo"
2012,"Miguel Delas de Andrs","Spain","Hockey","Hockey Men's Hockey"
2012,"Marie Claire Delattre-Demory","France","Canoeing","Canoeing Women's Kayak Fours, 500 metres"
2012,"Stany Delayre","France","Rowing","Rowing Men's Lightweight Double Sculls"
2012,"Simon Delestre","France","Equestrianism","Equestrianism Mixed Jumping, Individual"
2012,"Simon Delestre","France","Equestrianism","Equestrianism Mixed Jumping, Team"
2012,"Carlos Francisco Delfino","Argentina","Basketball","Basketball Men's Basketball"
2012,"Blanca Isabel Delgado Plancarte","Mexico","Synchronized Swimming","Synchronized Swimming Women's Duet"
2012,"Marlo Delgado Suarez","Ecuador","Boxing","Boxing Men's Middleweight"
2012,"Marie-Laure Delie","France","Football","Football Women's Football"
2012,"Nikolaos Deligiannis","Greece","Water Polo","Water Polo Men's Water Polo"
2012,"Natalie Dell","United States","Rowing","Rowing Women's Quadruple Sculls"
2012,"Francesco Dell'Uomo","Italy","Diving","Diving Men's Platform"
2012,"Casey Dellacqua","Australia-2","Tennis","Tennis Women's Doubles"
2012,"Matthew ""Matt"" Dellavedova","Australia","Basketball","Basketball Men's Basketball"
2012,"Moana Delle","Germany","Sailing","Sailing Women's Windsurfer"
2012,"Nico Luca Marc Delle Karth","Austria","Sailing","Sailing Men's Skiff"
2012,"Hlne Delme","Belgium","Hockey","Hockey Women's Hockey"
2012,"Cynthia ""Janay"" DeLoach (-Soukup)","United States","Athletics","Athletics Women's Long Jump"
2012,"Nicholas ""Nick"" Delpopolo","United States","Judo","Judo Men's Lightweight"
2012,"Dmytro Oleksiyovych Dem'ianiuk","Ukraine","Athletics","Athletics Men's High Jump"
2012,"Andrey Yuryevich Demanov","Russia","Weightlifting","Weightlifting Men's Middle-Heavyweight"
2012,"Arnaud Demare","France","Cycling","Cycling Men's Road Race, Individual"
2012,"Moussa Dembele","Senegal","Athletics","Athletics Men's 110 metres Hurdles"
2012,"Siraba Dembl","France","Handball","Handball Women's Handball"
2012,"Dirk Demeersman","Belgium","Equestrianism","Equestrianism Mixed Jumping, Individual"
2012,"Dirk Demeersman","Belgium","Equestrianism","Equestrianism Mixed Jumping, Team"
2012,"Yana Mykhailivna Dementieva","Ukraine","Rowing","Rowing Women's Quadruple Sculls"
2012,"Oksana Yevgenyevna Demidova","Belarus","Swimming","Swimming Women's 4 x 100 metres Freestyle Relay"
2012,"Jeffery ""Jeff"" Demps","United States","Athletics","Athletics Men's 4 x 100 metres Relay"
2012,"Nicholas Charles ""Nick"" Dempsey","Great Britain","Sailing","Sailing Men's Windsurfer"
2012,"Lashinda Monique Demus","United States","Athletics","Athletics Women's 400 metres Hurdles"
2012,"Valentin Demyanenko","Azerbaijan","Canoeing","Canoeing Men's Canadian Singles, 200 metres"
2012,"Hanna Demydova","Ukraine","Athletics","Athletics Women's Triple Jump"
2012,"Kouami Sacha Denanyoh","Togo","Judo","Judo Men's Half-Middleweight"
2012,"Felix Denayer","Belgium","Hockey","Hockey Men's Hockey"
2012,"Deng Daokun","China","Sailing","Sailing Men's Two Person Dinghy"
2012,"Deng Linlin","China","Gymnastics","Gymnastics Women's Individual All-Around"
2012,"Deng Linlin","China","Gymnastics","Gymnastics Women's Team All-Around"
2012,"Deng Linlin","China","Gymnastics","Gymnastics Women's Floor Exercise"
2012,"Deng Linlin","China","Gymnastics","Gymnastics Women's Uneven Bars"
2012,"Deng Linlin","China","Gymnastics","Gymnastics Women's Balance Beam"
2012,"Luol Ajou Deng","Great Britain","Basketball","Basketball Men's Basketball"
2012,"Deng Senyue","China","Rhythmic Gymnastics","Rhythmic Gymnastics Women's Individual"
2012,"Deni","Indonesia","Weightlifting","Weightlifting Men's Lightweight"
2012,"Aleksey Alekseyevich Denisenko","Russia","Taekwondo","Taekwondo Men's Flyweight"
2012,"Kirill Georgiyevich Denisov","Russia","Judo","Judo Men's Middleweight"
2012,"Joel Dennerley","Australia","Water Polo","Water Polo Men's Water Polo"
2012,"Rohan Dennis","Australia","Cycling","Cycling Men's Team Pursuit, 4,000 metres"
2012,"Kate Dennison (-Rooney)","Great Britain","Athletics","Athletics Women's Pole Vault"
2012,"Erin Densham","Australia","Triathlon","Triathlon Women's Olympic Distance"
2012,"Martin Dent","Australia","Athletics","Athletics Men's Marathon"
2012,"Deonise Fachinello Cavaleiro","Brazil","Handball","Handball Women's Handball"
2012,"Aleksey Viktorovich Dergunov","Kazakhstan","Canoeing","Canoeing Men's Kayak Doubles, 200 metres"
2012,"Aleksey Viktorovich Dergunov","Kazakhstan","Canoeing","Canoeing Men's Kayak Doubles, 1,000 metres"
2012,"Inna Vasilyevna Deriglazova","Russia","Fencing","Fencing Women's Foil, Individual"
2012,"Inna Vasilyevna Deriglazova","Russia","Fencing","Fencing Women's Foil, Team"
2012,"Audrey Deroin","France","Handball","Handball Women's Handball"
2012,"Betlhem Desalegn Belayneh","United Arab Emirates","Athletics","Athletics Women's 1,500 metres"
2012,"Oreidis Despaigne Terry","Cuba","Judo","Judo Men's Half-Heavyweight"
2012,"Robelis Despaigne Sanquet","Cuba","Taekwondo","Taekwondo Men's Heavyweight"
2012,"Alexandre Despatie","Canada","Diving","Diving Men's Springboard"
2012,"Alexandre Despatie","Canada","Diving","Diving Men's Synchronized Springboard"
2012,"Damien Desprat Lerale","Monaco","Sailing","Sailing Men's One Person Dinghy"
2012,"Linouse Desravine","Haiti","Judo","Judo Women's Half-Lightweight"
2012,"Bereket Desta Gebretsadik","Ethiopia","Athletics","Athletics Men's 400 metres"
2012,"Itte Detenamo","Nauru","Weightlifting","Weightlifting Men's Super-Heavyweight"
2012,"Dina Detre","Hungary","Sailing","Sailing Women's Windsurfer"
2012,"Gabriele Detti","Italy","Swimming","Swimming Men's 1,500 metres Freestyle"
2012,"Laishram Bombayla Devi","India","Archery","Archery Women's Individual"
2012,"Laishram Bombayla Devi","India","Archery","Archery Women's Team"
2012,"Somdev Kishore Devvarman","India","Tennis","Tennis Men's Singles"
2012,"Darya Sergeyevna Deyeva","Russia","Swimming","Swimming Women's 100 metres Breaststroke"
2012,"Timofey Aleksandrovich Deynichenko","Belarus","Wrestling","Wrestling Men's Heavyweight, Greco-Roman"
2012,"Radoje eri","Serbia","Rowing","Rowing Men's Coxless Fours"
2012,"Ivana erisilo (Stankovi-)","Serbia","Volleyball","Volleyball Women's Volleyball"
2012,"Aisling D'Hooghe","Belgium","Hockey","Hockey Women's Hockey"
2012,"Jolien D'hoore","Belgium","Cycling","Cycling Women's Omnium"
2012,"Shreya Dhital","Nepal","Swimming","Swimming Women's 100 metres Freestyle"
2012,"Marco di Carli","Germany","Swimming","Swimming Men's 100 metres Freestyle"
2012,"Marco di Carli","Germany","Swimming","Swimming Men's 4 x 100 metres Freestyle Relay"
2012,"Marco di Carli","Germany","Swimming","Swimming Men's 4 x 100 metres Medley Relay"
2012,"Elisa Di Francisca","Italy","Fencing","Fencing Women's Foil, Individual"
2012,"Elisa Di Francisca","Italy","Fencing","Fencing Women's Foil, Team"
2012,"Alex Di Giorgio","Italy","Swimming","Swimming Men's 4 x 200 metres Freestyle Relay"
2012,"Tania Di Mario","Italy","Water Polo","Water Polo Women's Water Polo"
2012,"Daniele Di Spigno","Italy","Shooting","Shooting Men's Double Trap"
2012,"Mirco Ametrano Di Tora","Italy","Swimming","Swimming Men's 100 metres Backstroke"
2012,"Mirco Ametrano Di Tora","Italy","Swimming","Swimming Men's 4 x 100 metres Medley Relay"
2012,"Nicolae Virgil Diaconu","Romania","Water Polo","Water Polo Men's Water Polo"
2012,"Mohamed Diam","Senegal","Football","Football Men's Football"
2012,"Michael Constantine Diamond (Diamondopoulous-)","Australia","Shooting","Shooting Men's Trap"
2012,"Natlie Dianov","Czech Republic","Modern Pentathlon","Modern Pentathlon Women's Individual"
2012,"Boris Babacar Diaw-Riffiod","France","Basketball","Basketball Men's Basketball"
2012,"Yakhouba Diawara","France","Basketball","Basketball Men's Basketball"
2012,"Hidilyn Diaz","Philippines","Weightlifting","Weightlifting Women's Lightweight"
2012,"Jos Daniel Daz Robertti","Venezuela","Wrestling","Wrestling Men's Light-Heavyweight, Freestyle"
2012,"Rodrigo Daz","Colombia","Equestrianism","Equestrianism Mixed Jumping, Individual"
2012,"Joseph Pedroza Diaz, Jr.","United States","Boxing","Boxing Men's Bantamweight"
2012,"Genzebe Dibaba Keneni","Ethiopia","Athletics","Athletics Women's 1,500 metres"
2012,"Mare Dibaba Hurssa (-Ibrahimova-)","Ethiopia","Athletics","Athletics Women's Marathon"
2012,"Tirunesh Dibaba Keneni","Ethiopia","Athletics","Athletics Women's 5,000 metres"
2012,"Tirunesh Dibaba Keneni","Ethiopia","Athletics","Athletics Women's 10,000 metres"
2012,"Andrew Adibo Dick","Nigeria","Wrestling","Wrestling Men's Light-Heavyweight, Freestyle"
2012,"Andrew Scott Dickens","Canada","Swimming","Swimming Men's 100 metres Breaststroke"
2012,"Andrew Scott Dickens","Canada","Swimming","Swimming Men's 200 metres Breaststroke"
2012,"Andrew Scott Dickens","Canada","Swimming","Swimming Men's 4 x 100 metres Medley Relay"
2012,"Arnie Bradley W. Dickins","Australia","Judo","Judo Men's Extra-Lightweight"
2012,"Laurent Didier","Luxembourg","Cycling","Cycling Men's Road Race, Individual"
2012,"Oleksandr Ihorovych Didukh","Ukraine","Table Tennis","Table Tennis Men's Singles"
2012,"Katja Dieckow","Germany","Diving","Diving Women's Springboard"
2012,"Bineta Didhiou","Senegal","Taekwondo","Taekwondo Women's Featherweight"
2012,"Hortence Didhiou","Senegal","Judo","Judo Women's Lightweight"
2012,"Ifeoma Nnenna Dieke","Great Britain","Football","Football Women's Football"
2012,"Nathalie Dielen","Switzerland","Archery","Archery Women's Individual"
2012,"Heidi Diethelm Gerber","Switzerland","Shooting","Shooting Women's Air Pistol, 10 metres"
2012,"Heidi Diethelm Gerber","Switzerland","Shooting","Shooting Women's Sporting Pistol, 25 metres"
2012,"Tina Dietze","Germany","Canoeing","Canoeing Women's Kayak Doubles, 500 metres"
2012,"Tina Dietze","Germany","Canoeing","Canoeing Women's Kayak Fours, 500 metres"
2012,"Jennifer Digbeu (-Gadiou)","France","Basketball","Basketball Women's Basketball"
2012,"Valiyaveetil Diju","India","Badminton","Badminton Mixed Doubles"
2012,"Yusuf Dike","Turkey","Shooting","Shooting Men's Air Pistol, 10 metres"
2012,"Yusuf Dike","Turkey","Shooting","Shooting Men's Free Pistol, 50 metres"
2012,"Askhat Rakhatovich Dilmukhamedov","Kazakhstan","Wrestling","Wrestling Men's Middleweight, Greco-Roman"
2012,"Stefanos Dimitriadis","Greece","Swimming","Swimming Men's 100 metres Butterfly"
2012,"Stefanos Dimitriadis","Greece","Swimming","Swimming Men's 200 metres Butterfly"
2012,"Dobromir Dimitrov Dimitrov","Bulgaria","Volleyball","Volleyball Men's Volleyball"
2012,"Grigor Dimitrov Dimitrov","Bulgaria","Tennis","Tennis Men's Singles"
2012,"Dionisis Dimou","Greece","Sailing","Sailing Men's Skiff"
2012,"Didier Dominique Dinart","France","Handball","Handball Men's Handball"
2012,"Muller Dinda Kambambela","Gabon","Football","Football Men's Football"
2012,"Ding Feng","China","Shooting","Shooting Men's Rapid-Fire Pistol, 25 metres"
2012,"Ding Jinhui","China","Basketball","Basketball Men's Basketball"
2012,"Ding Ning","China","Table Tennis","Table Tennis Women's Singles"
2012,"Ding Ning","China","Table Tennis","Table Tennis Women's Team"
2012,"Yohann Diniz","France","Athletics","Athletics Men's 50 kilometres Walk"
2012,"Luciana Diniz-Knippling","Portugal","Equestrianism","Equestrianism Mixed Jumping, Individual"
2012,"Loredana Dinu (Iordchioiu-)","Romania","Fencing","Fencing Women's epee, Team"
2012,"Ikechukwu Somtochukwu ""Ike"" Diogu","Nigeria","Basketball","Basketball Men's Basketball"
2012,"Nuria Lidn Diosdado Garca","Mexico","Synchronized Swimming","Synchronized Swimming Women's Duet"
2012,"Carlien Clemens Dirkse van den Heuvel","Netherlands","Hockey","Hockey Women's Hockey"
2012,"Etenesh Diro Neda","Ethiopia","Athletics","Athletics Women's 3,000 metres Steeplechase"
2012,"Wiam Dislam","Morocco","Taekwondo","Taekwondo Women's Heavyweight"
2012,"James Disney-May","Great Britain","Swimming","Swimming Men's 4 x 100 metres Freestyle Relay"
2012,"Constantina Di-Tomescu","Romania","Athletics","Athletics Women's Marathon"
2012,"Anja Dittmer","Germany","Triathlon","Triathlon Women's Olympic Distance"
2012,"Erica Dittmer Kane","Mexico","Swimming","Swimming Women's 200 metres Individual Medley"
2012,"Nina Dittrich","Austria","Swimming","Swimming Women's 800 metres Freestyle"
2012,"Diamond Brittany Dixon","United States","Athletics","Athletics Women's 4 x 400 metres Relay"
2012,"Tervel Ivaylov Dlagnev","United States","Wrestling","Wrestling Men's Super-Heavyweight, Freestyle"
2012,"Amanda Sinegugu Dlamini","South Africa","Football","Football Women's Football"
2012,"Denis Sergeyevich Dmitriyev","Russia","Cycling","Cycling Men's Sprint"
2012,"Denis Sergeyevich Dmitriyev","Russia","Cycling","Cycling Men's Team Sprint"
2012,"Darya Andreyevna Dmitriyeva","Russia","Rhythmic Gymnastics","Rhythmic Gymnastics Women's Individual"
2012,"Olena Mykolavna Dmytrash","Ukraine","Rhythmic Gymnastics","Rhythmic Gymnastics Women's Group"
2012,"Ruslan Hryhorovych Dmytrenko","Ukraine","Athletics","Athletics Men's 20 kilometres Walk"
2012,"Tommaso D'Orsogna","Australia","Swimming","Swimming Men's 4 x 100 metres Freestyle Relay"
2012,"Tommaso D'Orsogna","Australia","Swimming","Swimming Men's 4 x 100 metres Medley Relay"
2012,"Lisa Jane Dobriskey (Soos-)","Great Britain","Athletics","Athletics Women's 1,500 metres"
2012,"Rafa Dobrowolski","Poland","Archery","Archery Men's Individual"
2012,"Nataliya Volodymyrivna Dobrynska","Ukraine","Athletics","Athletics Women's Heptathlon"
2012,"Nika Dobud","Croatia","Water Polo","Water Polo Men's Water Polo"
2012,"Mathieu Doby","Belgium","Canoeing","Canoeing Men's Kayak Singles, Slalom"
2012,"Bevan John Docherty","New Zealand","Triathlon","Triathlon Men's Olympic Distance"
2012,"Alvaro Affonso ""Doda"" de Miranda Neto","Brazil","Equestrianism","Equestrianism Mixed Jumping, Individual"
2012,"Alvaro Affonso ""Doda"" de Miranda Neto","Brazil","Equestrianism","Equestrianism Mixed Jumping, Team"
2012,"Dalibor Doder","Sweden","Handball","Handball Men's Handball"
2012,"Ivan Dodig","Croatia","Tennis","Tennis Men's Singles"
2012,"Ivan Dodig","Croatia","Tennis","Tennis Men's Doubles"
2012,"Bahar Doan","Turkey","Athletics","Athletics Women's Marathon"
2012,"Isaac Dogboe","Ghana","Boxing","Boxing Men's Bantamweight"
2012,"Anna Aleksandre Dogonadze-Lilkendey","Germany","Trampolining","Trampolining Women's Individual"
2012,"John-John Dohmen","Belgium","Hockey","Hockey Men's Hockey"
2012,"Anna Doi","Japan","Athletics","Athletics Women's 4 x 100 metres Relay"
2012,"Manami Doi","Japan","Sailing","Sailing Women's One Person Dinghy"
2012,"Eleni Doika","Greece","Rhythmic Gymnastics","Rhythmic Gymnastics Women's Group"
2012,"Dieudonne Dolassem","Cameroon","Judo","Judo Men's Middleweight"
2012,"Mikhail Viktorovich Dolgolevets","Belarus","Boxing","Boxing Men's Light-Heavyweight"
2012,"Yury Viktorovich Dolgopolov","Belarus","Shooting","Shooting Men's Air Pistol, 10 metres"
2012,"Tiberiu Alexandru Dolniceanu","Romania","Fencing","Fencing Men's Sabre, Individual"
2012,"Tiberiu Alexandru Dolniceanu","Romania","Fencing","Fencing Men's Sabre, Team"
2012,"Burcu Dolunay","Turkey","Swimming","Swimming Women's 50 metres Freestyle"
2012,"Burcu Dolunay","Turkey","Swimming","Swimming Women's 100 metres Freestyle"
2012,"Rudolf Dombi","Hungary","Canoeing","Canoeing Men's Kayak Doubles, 1,000 metres"
2012,"Afonso Manuel Costa Gaspar da Silva Domingos","Portugal","Sailing","Sailing Men's Two Person Keelboat"
2012,"lvaro Domnguez Soto","Spain","Football","Football Men's Football"
2012,"Marta Domnguez Azpeleta","Spain","Athletics","Athletics Women's 3,000 metres Steeplechase"
2012,"Yoslaine Domnguez Cedeo","Cuba","Rowing","Rowing Women's Lightweight Double Sculls"
2012,"Yulieth Paola Domnguez Ochoa","Colombia","Football","Football Women's Football"
2012,"Tamika Skye Domrow","Australia","Synchronized Swimming","Synchronized Swimming Women's Team"
2012,"Jake Donaghey","Australia","Canoeing","Canoeing Men's Canadian Singles, 1,000 metres"
2012,"Jake Donaghey","Australia","Canoeing","Canoeing Men's Canadian Doubles, 1,000 metres"
2012,"Claire Christine Donahue","United States","Swimming","Swimming Women's 100 metres Butterfly"
2012,"Claire Christine Donahue","United States","Swimming","Swimming Women's 4 x 100 metres Medley Relay"
2012,"Fabrizio Donato","Italy","Athletics","Athletics Men's Triple Jump"
2012,"Karin Donckers","Belgium","Equestrianism","Equestrianism Mixed Three-Day Event, Individual"
2012,"Karin Donckers","Belgium","Equestrianism","Equestrianism Mixed Three-Day Event, Team"
2012,"Nazl ala Dnerta","Turkey","Sailing","Sailing Women's One Person Dinghy"
2012,"Dong Bin","China","Athletics","Athletics Men's Triple Jump"
2012,"Dong Cheng","China","Boxing","Boxing Women's Lightweight"
2012,"Dong Dong","China","Trampolining","Trampolining Men's Individual"
2012,"Dong Guojian","China","Athletics","Athletics Men's Marathon"
2012,"Rubens Valeriano Donizete","Brazil","Cycling","Cycling Men's Mountainbike, Cross-Country"
2012,"Ulyana Vyacheslavovna Donskova","Russia","Rhythmic Gymnastics","Rhythmic Gymnastics Women's Group"
2012,"Clemens Doppler","Austria","Beach Volleyball","Beach Volleyball Men's Beach Volleyball"
2012,"Munkhbayar Dorjsuren","Germany","Shooting","Shooting Women's Air Pistol, 10 metres"
2012,"Munkhbayar Dorjsuren","Germany","Shooting","Shooting Women's Sporting Pistol, 25 metres"
2012,"Dorjsurengiin Sumiya","Mongolia","Judo","Judo Women's Lightweight"
2012,"Irina Dorneanu","Romania","Rowing","Rowing Women's Coxed Eights"
2012,"Tetiana Mykolavna Dorokhova","Ukraine","Archery","Archery Women's Individual"
2012,"Tetiana Mykolavna Dorokhova","Ukraine","Archery","Archery Women's Team"
2012,"Marharyta Serhivna Dorozhon","Ukraine","Athletics","Athletics Women's Javelin Throw"
2012,"Aline Leone dos Santos","Brazil","Athletics","Athletics Women's 4 x 400 metres Relay"
2012,"Clarissa Cristina dos Santos","Brazil","Basketball","Basketball Women's Basketball"
2012,"Daiane Garcia dos Santos","Brazil","Gymnastics","Gymnastics Women's Team All-Around"
2012,"Daiane Garcia dos Santos","Brazil","Gymnastics","Gymnastics Women's Floor Exercise"
2012,"Daiane Garcia dos Santos","Brazil","Gymnastics","Gymnastics Women's Uneven Bars"
2012,"Evelyn Carolina de Oliveira dos Santos","Brazil","Athletics","Athletics Women's 200 metres"
2012,"Evelyn Carolina de Oliveira dos Santos","Brazil","Athletics","Athletics Women's 4 x 100 metres Relay"
2012,"Giovani dos Santos Ramrez","Mexico","Football","Football Men's Football"
2012,"Ivo dos Santos","Australia","Judo","Judo Men's Half-Lightweight"
2012,"Marlson Gomes dos Santos","Brazil","Athletics","Athletics Men's Marathon"
2012,"Josef Dostl","Czech Republic","Canoeing","Canoeing Men's Kayak Fours, 1,000 metres"
2012,"Luca Dotto","Italy","Swimming","Swimming Men's 50 metres Freestyle"
2012,"Luca Dotto","Italy","Swimming","Swimming Men's 100 metres Freestyle"
2012,"Luca Dotto","Italy","Swimming","Swimming Men's 4 x 100 metres Freestyle Relay"
2012,"Luca Dotto","Italy","Swimming","Swimming Men's 4 x 100 metres Medley Relay"
2012,"Natasa Douchev-Janics","Hungary","Canoeing","Canoeing Women's Kayak Singles, 200 metres"
2012,"Natasa Douchev-Janics","Hungary","Canoeing","Canoeing Women's Kayak Doubles, 500 metres"
2012,"Ladji Doucour","France","Athletics","Athletics Men's 110 metres Hurdles"
2012,"Gabrielle Christina Victoria ""Gabby"" Douglas","United States","Gymnastics","Gymnastics Women's Individual All-Around"
2012,"Gabrielle Christina Victoria ""Gabby"" Douglas","United States","Gymnastics","Gymnastics Women's Team All-Around"
2012,"Gabrielle Christina Victoria ""Gabby"" Douglas","United States","Gymnastics","Gymnastics Women's Floor Exercise"
2012,"Gabrielle Christina Victoria ""Gabby"" Douglas","United States","Gymnastics","Gymnastics Women's Uneven Bars"
2012,"Gabrielle Christina Victoria ""Gabby"" Douglas","United States","Gymnastics","Gymnastics Women's Balance Beam"
2012,"Gregory ""Greg"" Douglas","Canada","Sailing","Sailing Men's One Person Heavyweight Dinghy"
2012,"Athina Douka","Greece","Shooting","Shooting Women's Air Pistol, 10 metres"
2012,"Konstantinos Alexandros ""Kostas"" Douvalidis-Ricks","Greece","Athletics","Athletics Men's 110 metres Hurdles"
2012,"Olga Vyacheslavovna Dovgun (Belyayeva-)","Kazakhstan","Shooting","Shooting Women's Air Rifle, 10 metres"
2012,"Olga Vyacheslavovna Dovgun (Belyayeva-)","Kazakhstan","Shooting","Shooting Women's Small-Bore Rifle, Three Positions, 50 metres"
2012,"Ivan Viktorovych Dovhodko","Ukraine","Rowing","Rowing Men's Quadruple Sculls"
2012,"Nataliya Viktorivna Dovhodko","Ukraine","Rowing","Rowing Women's Quadruple Sculls"
2012,"Sled Dowabobo","Nauru","Judo","Judo Men's Lightweight"
2012,"Anna Dowgiert","Poland","Swimming","Swimming Women's 50 metres Freestyle"
2012,"Marcin Doga","Poland","Weightlifting","Weightlifting Men's Heavyweight"
2012," Th Ngn Thng","Vietnam","Gymnastics","Gymnastics Women's Uneven Bars"
2012," Th Ngn Thng","Vietnam","Gymnastics","Gymnastics Women's Balance Beam"
2012,"Ana oki","Montenegro","Handball","Handball Women's Handball"
2012,"Novak okovi","Serbia","Tennis","Tennis Men's Singles"
2012,"Novak okovi","Serbia-2","Tennis","Tennis Men's Doubles"
2012,"Anna Ivanovna Drabenya","Belarus","Athletics","Athletics Women's 20 kilometres Walk"
2012,"Marie-Louise Drger","Germany","Rowing","Rowing Women's Single Sculls"
2012,"Stanislav Eduardovich Dragun","Belarus","Football","Football Men's Football"
2012,"Eduard Mihai Drguin","Romania","Water Polo","Water Polo Men's Water Polo"
2012,"Felix Drahotta","Germany","Rowing","Rowing Men's Coxless Pairs"
2012,"Theodora Drakou","Greece","Swimming","Swimming Women's 50 metres Freestyle"
2012,"Theodora Drakou","Greece","Swimming","Swimming Women's 4 x 100 metres Freestyle Relay"
2012,"Rok Draki","Slovenia","Judo","Judo Men's Half-Lightweight"
2012,"Rahamatou Dram","Mali","Athletics","Athletics Women's 100 metres Hurdles"
2012,"Warwick Draper","Australia","Canoeing","Canoeing Men's Kayak Singles, Slalom"
2012,"Jessica Margaret Aida ""Jess"" Draskau-Petersson","Denmark","Athletics","Athletics Women's Marathon"
2012,"Boko Drakovi","Montenegro","Boxing","Boxing Men's Light-Heavyweight"
2012,"Dragan Drakovi","Montenegro","Water Polo","Water Polo Men's Water Polo"
2012,"Darius Draudvila","Lithuania","Athletics","Athletics Men's Decathlon"
2012,"Rita Drvucz","Hungary","Water Polo","Water Polo Women's Water Polo"
2012,"Rasa Drazdauskait","Lithuania","Athletics","Athletics Women's Marathon"
2012,"Serhiy Volodymyrovych Drebot","Ukraine","Judo","Judo Men's Half-Lightweight"
2012,"Dion Christian Dreesens","Netherlands","Swimming","Swimming Men's 200 metres Freestyle"
2012,"Aleksandar Drenovak","Serbia","Boxing","Boxing Men's Middleweight"
2012,"Ingrid Drexel Clouthier","Mexico","Cycling","Cycling Women's Road Race, Individual"
2012,"Hilde Drexler","Austria","Judo","Judo Women's Half-Middleweight"
2012,"Nicolaas ""Nick"" Driebergen","Netherlands","Swimming","Swimming Men's 100 metres Backstroke"
2012,"Nicolaas ""Nick"" Driebergen","Netherlands","Swimming","Swimming Men's 200 metres Backstroke"
2012,"Nicolaas ""Nick"" Driebergen","Netherlands","Swimming","Swimming Men's 4 x 100 metres Medley Relay"
2012,"Annika Elise Madsen Dries","United States","Water Polo","Water Polo Women's Water Polo"
2012,"Paul Andrew Drinkhall","Great Britain","Table Tennis","Table Tennis Men's Singles"
2012,"Paul Andrew Drinkhall","Great Britain","Table Tennis","Table Tennis Men's Team"
2012,"Hamza Al-Driouch","Qatar","Athletics","Athletics Men's 1,500 metres"
2012,"Katherine Joan ""Kat"" Driscoll","Great Britain","Trampolining","Trampolining Women's Individual"
2012,"Josip Drmi","Switzerland","Football","Football Men's Football"
2012,"Derek Drouin","Canada","Athletics","Athletics Men's High Jump"
2012,"Tatyana Yevgenyevna Drozdovskaya","Belarus","Sailing","Sailing Women's One Person Dinghy"
2012,"Timothy Drummond","South Africa","Hockey","Hockey Men's Hockey"
2012,"Nadja Drygalla","Germany","Rowing","Rowing Women's Coxed Eights"
2012,"Oleksandr Volodymyrovych Dryhol","Ukraine","Athletics","Athletics Men's Hammer Throw"
2012,"Ioannis Drymonakos","Greece","Swimming","Swimming Men's 200 metres Butterfly"
2012,"Ioannis Drymonakos","Greece","Swimming","Swimming Men's 400 metres Individual Medley"
2012,"Aleksey Nikolayevich Dryomin","Russia","Athletics","Athletics Men's 110 metres Hurdles"
2012,"Alexander Mah Owens Drysdale","New Zealand","Rowing","Rowing Men's Single Sculls"
2012,"Du Li","China","Shooting","Shooting Women's Small-Bore Rifle, Three Positions, 50 metres"
2012,"Du Yu","China","Shooting","Shooting Men's Trap"
2012,"Fabio Andrs Duarte Arevalo","Colombia","Cycling","Cycling Men's Road Race, Individual"
2012,"Fabio Andrs Duarte Arevalo","Colombia","Cycling","Cycling Men's Individual Time Trial"
2012,"Danielle Dube","Canada","Sailing","Sailing Women's One Person Dinghy"
2012,"Stphanie Dubois","Canada","Tennis","Tennis Women's Doubles"
2012,"Olga Aleksandrovna Dubovskaya","Belarus","Athletics","Athletics Women's Marathon"
2012,"Natalia Duc Soler","Chile","Athletics","Athletics Women's Shot Put"
2012,"Mauro Vinicius Hilario Loureno ""Duda"" da Silva","Brazil","Athletics","Athletics Men's Long Jump"
2012,"Mihail Duda","Serbia","Athletics","Athletics Men's Decathlon"
2012,"Mikls Duds","Hungary","Canoeing","Canoeing Men's Kayak Singles, 200 metres"
2012,"Kseniya Pavlovna Dudkina","Russia","Rhythmic Gymnastics","Rhythmic Gymnastics Women's Group"
2012,"Christopher Judemesa Duenas","Guam","Swimming","Swimming Men's 100 metres Freestyle"
2012,"Crispin Nataniel Duenas","Canada","Archery","Archery Men's Individual"
2012,"Nils Duerinck","Belgium","Athletics","Athletics Men's 4 x 400 metres Relay"
2012,"Flora Jane Duffy","Bermuda","Triathlon","Triathlon Women's Olympic Distance"
2012,"Albta Dufkov","Czech Republic","Synchronized Swimming","Synchronized Swimming Women's Duet"
2012,"Youna Dufournet","France","Gymnastics","Gymnastics Women's Team All-Around"
2012,"Youna Dufournet","France","Gymnastics","Gymnastics Women's Uneven Bars"
2012,"Youna Dufournet","France","Gymnastics","Gymnastics Women's Balance Beam"
2012,"Jonathan Dufrasne","Belgium","Cycling","Cycling Men's Team Pursuit, 4,000 metres"
2012,"Dominic Dugasse","Seychelles","Judo","Judo Men's Half-Heavyweight"
2012,"Timothy ""Timmy"" Duggan","United States","Cycling","Cycling Men's Road Race, Individual"
2012,"Damir Dugonji","Slovenia","Swimming","Swimming Men's 100 metres Breaststroke"
2012,"Martine Dugrenier","Canada","Wrestling","Wrestling Women's Middleweight, Freestyle"
2012,"Charlotte Susan Jane Dujardin","Great Britain","Equestrianism","Equestrianism Mixed Dressage, Individual"
2012,"Charlotte Susan Jane Dujardin","Great Britain","Equestrianism","Equestrianism Mixed Dressage, Team"
2012,"Jana Duktov","Slovakia","Canoeing","Canoeing Women's Kayak Singles, Slalom"
2012,"Milivoj Duki","Montenegro","Sailing","Sailing Men's One Person Dinghy"
2012,"Lishan Dula Gemgchu","Bahrain","Athletics","Athletics Women's Marathon"
2012,"Gisela Alejandra Dulko (-Gago)","Argentina","Tennis","Tennis Mixed Doubles"
2012,"Gisela Alejandra Dulko (-Gago)","Argentina","Tennis","Tennis Women's Doubles"
2012,"Troy Matthew Bek Dumais","United States","Diving","Diving Men's Springboard"
2012,"Troy Matthew Bek Dumais","United States","Diving","Diving Men's Synchronized Springboard"
2012,"Cline Dumerc","France","Basketball","Basketball Women's Basketball"
2012,"Emiliano Dumestre Guaraglia","Uruguay","Rowing","Rowing Men's Lightweight Double Sculls"
2012,"Rare Dumitrescu","Romania","Fencing","Fencing Men's Sabre, Individual"
2012,"Rare Dumitrescu","Romania","Fencing","Fencing Men's Sabre, Team"
2012,"Liviu-Alexandru Dumitrescu-Lazar","Romania","Canoeing","Canoeing Men's Canadian Doubles, 1,000 metres"
2012,"Alina Alexandra Dumitru (-Croitoru)","Romania","Judo","Judo Women's Extra-Lightweight"
2012,"Franck Dumoulin","France","Shooting","Shooting Men's Air Pistol, 10 metres"
2012,"Franck Dumoulin","France","Shooting","Shooting Men's Free Pistol, 50 metres"
2012,"David Harvey","Kenya","Swimming","Swimming Men's 50 metres Freestyle"
2012,"David Harvey","Kenya","Swimming","Swimming Men's 100 metres Freestyle"
2012,"Jason Edward Dunford","Kenya","Swimming","Swimming Men's 100 metres Butterfly"
2012,"Joshua Dunkley-Smith","Australia","Rowing","Rowing Men's Coxless Fours"
2012,"Dylan Dunlop-Barrett","New Zealand","Swimming","Swimming Men's 4 x 200 metres Freestyle Relay"
2012,"Maria McQueen Dunn","Guam","Wrestling","Wrestling Women's Middleweight, Freestyle"
2012,"Christian Dnnes","Germany","Volleyball","Volleyball Men's Volleyball"
2012,"Dng Th Vit Anh","Vietnam","Athletics","Athletics Women's High Jump"
2012,"Imke Duplitzer","Germany","Fencing","Fencing Women's epee, Individual"
2012,"Imke Duplitzer","Germany","Fencing","Fencing Women's epee, Team"
2012,"Mariana Duque Mario","Colombia","Tennis","Tennis Women's Singles"
2012,"Kevin Wayne Durant","United States","Basketball","Basketball Men's Basketball"
2012,"Niclas Felix Dring","Sweden","Sailing","Sailing Men's Skiff"
2012,"Stphanie Durocher","Canada","Synchronized Swimming","Synchronized Swimming Women's Team"
2012,"Nadiya Dusanova","Uzbekistan","Athletics","Athletics Women's High Jump"
2012,"Yogeshwar Dutt","India","Wrestling","Wrestling Men's Lightweight, Freestyle"
2012,"Phillip Peter Dutton","United States","Equestrianism","Equestrianism Mixed Three-Day Event, Individual"
2012,"Phillip Peter Dutton","United States","Equestrianism","Equestrianism Mixed Three-Day Event, Team"
2012,"Domagoj Duvnjak","Croatia","Handball","Handball Men's Handball"
2012,"Vesna uki","Slovenia","Judo","Judo Women's Lightweight"
2012,"Kristijan urasek","Croatia","Cycling","Cycling Men's Road Race, Individual"
2012,"Bojan urkovi","Croatia","Shooting","Shooting Men's Air Rifle, 10 metres"
2012,"Bojan urkovi","Croatia","Shooting","Shooting Men's Small-Bore Rifle, Three Positions, 50 metres"
2012,"Bojan urkovi","Croatia","Shooting","Shooting Men's Small-Bore Rifle, Prone, 50 metres"
2012,"Filip Dvok","Czech Republic","Canoeing","Canoeing Men's Canadian Doubles, 1,000 metres"
2012,"Galyna Volodymyrivna ""Galia"" Dvorak Khasanova","Spain","Table Tennis","Table Tennis Women's Team"
2012,"iva Dvorak","Slovenia","Shooting","Shooting Women's Air Rifle, 10 metres"
2012,"iva Dvorak","Slovenia","Shooting","Shooting Women's Small-Bore Rifle, Three Positions, 50 metres"
2012,"Conor James Dwyer","United States","Swimming","Swimming Men's 400 metres Freestyle"
2012,"Conor James Dwyer","United States","Swimming","Swimming Men's 4 x 200 metres Freestyle Relay"
2012,"Jamie Raymond Dwyer","Australia","Hockey","Hockey Men's Hockey"
2012,"Aleksandr Igorevich Dyachenko","Russia","Canoeing","Canoeing Men's Kayak Doubles, 200 metres"
2012,"Aleksey Dyadchuk","Kazakhstan","Canoeing","Canoeing Men's Canadian Singles, 200 metres"
2012,"Aleksey Dyadchuk","Kazakhstan","Canoeing","Canoeing Men's Canadian Singles, 1,000 metres"
2012,"Vladimir Fyodorovich Dyatchin","Russia","Swimming","Swimming Men's 10 kilometres Open Water"
2012,"Artyom Andreyevich Dyatlov","Uzbekistan","Athletics","Athletics Men's 400 metres Hurdles"
2012,"Ivan Fyodorovich Dychko","Kazakhstan","Boxing","Boxing Men's Super-Heavyweight"
2012,"Emmanuel Dyen","France","Sailing","Sailing Men's Skiff"
2012,"Agnieszka Dygacz","Poland","Athletics","Athletics Women's 20 kilometres Walk"
2012,"Maksim Sergeyevich Dyldin","Russia","Athletics","Athletics Men's 400 metres"
2012,"Maksim Sergeyevich Dyldin","Russia","Athletics","Athletics Men's 4 x 400 metres Relay"
2012,"Yelena Nikolayevna Dylko","Belarus","Cycling","Cycling Women's Team Pursuit"
2012,"Valeriy Volodymyrovych Dymo","Ukraine","Swimming","Swimming Men's 100 metres Breaststroke"
2012,"Hanna Leonidivna Dzerkal","Ukraine","Swimming","Swimming Women's 4 x 200 metres Freestyle Relay"
2012,"Hanna Leonidivna Dzerkal","Ukraine","Swimming","Swimming Women's 200 metres Breaststroke"
2012,"Hanna Leonidivna Dzerkal","Ukraine","Swimming","Swimming Women's 200 metres Individual Medley"
2012,"Hanna Leonidivna Dzerkal","Ukraine","Swimming","Swimming Women's 400 metres Individual Medley"
2012,"Navruz Dzhurakobilov","Uzbekistan","Judo","Judo Men's Lightweight"
2012,"Casey Eastham-Sablowski","Australia","Hockey","Hockey Women's Hockey"
2012,"Ashton James Eaton","United States","Athletics","Athletics Men's Decathlon"
2012,"Yukiko Ebata","Japan","Volleyball","Volleyball Women's Volleyball"
2012,"Eskild Balschmidt Ebbesen","Denmark","Rowing","Rowing Men's Lightweight Coxless Fours"
2012,"Jan Ebeling","United States","Equestrianism","Equestrianism Mixed Dressage, Individual"
2012,"Jan Ebeling","United States","Equestrianism","Equestrianism Mixed Dressage, Team"
2012,"Elisabeth Eberl","Austria","Athletics","Athletics Women's Javelin Throw"
2012,"Yuki Ebihara","Japan","Athletics","Athletics Women's Javelin Throw"
2012,"Masashi Ebinuma","Japan","Judo","Judo Men's Half-Lightweight"
2012,"Tmara Echegoyen Domnguez","Spain","Sailing","Sailing Women's Three Person Keelboat"
2012,"Karla Miguelina Echenique Medina","Dominican Republic","Volleyball","Volleyball Women's Volleyball"
2012,"Maik Eckhardt","Germany","Shooting","Shooting Men's Small-Bore Rifle, Three Positions, 50 metres"
2012,"Maik Eckhardt","Germany","Shooting","Shooting Men's Small-Bore Rifle, Prone, 50 metres"
2012,"Jessica Jane ""Jess"" Eddie","Great Britain","Rowing","Rowing Women's Coxed Eights"
2012,"Nufar Edelman","Israel","Sailing","Sailing Women's One Person Dinghy"
2012,"Offiong Edem","Nigeria","Table Tennis","Table Tennis Women's Singles"
2012,"Sebastien James Edgar","Great Britain","Handball","Handball Men's Handball"
2012,"Thomas Edgar","Australia","Volleyball","Volleyball Men's Volleyball"
2012,"Madelaine Nathalie Edlund","Sweden","Football","Football Women's Football"
2012,"Abigail Susan E. Edmonds","Great Britain","Canoeing","Canoeing Women's Kayak Doubles, 500 metres"
2012,"Annette Edmondson","Australia","Cycling","Cycling Women's Team Pursuit"
2012,"Annette Edmondson","Australia","Cycling","Cycling Women's Omnium"
2012,"Alonso Reno Edward Henry","Panama","Athletics","Athletics Men's 200 metres"
2012,"Julia Edward","New Zealand","Rowing","Rowing Women's Lightweight Double Sculls"
2012,"Anthony John Edwards","Australia","Rowing","Rowing Men's Lightweight Coxless Fours"
2012,"Darvin Edwards","Saint Lucia","Athletics","Athletics Men's High Jump"
2012,"Kelly Marie Edwards","Great Britain","Judo","Judo Women's Extra-Lightweight"
2012,"Kenneth Edwards","Jamaica","Taekwondo","Taekwondo Men's Heavyweight"
2012,"Michelle Claire Edwards","South Africa","Badminton","Badminton Women's Doubles"
2012,"Steven ""Steve"" Edwards","New Zealand","Hockey","Hockey Men's Hockey"
2012,"Kristijan Efremov","Macedonia","Athletics","Athletics Men's 400 metres"
2012,"Susan Egelstaff (Hughes-)","Great Britain","Badminton","Badminton Women's Singles"
2012,"Anders Eggert Jensen","Denmark","Handball","Handball Men's Handball"
2012,"Richard Phillip ""Ric"" Egington","Great Britain","Rowing","Rowing Men's Coxed Eights"
2012,"Ogho-Ogene Omano Egwero","Nigeria","Athletics","Athletics Men's 100 metres"
2012,"Marcus Ehning","Germany","Equestrianism","Equestrianism Mixed Jumping, Individual"
2012,"Marcus Ehning","Germany","Equestrianism","Equestrianism Mixed Jumping, Team"
2012,"Casey Eichfeld","United States","Canoeing","Canoeing Men's Canadian Singles, Slalom"
2012,"Rabab Eid Sayed Awad","Egypt","Wrestling","Wrestling Women's Lightweight, Freestyle"
2012,"Marthe Enger Eide","Norway","Sailing","Sailing Women's One Person Dinghy"
2012,"Rashed Eisa Sayid Al-Falasi","United Arab Emirates","Football","Football Men's Football"
2012,"Bernhard Eisel","Austria","Cycling","Cycling Men's Road Race, Individual"
2012,"Augustine Silvia Ejangue Siliki","Cameroon","Football","Football Women's Football"
2012,"Nadia Mohamed Ejjafini","Italy","Athletics","Athletics Women's 5,000 metres"
2012,"Nadia Mohamed Ejjafini","Italy","Athletics","Athletics Women's 10,000 metres"
2012,"Paul Edingue Ekane","Cameroon","Swimming","Swimming Men's 50 metres Freestyle"
2012,"Lars Niclas Ekberg","Sweden","Handball","Handball Men's Handball"
2012,"Kim Andreas Ekdahl du Rietz","Sweden","Handball","Handball Men's Handball"
2012,"Seluk Eker","Turkey","Boxing","Boxing Men's Flyweight"
2012,"Edwin Ekiring","Uganda","Badminton","Badminton Men's Singles"
2012,"Felix Ekpo","Nigeria","Weightlifting","Weightlifting Men's Middleweight"
2012,"Yevgeny Aleksandrovich Ektov","Kazakhstan","Athletics","Athletics Men's Triple Jump"
2012,"Abdel-Karim El Haouari","Morocco","Fencing","Fencing Men's epee, Individual"
2012,"Soufian El Hassnaoui","Morocco","Football","Football Men's Football"
2012,"Omar El Kaddouri","Morocco","Football","Football Men's Football"
2012,"Abdelhamid El Kaoutari","Morocco","Football","Football Men's Football"
2012,"Mourad El Mabrouk","Tunisia","Basketball","Basketball Men's Basketball"
2012,"Amine El Manaoui","Morocco","Athletics","Athletics Men's 800 metres"
2012,"Nour Ahmad Muhammad El-Afandi","Egypt","Synchronized Swimming","Synchronized Swimming Women's Team"
2012,"Sara El-Bekri","Morocco","Swimming","Swimming Women's 100 metres Breaststroke"
2012,"Sara El-Bekri","Morocco","Swimming","Swimming Women's 200 metres Breaststroke"
2012,"Sara El-Bekri","Morocco","Swimming","Swimming Women's 400 metres Individual Medley"
2012,"Nadeen Ahmad Ali El-Dawlatly","Egypt","Table Tennis","Table Tennis Women's Singles"
2012,"Nadeen Ahmad Ali El-Dawlatly","Egypt","Table Tennis","Table Tennis Women's Team"
2012,"Sofyan El-Gadi","Libya","Swimming","Swimming Men's 100 metres Butterfly"
2012,"Eman Abdulnabi Ismail El-Gammal","Egypt","Fencing","Fencing Women's Foil, Individual"
2012,"Eman Abdulnabi Ismail El-Gammal","Egypt","Fencing","Fencing Women's Foil, Team"
2012,"Shaimaa Abdulnabi Ismail El-Gammal","Egypt","Fencing","Fencing Women's Foil, Individual"
2012,"Shaimaa Abdulnabi Ismail El-Gammal","Egypt","Fencing","Fencing Women's Foil, Team"
2012,"Dalia Muhammad Ahmad El-Gebaly","Egypt","Synchronized Swimming","Synchronized Swimming Women's Duet"
2012,"Dalia Muhammad Ahmad El-Gebaly","Egypt","Synchronized Swimming","Synchronized Swimming Women's Team"
2012,"Amro Abdulrahman Ali El-Geziry","Egypt","Modern Pentathlon","Modern Pentathlon Men's Individual"
2012,"Ashraf Mohamed El-Meligy El-Gharably","Egypt","Wrestling","Wrestling Men's Welterweight, Greco-Roman"
2012,"Omar Ahmed Abdel Latif El-Ghazaly","Egypt","Athletics","Athletics Men's Discus Throw"
2012,"Mona Mahmud El-Hawary","Egypt","Shooting","Shooting Women's Skeet"
2012,"Rana Mohamed Tarek El-Husseiny","Egypt","Fencing","Fencing Women's Foil, Team"
2012,"Ahmed Youssif El-Kawiseh","Libya","Judo","Judo Men's Half-Lightweight"
2012,"Mohamed El-Khedr","Sudan","Swimming","Swimming Men's 50 metres Freestyle"
2012,"Yahia El-Mekachari","Tunisia","Boxing","Boxing Men's Light-Heavyweight"
2012,"Jidou Ould Khaye El-Moctar","Mauritania","Athletics","Athletics Men's 200 metres"
2012,"Ahmed Mahmud Muhammad Saleh El-Nemr","Egypt","Archery","Archery Men's Individual"
2012,"Mohamed Nasir Al-Sayyid El-Neny","Egypt","Football","Football Men's Football"
2012,"Mohamed Sherif El-Saharty","Egypt","Gymnastics","Gymnastics Men's Individual All-Around"
2012,"Mohamed Sherif El-Saharty","Egypt","Gymnastics","Gymnastics Men's Floor Exercise"
2012,"Mohamed Sherif El-Saharty","Egypt","Gymnastics","Gymnastics Men's Horse Vault"
2012,"Mohamed Sherif El-Saharty","Egypt","Gymnastics","Gymnastics Men's Parallel Bars"
2012,"Mohamed Sherif El-Saharty","Egypt","Gymnastics","Gymnastics Men's Horizontal Bar"
2012,"Mohamed Sherif El-Saharty","Egypt","Gymnastics","Gymnastics Men's Rings"
2012,"Mohamed Sherif El-Saharty","Egypt","Gymnastics","Gymnastics Men's Pommelled Horse"
2012,"Salma Mahmoud El-Said Mohamed","Egypt","Gymnastics","Gymnastics Women's Individual All-Around"
2012,"Salma Mahmoud El-Said Mohamed","Egypt","Gymnastics","Gymnastics Women's Floor Exercise"
2012,"Salma Mahmoud El-Said Mohamed","Egypt","Gymnastics","Gymnastics Women's Uneven Bars"
2012,"Salma Mahmoud El-Said Mohamed","Egypt","Gymnastics","Gymnastics Women's Balance Beam"
2012,"Seham Muhammad Ahmad El-Sawalhy","Egypt","Taekwondo","Taekwondo Women's Welterweight"
2012,"Islam Amru Abdallah Ahmad El-Shehaby","Egypt","Judo","Judo Men's Heavyweight"
2012,"Ahmed Nasir Mahmud El-Shenawi","Egypt","Football","Football Men's Football"
2012,"Abdelrahman Yahia Abdulsalam Muhammad El-Trabily","Egypt","Wrestling","Wrestling Men's Super-Heavyweight, Greco-Roman"
2012,"Mokdad El-Yamine","Algeria","Taekwondo","Taekwondo Men's Flyweight"
2012,"Ali Zayed Mabrouk El-Zaidi","Libya","Athletics","Athletics Men's Marathon"
2012,"Sherine Ahmed El-Zeiny","Egypt","Gymnastics","Gymnastics Women's Floor Exercise"
2012,"Sherine Ahmed El-Zeiny","Egypt","Gymnastics","Gymnastics Women's Balance Beam"
2012,"Karim Ahmad Rafa't El-Zoghby","Egypt","Equestrianism","Equestrianism Mixed Jumping, Individual"
2012,"Paul Elaisa","Fiji","Swimming","Swimming Men's 100 metres Freestyle"
2012,"Robert ""Rob"" Elder","Fiji","Archery","Archery Men's Individual"
2012,"Kateina Elhotov","Czech Republic","Basketball","Basketball Women's Basketball"
2012,"Tania Elas Calles Wolf","Mexico","Sailing","Sailing Women's One Person Dinghy"
2012,"Walton Glenn Eller, III","United States","Shooting","Shooting Men's Double Trap"
2012,"James Lee Ellington","Great Britain","Athletics","Athletics Men's 200 metres"
2012,"Lauren Ellis","New Zealand","Cycling","Cycling Women's Team Pursuit"
2012,"Brady Lee Ellison","United States","Archery","Archery Men's Individual"
2012,"Brady Lee Ellison","United States","Archery","Archery Men's Team"
2012,"Martin Elmiger","Switzerland","Cycling","Cycling Men's Road Race, Individual"
2012,"Daxenos Richard Ren ""Dex"" Elmont","Netherlands","Judo","Judo Men's Lightweight"
2012,"Guillaume Ricaldo Elmont","Netherlands","Judo","Judo Men's Half-Middleweight"
2012,"Brittany Joyce Elmslie","Australia","Swimming","Swimming Women's 4 x 100 metres Freestyle Relay"
2012,"Brittany Joyce Elmslie","Australia","Swimming","Swimming Women's 4 x 200 metres Freestyle Relay"
2012,"Brittany Joyce Elmslie","Australia","Swimming","Swimming Women's 4 x 100 metres Medley Relay"
2012,"Patricia Elorza Eguiara","Spain","Handball","Handball Women's Handball"
2012,"Ander Elosegi Alkain","Spain","Canoeing","Canoeing Men's Canadian Singles, Slalom"
2012,"Gvrise Emane","France","Judo","Judo Women's Half-Middleweight"
2012,"Emanuel Fernando Scheffler Rego","Brazil-1","Beach Volleyball","Beach Volleyball Men's Beach Volleyball"
2012,"Martina Emanuel","Great Britain","Fencing","Fencing Women's Foil, Team"
2012,"Innocent Nkasiobi Emeghara","Switzerland","Football","Football Men's Football"
2012,"Peter O. Emelieze","Nigeria","Athletics","Athletics Men's 100 metres"
2012,"Crystal Emmanuel","Canada","Athletics","Athletics Women's 200 metres"
2012,"Giulia Enrica Emmolo","Italy","Water Polo","Water Polo Women's Water Polo"
2012,"Matthew D. ""Matt"" Emmons","United States","Shooting","Shooting Men's Air Rifle, 10 metres"
2012,"Matthew D. ""Matt"" Emmons","United States","Shooting","Shooting Men's Small-Bore Rifle, Three Positions, 50 metres"
2012,"Alexandre mond","Canada","Judo","Judo Men's Middleweight"
2012,"Jonas Ems","Germany","Canoeing","Canoeing Men's Kayak Doubles, 200 metres"
2012,"William Encarnacin Alcantara","Dominican Republic","Boxing","Boxing Men's Bantamweight"
2012,"Esteban Jos Enderica Salgado","Ecuador","Swimming","Swimming Men's 400 metres Individual Medley"
2012,"Ivan Alejandro Enderica Ochoa","Ecuador","Swimming","Swimming Men's 10 kilometres Open Water"
2012,"Ren Enders","Germany","Cycling","Cycling Men's Team Sprint"
2012,"Tnu Endrekson","Estonia","Rowing","Rowing Men's Quadruple Sculls"
2012,"Gaelle Deborah Enganamouit","Cameroon","Football","Football Women's Football"
2012,"Alexandra Engelhardt (Demmel-)","Germany","Wrestling","Wrestling Women's Flyweight, Freestyle"
2012,"Alexandra Catharina Engen","Sweden","Cycling","Cycling Women's Mountainbike, Cross-Country"
2012,"Birsen Engin (Bekgz-, -Yavuz-)","Turkey","Athletics","Athletics Women's 4 x 400 metres Relay"
2012,"Hannah Jane England (-Gunn)","Great Britain","Athletics","Athletics Women's 1,500 metres"
2012,"Tobias Englmaier","Germany","Judo","Judo Men's Extra-Lightweight"
2012,"Franck Steeven Engonga Obame","Gabon","Football","Football Men's Football"
2012,"Kareem Ennab","Jordan","Swimming","Swimming Men's 50 metres Freestyle"
2012,"Jessica Phyllis Ennis-Hill","Great Britain","Athletics","Athletics Women's Heptathlon"
2012,"Sergi Enrique Montserrat","Spain","Hockey","Hockey Men's Hockey"
2012,"Jorge Enrquez Garca","Mexico","Football","Football Men's Football"
2012,"Birgit Ente","Netherlands","Judo","Judo Women's Extra-Lightweight"
2012,"Ral Entrerros Rodrguez","Spain","Handball","Handball Men's Handball"
2012,"Manuel Benjamn Enzema Owo","Equatorial Guinea","Athletics","Athletics Men's 800 metres"
2012,"Eom Hyo-Won","South Korea","Handball","Handball Men's Handball"
2012,"Eom Ji-Eun","South Korea","Wrestling","Wrestling Women's Lightweight, Freestyle"
2012,"Mnica Equihua Solarzano","Mexico","Athletics","Athletics Women's 20 kilometres Walk"
2012,"Marina Erakovic","New Zealand","Tennis","Tennis Women's Singles"
2012,"Arsen Kadyrbayevich Eraliyev","Kyrgyzstan","Wrestling","Wrestling Men's Featherweight, Greco-Roman"
2012,"Abby May Erceg","New Zealand","Football","Football Women's Football"
2012,"Tina Erceg","Croatia","Gymnastics","Gymnastics Women's Individual All-Around"
2012,"Tina Erceg","Croatia","Gymnastics","Gymnastics Women's Floor Exercise"
2012,"Tina Erceg","Croatia","Gymnastics","Gymnastics Women's Horse Vault"
2012,"Tina Erceg","Croatia","Gymnastics","Gymnastics Women's Uneven Bars"
2012,"Tina Erceg","Croatia","Gymnastics","Gymnastics Women's Balance Beam"
2012,"Zsfia Erdlyi","Hungary","Athletics","Athletics Women's Marathon"
2012,"Eda Erdem Dndar","Turkey","Volleyball","Volleyball Women's Volleyball"
2012,"Jonathan Erdmann","Germany-2","Beach Volleyball","Beach Volleyball Men's Beach Volleyball"
2012,"Akmal Ergashev","Uzbekistan","Taekwondo","Taekwondo Men's Heavyweight"
2012,"Fie Udby Erichsen","Denmark","Rowing","Rowing Women's Single Sculls"
2012,"Christopher ""Chris"" Erickson","Australia","Athletics","Athletics Men's 20 kilometres Walk"
2012,"Berit Lisa Matilda Ericson","Sweden","Sailing","Sailing Women's Two Person Dinghy"
2012,"Masashi Eriguchi","Japan","Athletics","Athletics Men's 100 metres"
2012,"Masashi Eriguchi","Japan","Athletics","Athletics Men's 4 x 100 metres Relay"
2012,"rika Cristiano dos Santos","Brazil","Football","Football Women's Football"
2012,"rika Cristina de Souza","Brazil","Basketball","Basketball Women's Basketball"
2012,"Sandra Elisabeth Eriksson","Finland","Athletics","Athletics Women's 3,000 metres Steeplechase"
2012,"Edgars Eri","Latvia","Athletics","Athletics Men's Decathlon"
2012,"Jonathan Dario Erlich","Israel","Tennis","Tennis Men's Doubles"
2012,"Sara Errani","Italy","Tennis","Tennis Women's Singles"
2012,"Sara Errani","Italy-2","Tennis","Tennis Mixed Doubles"
2012,"Sara Errani","Italy-1","Tennis","Tennis Women's Doubles"
2012,"Arianna Errigo","Italy","Fencing","Fencing Women's Foil, Individual"
2012,"Arianna Errigo","Italy","Fencing","Fencing Women's Foil, Team"
2012,"Anthony Lee Ervin","United States","Swimming","Swimming Men's 50 metres Freestyle"
2012,"Srgio ""Escadinha"" Dutra dos Santos","Brazil","Volleyball","Volleyball Men's Volleyball"
2012,"Mara Alexandra Escobar Guerrero","Ecuador","Weightlifting","Weightlifting Women's Lightweight"
2012,"Brandon Jess Escobar Amador","Honduras","Wrestling","Wrestling Men's Featherweight, Freestyle"
2012,"Charetzeni Susana Escobar Torres","Mexico","Swimming","Swimming Women's 400 metres Freestyle"
2012,"Charetzeni Susana Escobar Torres","Mexico","Swimming","Swimming Women's 400 metres Individual Medley"
2012,"Kristine Esebua","Georgia","Archery","Archery Women's Individual"
2012,"Shitaye Eshete Habtegebrel","Bahrain","Athletics","Athletics Women's 5,000 metres"
2012,"Shitaye Eshete Habtegebrel","Bahrain","Athletics","Athletics Women's 10,000 metres"
2012,"Zhuldyz Attakurovna Eshimova (Turtbaeva-)","Kazakhstan","Wrestling","Wrestling Women's Flyweight, Freestyle"
2012,"Clarissa Eshuis","New Zealand","Hockey","Hockey Women's Hockey"
2012,"Stefan Christofer Eskilsson","Sweden","Diving","Diving Men's Platform"
2012,"Masoud Esmaeilpour Jouybari","Iran","Wrestling","Wrestling Men's Lightweight, Freestyle"
2012,"Albert Espaol Lifante","Spain","Water Polo","Water Polo Men's Water Polo"
2012,"Anna Espar Llaquet","Spain","Water Polo","Water Polo Women's Water Polo"
2012,"Jean-Yves Esparon","Seychelles","Athletics","Athletics Men's 200 metres"
2012,"Marlen Esparza Puentes","United States","Boxing","Boxing Women's Flyweight"
2012,"Mara Elena Espeso Gayte","Spain","Athletics","Athletics Women's Marathon"
2012,"James Espey","Ireland","Sailing","Sailing Men's One Person Dinghy"
2012,"Jaime Yusept Espinal Fajardo","Puerto Rico","Wrestling","Wrestling Men's Light-Heavyweight, Freestyle"
2012,"Paola Milagros Espinosa Snchez","Mexico","Diving","Diving Women's Platform"
2012,"Paola Milagros Espinosa Snchez","Mexico","Diving","Diving Women's Synchronized Platform"
2012,"Jos Alexander Espinoza Mea","Venezuela","Boxing","Boxing Men's Middleweight"
2012,"Mara del Rosario Espinoza Espinoza","Mexico","Taekwondo","Taekwondo Women's Heavyweight"
2012,"Roger Anibal Espinoza Ramrez","Honduras","Football","Football Men's Football"
2012,"Chloe Esposito","Australia","Modern Pentathlon","Modern Pentathlon Women's Individual"
2012,"Federico Esposito","Italy","Sailing","Sailing Men's Windsurfer"
2012,"Thomas Essomba","Cameroon","Boxing","Boxing Men's Light-Flyweight"
2012,"Tony Estanguet","France","Canoeing","Canoeing Men's Canadian Singles, Slalom"
2012,"Ester Aperecida dos Santos","Brazil","Football","Football Women's Football"
2012,"Laura Ester Ramos","Spain","Water Polo","Water Polo Women's Water Polo"
2012,"Bernard Esterhuizen","South Africa","Cycling","Cycling Men's Sprint"
2012,"Paul Estermann","Switzerland","Equestrianism","Equestrianism Mixed Jumping, Individual"
2012,"Paul Estermann","Switzerland","Equestrianism","Equestrianism Mixed Jumping, Team"
2012,"Juan Diego Estrada Constantino","Mexico","Athletics","Athletics Men's 10,000 metres"
2012,"Yunior Estrada Falcn","Cuba","Wrestling","Wrestling Men's Heavyweight, Greco-Roman"
2012,"Brice Pascal Guy Ets","Monaco","Athletics","Athletics Men's 800 metres"
2012,"Paul Etia Ndoumb","Cameroon","Rowing","Rowing Men's Single Sculls"
2012,"Ophlie-Cyrielle Etienne","France","Swimming","Swimming Women's 200 metres Freestyle"
2012,"Ophlie-Cyrielle Etienne","France","Swimming","Swimming Women's 4 x 200 metres Freestyle Relay"
2012,"Johan Magnus Eurn","Sweden","Wrestling","Wrestling Men's Super-Heavyweight, Greco-Roman"
2012,"Fineza  da Silva Eusbio","Angola","Basketball","Basketball Women's Basketball"
2012,"Blair Catherine Evans","Australia","Swimming","Swimming Women's 4 x 200 metres Freestyle Relay"
2012,"Blair Catherine Evans","Australia","Swimming","Swimming Women's 400 metres Individual Medley"
2012,"Cadel Lee Evans","Australia","Cycling","Cycling Men's Road Race, Individual"
2012,"Freddie William ""Fred"" Evans","Great Britain","Boxing","Boxing Men's Welterweight"
2012,"Gareth Irfon Evans","Great Britain","Weightlifting","Weightlifting Men's Lightweight"
2012,"Scott Evans","Ireland","Badminton","Badminton Men's Singles"
2012,"Lisvel Elisa Eve Mejia (-Castillo)","Dominican Republic","Volleyball","Volleyball Women's Volleyball"
2012,"Floris Maarten Alphons Maria Evers","Netherlands","Hockey","Hockey Men's Hockey"
2012,"Hannah Every-Hall","Australia","Rowing","Rowing Women's Lightweight Double Sculls"
2012,"milie vesque","France","Shooting","Shooting Women's Air Rifle, 10 metres"
2012,"milie vesque","France","Shooting","Shooting Women's Small-Bore Rifle, Three Positions, 50 metres"
2012,"Hamid Ezzine","Morocco","Athletics","Athletics Men's 3,000 metres Steeplechase"
2012,"Elama Fa'atonu","American Samoa","Athletics","Athletics Men's 100 metres"
2012,"Massimo Fabbrizi","Italy","Shooting","Shooting Men's Trap"
2012,"Fabiana ""Fabi"" Alvim de Oliveira","Brazil","Volleyball","Volleyball Women's Volleyball"
2012,"Alessandro Fabian","Italy","Triathlon","Triathlon Men's Olympic Distance"
2012,"Marco Jhonfai Fabin de la Mora","Mexico","Football","Football Men's Football"
2012,"Fabiana da Silva Simes","Brazil","Football","Football Women's Football"
2012,"Fabiana Marcelino Claudino","Brazil","Volleyball","Volleyball Women's Volleyball"
2012,"Thierry Fabre","France","Judo","Judo Men's Half-Heavyweight"
2012,"Alexandre ""Alex"" Fbregas Carne","Spain","Hockey","Hockey Men's Hockey"
2012,"Temitope ""Temi"" Fagbenle","Great Britain","Basketball","Basketball Women's Basketball"
2012,"Gabriella Fagundez","Sweden","Swimming","Swimming Women's 4 x 100 metres Freestyle Relay"
2012,"Anthony Louis Fahden","United States","Rowing","Rowing Men's Lightweight Coxless Fours"
2012,"Sonia Emilia Marie Fahlin","Sweden","Cycling","Cycling Women's Road Race, Individual"
2012,"Sonia Emilia Marie Fahlin","Sweden","Cycling","Cycling Women's Individual Time Trial"
2012,"James John W. Fair","Great Britain","Hockey","Hockey Men's Hockey"
2012,"Kelsi Melanie Fairbrother","Great Britain","Handball","Handball Women's Handball"
2012,"Ajmal Faisal","Afghanistan","Boxing","Boxing Men's Flyweight"
2012,"Ajmal Faizzada","Afghanistan","Judo","Judo Men's Half-Lightweight"
2012,"Claudia Carolina Fajardo Rodrguez","Honduras","Shooting","Shooting Women's Air Pistol, 10 metres"
2012,"Fouad Fajari","Morocco","Wrestling","Wrestling Men's Featherweight, Greco-Roman"
2012,"Pawe Fajdek","Poland","Athletics","Athletics Men's Hammer Throw"
2012,"Natlia Falavigna Silva","Brazil","Taekwondo","Taekwondo Women's Heavyweight"
2012,"Yamaguchi Falco Florentino","Brazil","Boxing","Boxing Men's Light-Heavyweight"
2012,"Ennio Falco","Italy","Shooting","Shooting Men's Skeet"
2012,"Dana Faletic","Australia","Rowing","Rowing Women's Quadruple Sculls"
2012,"Katelyn Falgowski","United States","Hockey","Hockey Women's Hockey"
2012,"Aicha Bilal Fall","Mauritania","Athletics","Athletics Women's 800 metres"
2012,"Malick Fall","Senegal","Swimming","Swimming Men's 100 metres Breaststroke"
2012,"Alejandro Falla Ramrez","Colombia","Tennis","Tennis Men's Singles"
2012,"Emilio Andrs Falla Buchely","Ecuador","Cycling","Cycling Men's BMX"
2012,"Stphanie Falzon","France","Athletics","Athletics Women's Hammer Throw"
2012,"Aurelie Fanchette","Seychelles","Swimming","Swimming Women's 200 metres Freestyle"
2012,"Fang Chieh-Min","Chinese Taipei","Badminton","Badminton Men's Doubles"
2012,"Fang Yuting","China","Archery","Archery Women's Individual"
2012,"Fang Yuting","China","Archery","Archery Women's Team"
2012,"ime Fantela","Croatia","Sailing","Sailing Men's Two Person Dinghy"
2012,"Ibrahim Farag Abdelhakim Mohamed","Egypt","Wrestling","Wrestling Men's Featherweight, Freestyle"
2012,"Mohamed Muktar Jama ""Mo"" Farah","Great Britain","Athletics","Athletics Men's 5,000 metres"
2012,"Mohamed Muktar Jama ""Mo"" Farah","Great Britain","Athletics","Athletics Men's 10,000 metres"
2012,"Zamzam Mohamed Farah","Somalia","Athletics","Athletics Women's 400 metres"
2012,"Yasmin Farah Hassan","Djibouti","Table Tennis","Table Tennis Women's Singles"
2012,"Francesco Faraldo","Italy","Judo","Judo Men's Half-Lightweight"
2012,"Habib Fardan Abdallah Al-Fardan","United Arab Emirates","Football","Football Men's Football"
2012,"Marion Farissier","France","Diving","Diving Women's Springboard"
2012,"Mirzokhid Farmonov","Uzbekistan","Judo","Judo Men's Half-Lightweight"
2012,"Thomas Farnik","Austria","Shooting","Shooting Men's Air Rifle, 10 metres"
2012,"Thomas Farnik","Austria","Shooting","Shooting Men's Small-Bore Rifle, Three Positions, 50 metres"
2012,"Thomas Farnik","Austria","Shooting","Shooting Men's Small-Bore Rifle, Prone, 50 metres"
2012,"Stuart James Farquhar","New Zealand","Athletics","Athletics Men's Javelin Throw"
2012,"Sherif Gamal Farrag","Egypt","Fencing","Fencing Men's Foil, Team"
2012,"Tyler Farrar","United States","Cycling","Cycling Men's Road Race, Individual"
2012,"Margaux Farrell","France","Swimming","Swimming Women's 4 x 200 metres Freestyle Relay"
2012,"Kendrick James Farris","United States","Weightlifting","Weightlifting Men's Light-Heavyweight"
2012,"Erika Fasana","Italy","Gymnastics","Gymnastics Women's Individual All-Around"
2012,"Erika Fasana","Italy","Gymnastics","Gymnastics Women's Team All-Around"
2012,"Erika Fasana","Italy","Gymnastics","Gymnastics Women's Floor Exercise"
2012,"Erika Fasana","Italy","Gymnastics","Gymnastics Women's Uneven Bars"
2012,"Erika Fasana","Italy","Gymnastics","Gymnastics Women's Balance Beam"
2012,"Dan Gheorghe Fie","Romania","Judo","Judo Men's Half-Lightweight"
2012,"Claudia Fassaert","Belgium","Equestrianism","Equestrianism Mixed Dressage, Individual"
2012,"Monika Fasungova","Slovakia","Badminton","Badminton Women's Singles"
2012,"Mohamed Fathalla Diffalah Jawi","Egypt","Athletics","Athletics Men's Long Jump"
2012,"Ahmed Fathi Abdulmunim Ahmed Ibrahim","Egypt","Football","Football Men's Football"
2012,"Brian Fatih","United States","Sailing","Sailing Men's Two Person Keelboat"
2012,"Thomas Faucheron","France","Archery","Archery Men's Individual"
2012,"Thomas Faucheron","France","Archery","Archery Men's Team"
2012,"Richard Bruce Faulds","Great Britain","Shooting","Shooting Men's Double Trap"
2012,"Eleanor Jane ""Ellie"" Faulkner","Great Britain","Swimming","Swimming Women's 800 metres Freestyle"
2012,"Eleanor Jane ""Ellie"" Faulkner","Great Britain","Swimming","Swimming Women's 4 x 200 metres Freestyle Relay"
2012,"Jade Louise Faulkner","Great Britain","Rhythmic Gymnastics","Rhythmic Gymnastics Women's Group"
2012,"Jesper Lind Skak Faurschou","Denmark","Athletics","Athletics Men's Marathon"
2012,"Mohamed Fawzi Jawhar Faraj Abdulla Al-Jawhar","United Arab Emirates","Football","Football Men's Football"
2012,"Mareme Faye","Senegal","Swimming","Swimming Women's 100 metres Freestyle"
2012,"Nndor Fazekas","Hungary","Handball","Handball Men's Handball"
2012,"Krisztina Fazekas Zur","Hungary","Canoeing","Canoeing Women's Kayak Fours, 500 metres"
2012,"Nedad Fazlija","Bosnia and Herzegovina","Shooting","Shooting Men's Air Rifle, 10 metres"
2012,"Nedad Fazlija","Bosnia and Herzegovina","Shooting","Shooting Men's Small-Bore Rifle, Three Positions, 50 metres"
2012,"Nedad Fazlija","Bosnia and Herzegovina","Shooting","Shooting Men's Small-Bore Rifle, Prone, 50 metres"
2012,"Citra Febrianti","Indonesia","Weightlifting","Weightlifting Women's Featherweight"
2012,"Stephan Feck","Germany","Diving","Diving Men's Springboard"
2012,"Rafa Fedaczyski","Poland","Athletics","Athletics Men's 50 kilometres Walk"
2012,"Zouhair Feddal","Morocco","Football","Football Men's Football"
2012,"Roger Federer","Switzerland","Tennis","Tennis Men's Singles"
2012,"Roger Federer","Switzerland","Tennis","Tennis Men's Doubles"
2012,"Nikita Viktorovich Fedorenko","Russia","Trampolining","Trampolining Men's Individual"
2012,"Aleksandra Andreyevna Fedoriva","Russia","Athletics","Athletics Women's 200 metres"
2012,"Aleksandra Andreyevna Fedoriva","Russia","Athletics","Athletics Women's 4 x 100 metres Relay"
2012,"Olena Olehivna Fedorova","Ukraine","Diving","Diving Women's Springboard"
2012,"Olena Olehivna Fedorova","Ukraine","Diving","Diving Women's Synchronized Springboard"
2012,"Sergey Anatolyevich Fedorovtsev","Russia","Rowing","Rowing Men's Quadruple Sculls"
2012,"Vasyl Petrovych Fedoryshyn","Ukraine","Wrestling","Wrestling Men's Lightweight, Freestyle"
2012,"Alessandro Fei","Italy","Volleyball","Volleyball Men's Volleyball"
2012,"James ""Jimmy"" Feigen","United States","Swimming","Swimming Men's 4 x 100 metres Freestyle Relay"
2012,"Lus Manuel Jesus Feiteira","Portugal","Athletics","Athletics Men's Marathon"
2012,"Roseli Amaral Feitosa","Brazil","Boxing","Boxing Women's Middleweight"
2012,"Seyede Maral Feizbakhsh Bazargani","Germany","Athletics","Athletics Women's 4 x 400 metres Relay"
2012,"Damir Fejzi","Serbia","Taekwondo","Taekwondo Men's Featherweight"
2012,"Hendrik Feldwehr","Germany","Swimming","Swimming Men's 100 metres Breaststroke"
2012,"Getu Feleke","Ethiopia","Athletics","Athletics Men's Marathon"
2012,"Christopher James ""Chris"" Felgate","Zimbabwe","Triathlon","Triathlon Men's Olympic Distance"
2012,"Allyson Michelle Felix","United States","Athletics","Athletics Women's 100 metres"
2012,"Allyson Michelle Felix","United States","Athletics","Athletics Women's 200 metres"
2012,"Allyson Michelle Felix","United States","Athletics","Athletics Women's 4 x 100 metres Relay"
2012,"Allyson Michelle Felix","United States","Athletics","Athletics Women's 4 x 400 metres Relay"
2012,"Ana Dulce Ferreira Flix","Portugal","Athletics","Athletics Women's Marathon"
2012,"Kurt Anthony Felix","Grenada","Athletics","Athletics Men's Decathlon"
2012,"Madalena de Carvalho Felix","Angola","Basketball","Basketball Women's Basketball"
2012,"Richard ""Rich"" Fellers","United States","Equestrianism","Equestrianism Mixed Jumping, Individual"
2012,"Richard ""Rich"" Fellers","United States","Equestrianism","Equestrianism Mixed Jumping, Team"
2012,"Maurizio Felugo","Italy","Water Polo","Water Polo Men's Water Polo"
2012,"Alex Feneridis","New Zealand","Football","Football Men's Football"
2012,"Feng Tian Wei","Singapore","Table Tennis","Table Tennis Women's Singles"
2012,"Feng Tian Wei","Singapore","Table Tennis","Table Tennis Women's Team"
2012,"Feng Zhe","China","Gymnastics","Gymnastics Men's Team All-Around"
2012,"Feng Zhe","China","Gymnastics","Gymnastics Men's Floor Exercise"
2012,"Feng Zhe","China","Gymnastics","Gymnastics Men's Parallel Bars"
2012,"Feng Zhe","China","Gymnastics","Gymnastics Men's Horizontal Bar"
2012,"Feng Zhe","China","Gymnastics","Gymnastics Men's Rings"
2012,"Svetlana Yevgenyevna Feofanova","Russia","Athletics","Athletics Women's Pole Vault"
2012,"Emilie Fer","France","Canoeing","Canoeing Women's Kayak Singles, Slalom"
2012,"Keith Ferguson","Australia","Shooting","Shooting Men's Skeet"
2012,"Sheniqua Monique Ferguson","Bahamas","Athletics","Athletics Women's 100 metres"
2012,"Sheniqua Monique Ferguson","Bahamas","Athletics","Athletics Women's 4 x 100 metres Relay"
2012,"Steven Sean Ferguson","New Zealand","Canoeing","Canoeing Men's Kayak Doubles, 1,000 metres"
2012,"Deborah ""Debbie"" Ferguson-McKenzie","Bahamas","Athletics","Athletics Women's 100 metres"
2012,"Deborah ""Debbie"" Ferguson-McKenzie","Bahamas","Athletics","Athletics Women's 200 metres"
2012,"Carlotta Ferlito","Italy","Gymnastics","Gymnastics Women's Individual All-Around"
2012,"Carlotta Ferlito","Italy","Gymnastics","Gymnastics Women's Team All-Around"
2012,"Carlotta Ferlito","Italy","Gymnastics","Gymnastics Women's Floor Exercise"
2012,"Carlotta Ferlito","Italy","Gymnastics","Gymnastics Women's Uneven Bars"
2012,"Carlotta Ferlito","Italy","Gymnastics","Gymnastics Women's Balance Beam"
2012,"Isabel Samboyo Fernandes","Angola","Handball","Handball Women's Handball"
2012,"Janildes Fernandes Silva","Brazil","Cycling","Cycling Women's Road Race, Individual"
2012,"Siona Fernandes","New Zealand","Boxing","Boxing Women's Flyweight"
2012,"Alberto Fernndez Muoz","Spain","Shooting","Shooting Men's Trap"
2012,"Beatriz Fernndez Ibez","Spain","Handball","Handball Women's Handball"
2012,"Begoa Fernndez Molinos","Spain","Handball","Handball Women's Handball"
2012,"Federico Carlos Fernndez Senderos","Mexico","Equestrianism","Equestrianism Mixed Jumping, Individual"
2012,"Federico Carlos Fernndez Senderos","Mexico","Equestrianism","Equestrianism Mixed Jumping, Team"
2012,"Federico Gastn Fernndez","Argentina","Handball","Handball Men's Handball"
2012,"Jrme Fernandez","France","Handball","Handball Men's Handball"
2012,"Jorge Yadin Fernndez Hernndez","Cuba","Athletics","Athletics Men's Discus Throw"
2012,"Juan Fernndez la Villa","Spain","Hockey","Hockey Men's Hockey"
2012,"Liliana Fernndez Steiner","Spain","Beach Volleyball","Beach Volleyball Women's Beach Volleyball"
2012,"Nura Fernndez Domnguez","Spain","Athletics","Athletics Women's 1,500 metres"
2012,"Rodolfo ""Rudy"" Fernndez Farrs","Spain","Basketball","Basketball Men's Basketball"
2012,"Santiago Fernndez","Argentina","Rowing","Rowing Men's Single Sculls"
2012,"Silvio Ernesto Fernndez Briceo","Venezuela","Fencing","Fencing Men's epee, Individual"
2012,"Xabier Fernndez Gaztaaga","Spain","Sailing","Sailing Men's Skiff"
2012,"Jos Roberto Reynoso Fernndez Filho","Brazil","Equestrianism","Equestrianism Mixed Jumping, Individual"
2012,"Jos Roberto Reynoso Fernndez Filho","Brazil","Equestrianism","Equestrianism Mixed Jumping, Team"
2012,"Fernanda ""Fernandinha"" Ferreira","Brazil","Volleyball","Volleyball Women's Volleyball"
2012,"Edward ""Ed"" Fernon","Australia","Modern Pentathlon","Modern Pentathlon Men's Individual"
2012,"Erika Ferraioli","Italy","Swimming","Swimming Women's 50 metres Freestyle"
2012,"Erika Ferraioli","Italy","Swimming","Swimming Women's 4 x 100 metres Freestyle Relay"
2012,"Pauline Ferrand-Prevot","France","Cycling","Cycling Women's Road Race, Individual"
2012,"Pauline Ferrand-Prevot","France","Cycling","Cycling Women's Mountainbike, Cross-Country"
2012,"Niccol Ferrari","Italy","Canoeing","Canoeing Men's Canadian Doubles, Slalom"
2012,"Vanessa Ferrari","Italy","Gymnastics","Gymnastics Women's Individual All-Around"
2012,"Vanessa Ferrari","Italy","Gymnastics","Gymnastics Women's Team All-Around"
2012,"Vanessa Ferrari","Italy","Gymnastics","Gymnastics Women's Floor Exercise"
2012,"Vanessa Ferrari","Italy","Gymnastics","Gymnastics Women's Uneven Bars"
2012,"Vanessa Ferrari","Italy","Gymnastics","Gymnastics Women's Balance Beam"
2012,"Jaqueline Antonia Ferreira","Brazil","Weightlifting","Weightlifting Women's Heavyweight"
2012,"David Ferrer Ern","Spain","Tennis","Tennis Men's Singles"
2012,"David Ferrer Ern","Spain-1","Tennis","Tennis Men's Doubles"
2012,"Laila Ferrer e Silva","Brazil","Athletics","Athletics Women's Javelin Throw"
2012,"Diego Javier Ferrn Valencia","Ecuador","Athletics","Athletics Men's High Jump"
2012,"Andrea Mara Ferris Quintero","Panama","Athletics","Athletics Women's 800 metres"
2012,"Sergey Vasilyevich Fesikov","Russia","Swimming","Swimming Men's 50 metres Freestyle"
2012,"Sergey Vasilyevich Fesikov","Russia","Swimming","Swimming Men's 4 x 100 metres Freestyle Relay"
2012,"Driss Fettouhi","Morocco","Football","Football Men's Football"
2012,"Raissa Feudjio Tchuanyo","Cameroon","Football","Football Women's Football"
2012,"Nazario Fiakaifonu","Vanuatu","Judo","Judo Men's Heavyweight"
2012,"Rossella Fiamingo","Italy","Fencing","Fencing Women's epee, Individual"
2012,"Rossella Fiamingo","Italy","Fencing","Fencing Women's epee, Team"
2012,"Jrg Fiedler","Germany","Fencing","Fencing Men's epee, Individual"
2012,"Connor Evan Fields","United States","Cycling","Cycling Men's BMX"
2012,"Nicolas Figre","France","Athletics","Athletics Men's Hammer Throw"
2012,"Craig Charles Figes","Great Britain","Water Polo","Water Polo Men's Water Polo"
2012,"Pietro Figlioli","Italy","Water Polo","Water Polo Men's Water Polo"
2012,"Nayara Figueira","Brazil","Synchronized Swimming","Synchronized Swimming Women's Duet"
2012,"ngela Mara Figueroa Palacios","Colombia","Athletics","Athletics Women's 3,000 metres Steeplechase"
2012,"Carlos Figueroa Alarcn","El Salvador","Judo","Judo Men's Half-Lightweight"
2012,"Maynor Alexis Figueroa Rchez","Honduras","Football","Football Men's Football"
2012,"scar Albeyro Figueroa Mosquera","Colombia","Weightlifting","Weightlifting Men's Featherweight"
2012,"Grzegorz Fijaek","Poland","Beach Volleyball","Beach Volleyball Men's Beach Volleyball"
2012,"Al-Tayeb Filali","Algeria","Athletics","Athletics Men's Marathon"
2012,"Eleni Filandra","Greece","Athletics","Athletics Women's 800 metres"
2012,"Christoph Fildebrandt","Germany","Swimming","Swimming Men's 4 x 100 metres Freestyle Relay"
2012,"Jonelle Filigno","Canada","Football","Football Women's Football"
2012,"Roseline Filion","Canada","Diving","Diving Women's Platform"
2012,"Roseline Filion","Canada","Diving","Diving Women's Synchronized Platform"
2012,"Ngendua Filipe","Angola","Basketball","Basketball Women's Basketball"
2012,"Filip Filipovi","Serbia","Water Polo","Water Polo Men's Water Polo"
2012,"Nenad Filipovi","Serbia","Athletics","Athletics Men's 50 kilometres Walk"
2012,"Predrag Filipovi","Serbia","Athletics","Athletics Men's 20 kilometres Walk"
2012,"Alessia Filippi","Italy","Swimming","Swimming Women's 200 metres Backstroke"
2012,"Konstantinos ""Kostas"" Filippidis","Greece","Athletics","Athletics Men's Pole Vault"
2012,"Nikita Viktorovich Filippov","Kazakhstan","Athletics","Athletics Men's Pole Vault"
2012,"Tetiana Anatolivna Filoniuk","Ukraine","Athletics","Athletics Women's Marathon"
2012,"Katarna Filov","Slovakia","Swimming","Swimming Women's 100 metres Freestyle"
2012,"Katarna Filov","Slovakia","Swimming","Swimming Women's 200 metres Freestyle"
2012,"Sabrina Filzmoser","Austria","Judo","Judo Women's Lightweight"
2012,"Paula Findlay","Canada","Triathlon","Triathlon Women's Olympic Distance"
2012,"Cathryn Finlayson","New Zealand","Hockey","Hockey Women's Hockey"
2012,"Joanna Fiodorow","Poland","Athletics","Athletics Women's Hammer Throw"
2012,"Mauricio Fiol Villanueva","Peru","Swimming","Swimming Men's 200 metres Butterfly"
2012,"Deni Fiorentini","Italy","Water Polo","Water Polo Men's Water Polo"
2012,"Adrianti Firdasari","Indonesia","Badminton","Badminton Women's Singles"
2012,"Tatyana Pavlovna Firova","Russia","Athletics","Athletics Women's 4 x 400 metres Relay"
2012,"Julia Fischer","Germany","Athletics","Athletics Women's Discus Throw"
2012,"Murilo Antnio Fischer","Brazil","Cycling","Cycling Men's Road Race, Individual"
2012,"sa Nilla Maria Fischer","Sweden","Football","Football Women's Football"
2012,"Pamela Fischer","Switzerland","Synchronized Swimming","Synchronized Swimming Women's Duet"
2012,"Naomi-Lee Fischer-Rasmussen","Australia","Boxing","Boxing Women's Middleweight"
2012,"Aleksandra Aleksandrovna Fisher","Kazakhstan","Athletics","Athletics Women's Shot Put"
2012,"Darryl Stewart Fitzgerald","New Zealand","Canoeing","Canoeing Men's Kayak Doubles, 1,000 metres"
