"name","team","sport","event","year"
"Edgar Lindenau Aabye","Denmark/Sweden","Tug-Of-War","Tug-Of-War Men's Tug-Of-War",1900
"Paavo Johannes Aaltonen","Finland","Gymnastics","Gymnastics Men's Team All-Around",1948
"Paavo Johannes Aaltonen","Finland","Gymnastics","Gymnastics Men's Horse Vault",1948
"Paavo Johannes Aaltonen","Finland","Gymnastics","Gymnastics Men's Pommelled Horse",1948
"Kjetil Andr Aamodt","Norway","Alpine Skiing","Alpine Skiing Men's Super G",1992
"Kjetil Andr Aamodt","Norway","Alpine Skiing","Alpine Skiing Men's Super G",2002
"Kjetil Andr Aamodt","Norway","Alpine Skiing","Alpine Skiing Men's Combined",2002
"Kjetil Andr Aamodt","Norway","Alpine Skiing","Alpine Skiing Men's Super G",2006
"Ragnhild Margrethe Aamodt","Norway","Handball","Handball Women's Handball",2008
"Roald Edgar Aas","Norway","Speed Skating","Speed Skating Men's 1,500 metres",1960
"Thomas Valentin Aas","Taifun","Sailing","Sailing Mixed 8 metres",1912
"Ren Abadie","France","Cycling","Cycling Men's Road Race, Team",1956
"Aleksey Aleksandrovich Abalmasov","Belarus","Canoeing","Canoeing Men's Kayak Fours, 1,000 metres",2008
"Luc Abalo","France","Handball","Handball Men's Handball",2008
"Luc Abalo","France","Handball","Handball Men's Handball",2012
"Jouan Patrice Abanda Etong","Cameroon","Football","Football Men's Football",2000
"Jos Mara Abarca Plotas","Spain","Water Polo","Water Polo Men's Water Polo",1996
"Alejandro Abascal Garca","Spain","Sailing","Sailing Mixed Two Person Heavyweight Dinghy",1980
"Jol Marc Abati","France","Handball","Handball Men's Handball",2008
"Agostino Abbagnale","Italy","Rowing","Rowing Men's Quadruple Sculls",1988
"Agostino Abbagnale","Italy","Rowing","Rowing Men's Double Sculls",1996
"Agostino Abbagnale","Italy","Rowing","Rowing Men's Quadruple Sculls",2000
"Carmine Abbagnale","Italy","Rowing","Rowing Men's Coxed Pairs",1984
"Carmine Abbagnale","Italy","Rowing","Rowing Men's Coxed Pairs",1988
"Giuseppe Abbagnale","Italy","Rowing","Rowing Men's Coxed Pairs",1984
"Giuseppe Abbagnale","Italy","Rowing","Rowing Men's Coxed Pairs",1988
"Margaret Ives Abbott (-Dunne)","United States","Golf","Golf Women's Individual",1900
"Lala Abdul Rashid","Pakistan","Hockey","Hockey Men's Hockey",1960
"Zagalav Abdulbekovich Abdulbekov","Soviet Union","Wrestling","Wrestling Men's Featherweight, Freestyle",1972
"Mukhammad Kadyr Abdullayev","Uzbekistan","Boxing","Boxing Men's Light-Welterweight",2000
"Namiq Yadulla Abdullayev","Azerbaijan","Wrestling","Wrestling Men's Bantamweight, Freestyle",2000
"Julius Shareef Abdur-Rahim","United States","Basketball","Basketball Men's Basketball",2000
"Andrey Khakimovich Abduvaliyev","Unified Team","Athletics","Athletics Men's Hammer Throw",1992
"Masashi Abe","Japan","Nordic Combined","Nordic Combined Men's Team",1994
"George Gordon Abel","Canada","Ice Hockey","Ice Hockey Men's Ice Hockey",1952
"Abelardo Fernndez Antua","Spain","Football","Football Men's Football",1992
"Louis Grenville ""Lou"" Abell","Vesper Boat Club","Rowing","Rowing Men's Coxed Eights",1900
"Louis Grenville ""Lou"" Abell","Vesper Boat Club","Rowing","Rowing Men's Coxed Eights",1904
"Gezahgne Abera","Ethiopia","Athletics","Athletics Men's Marathon",2000
"Michael Brent Abernathy","United States","Baseball","Baseball Men's Baseball",2000
"Ismail Abilov (-Nizamolu)","Bulgaria","Wrestling","Wrestling Men's Middleweight, Freestyle",1980
"Edgar Allen ""Ed"" Ablowich","United States","Athletics","Athletics Men's 4 x 400 metres Relay",1932
"Attila brahm","Hungary","Canoeing","Canoeing Men's Kayak Fours, 1,000 metres",1988
"Harold Maurice Abrahams","Great Britain","Athletics","Athletics Men's 100 metres",1924
"Isak Abrahamsen","Norway","Gymnastics","Gymnastics Men's Team All-Around, Free System",1912
"Saypulla Atavovich Absaidov","Soviet Union","Wrestling","Wrestling Men's Lightweight, Freestyle",1980
"Julien Absalon","France","Cycling","Cycling Men's Mountainbike, Cross-Country",2004
"Julien Absalon","France","Cycling","Cycling Men's Mountainbike, Cross-Country",2008
"Ahmad Abughaush","Jordan","Taekwondo","Taekwondo Men's Featherweight",2016
"Magomedgasan Mingazhutdinovich Abushev","Soviet Union","Wrestling","Wrestling Men's Featherweight, Freestyle",1980
"William Accambray","France","Handball","Handball Men's Handball",2012
"Fausto Alesio Acke (Padovini-)","Sweden","Gymnastics","Gymnastics Men's Team All-Around, Swedish System",1920
"Paul Douglas Ackerley","New Zealand","Hockey","Hockey Men's Hockey",1976
"Charles Edwin ""Charley"" Ackerly","United States","Wrestling","Wrestling Men's Featherweight, Freestyle",1920
"Donat Acklin","Switzerland-1","Bobsleigh","Bobsleigh Men's Two",1992
"Donat Acklin","Switzerland-1","Bobsleigh","Bobsleigh Men's Two",1994
"Lautaro Germn Acosta","Argentina","Football","Football Men's Football",2008
"Bashir Ahmed","Pakistan","Hockey","Hockey Men's Hockey",1960
"Gordon Belgum ""Gordy"" Adam","United States","Rowing","Rowing Men's Coxed Eights",1936
"Michael B. ""Mike"" Adam","Canada","Curling","Curling Men's Curling",2006
"Pierre Louis Eugne Adam","France","Cycling","Cycling Men's Team Pursuit, 4,000 metres",1948
"Harry Lester Adams","United States","Shooting","Shooting Men's Military Rifle, 200, 400, 500 and 600 metres, Team",1912
"Nicola Virginia Adams","Great Britain","Boxing","Boxing Women's Flyweight",2012
"Nicola Virginia Adams","Great Britain","Boxing","Boxing Women's Flyweight",2016
"Platt Adams","United States","Athletics","Athletics Men's Standing High Jump",1912
"Valerie Kasanita Adams-Vili (-Price)","New Zealand","Athletics","Athletics Women's Shot Put",2008
"Valerie Kasanita Adams-Vili (-Price)","New Zealand","Athletics","Athletics Women's Shot Put",2012
"Filip Kamil Adamski","Germany","Rowing","Rowing Men's Coxed Eights",2012
"Herbert Adamski","Germany","Rowing","Rowing Men's Coxed Pairs",1936
"Adenzia Aparecida Ferreira da Silva","Brazil","Volleyball","Volleyball Women's Volleyball",2012
"Franck Adisson","France-1","Canoeing","Canoeing Men's Canadian Doubles, Slalom",1996
"Charles ""Chuck"" Adkins","United States","Boxing","Boxing Men's Light-Welterweight",1952
"Derrick Ralph Adkins","United States","Athletics","Athletics Men's 400 metres Hurdles",1996
"Nils August Domingo Adlercreutz","Sweden","Equestrianism","Equestrianism Men's Three-Day Event, Team",1912
"Erik William Adlerz","Sweden","Diving","Diving Men's Platform",1912
"Erik William Adlerz","Sweden","Diving","Diving Men's Plain High",1912
"Rebecca ""Becky"" Adlington","Great Britain","Swimming","Swimming Women's 400 metres Freestyle",2008
"Rebecca ""Becky"" Adlington","Great Britain","Swimming","Swimming Women's 800 metres Freestyle",2008
"Nathan Ghar-Jun Adrian","United States","Swimming","Swimming Men's 4 x 100 metres Freestyle Relay",2008
"Nathan Ghar-Jun Adrian","United States","Swimming","Swimming Men's 100 metres Freestyle",2012
"Nathan Ghar-Jun Adrian","United States","Swimming","Swimming Men's 4 x 100 metres Medley Relay",2012
"Nathan Ghar-Jun Adrian","United States","Swimming","Swimming Men's 4 x 100 metres Freestyle Relay",2016
"Nathan Ghar-Jun Adrian","United States","Swimming","Swimming Men's 4 x 100 metres Medley Relay",2016
"Lavinia Agache (-Carney)","Romania","Gymnastics","Gymnastics Women's Team All-Around",1984
"Andre Kirk Agassi","United States","Tennis","Tennis Men's Singles",1996
"Marilyn Agliotti","Netherlands","Hockey","Hockey Women's Hockey",2008
"Marilyn Agliotti","Netherlands","Hockey","Hockey Women's Hockey",2012
"Yannick Agnel","France","Swimming","Swimming Men's 200 metres Freestyle",2012
"Yannick Agnel","France","Swimming","Swimming Men's 4 x 100 metres Freestyle Relay",2012
"Meghan Christina Agosta (-Marciano)","Canada","Ice Hockey","Ice Hockey Women's Ice Hockey",2006
"Meghan Christina Agosta (-Marciano)","Canada","Ice Hockey","Ice Hockey Women's Ice Hockey",2010
"Meghan Christina Agosta (-Marciano)","Canada","Ice Hockey","Ice Hockey Women's Ice Hockey",2014
"Judit goston-Mendelnyi","Hungary","Fencing","Fencing Women's Foil, Team",1964
"Carlo Agostoni Faini","Italy","Fencing","Fencing Men's epee, Team",1928
"Ioannis Agrimis","Large boat, Central Naval Prep School ""Poros""-1","Rowing","Rowing Men's 17-Man Naval Rowing Boats",1906
"Estella ""Stella"" Agsteribbe (-Blits)","Netherlands","Gymnastics","Gymnastics Women's Team All-Around",1928
"Sergio Leonel Agero del Castillo","Argentina","Football","Football Men's Football",2008
"Taismary ""Tai"" Agero Leiva (-Botteghi)","Cuba","Volleyball","Volleyball Women's Volleyball",2000
"Timothy Joseph ""Tim"" Ahearne","Great Britain","Athletics","Athletics Men's Triple Jump",1908
"George Lewis Ahlgren","United States","Rowing","Rowing Men's Coxed Eights",1948
"Tontowi Ahmad","Indonesia-1","Badminton","Badminton Mixed Doubles",2016
"Arne Per hman","Sweden","Athletics","Athletics Men's Triple Jump",1948
"Christine M. ""Crissy"" Ahmann-Leighton (-Perham)","United States","Swimming","Swimming Women's 4 x 100 metres Freestyle Relay",1992
"Christine M. ""Crissy"" Ahmann-Leighton (-Perham)","United States","Swimming","Swimming Women's 4 x 100 metres Medley Relay",1992
"Muhammad Ashfaq Ahmed","Pakistan","Hockey","Hockey Men's Hockey",1968
"Ishtiaq Ahmed","Pakistan","Hockey","Hockey Men's Hockey",1984
"Mushtaq Ahmed","Pakistan","Hockey","Hockey Men's Hockey",1984
"Mushtaq Ahmed","Pakistan","Hockey","Hockey Men's Hockey",1960
"Riaz Ahmed","Pakistan","Hockey","Hockey Men's Hockey",1968
"Brigitte Ahrenholz","East Germany","Rowing","Rowing Women's Coxed Eights",1976
"Christian ""Chris"" Ahrens","United States","Rowing","Rowing Men's Coxed Eights",2004
"Nobuyuki Aihara","Japan","Gymnastics","Gymnastics Men's Team All-Around",1960
"Nobuyuki Aihara","Japan","Gymnastics","Gymnastics Men's Floor Exercise",1960
"Charles Benedict ""Ben"" Ainslie","Great Britain","Sailing","Sailing Mixed One Person Dinghy",2000
"Charles Benedict ""Ben"" Ainslie","Great Britain","Sailing","Sailing Men's One Person Dinghy",2004
"Charles Benedict ""Ben"" Ainslie","Great Britain","Sailing","Sailing Mixed One Person Dinghy",2008
"Charles Benedict ""Ben"" Ainslie","Great Britain","Sailing","Sailing Men's One Person Heavyweight Dinghy",2012
"Kurt Harold Ainsworth","United States","Baseball","Baseball Men's Baseball",2000
"John Creyghton Ainsworth-Davis","Great Britain","Athletics","Athletics Men's 4 x 400 metres Relay",1920
"Brett Aitken","Australia","Cycling","Cycling Men's Madison",2000
"Vladimir Atoff","Union des Socits Franais de Sports Athletiques","Rugby","Rugby Men's Rugby",1900
"Artur Surenovych Aivazian","Ukraine","Shooting","Shooting Men's Small-Bore Rifle, Prone, 50 metres",2008
"Omar Ajete Iglesias","Cuba","Baseball","Baseball Men's Baseball",1992
"Omar Ajete Iglesias","Cuba","Baseball","Baseball Men's Baseball",1996
"Chioma Ajunwa (-Opara)","Nigeria","Athletics","Athletics Women's Long Jump",1996
"Nasuh Akar","Turkey","Wrestling","Wrestling Men's Bantamweight, Freestyle",1948
"Ernst Gunnar kerlund","Sweden","Canoeing","Canoeing Men's Kayak Doubles, 10,000 metres",1948
"Olle Erik Curys kerlund","Bissbi","Sailing","Sailing Mixed 6 metres",1932
"Michelle Anne Akers","United States","Football","Football Women's Football",1996
"Taha Akgl","Turkey","Wrestling","Wrestling Men's Super-Heavyweight, Freestyle",2016
"Yelena Rabigovna Akhaminova (-Sokolovskaya)","Soviet Union","Volleyball","Volleyball Women's Volleyball",1980
"Albina Khamitovna Akhatova","Russia","Biathlon","Biathlon Women's 4 x 6 kilometres Relay",2006
"Artur Kamilevich Akhmatkhuzin","Russia","Fencing","Fencing Men's Foil, Team",2016
"Gulraiz Akhtar","Pakistan","Hockey","Hockey Men's Hockey",1968
"Naeem Akhtar","Pakistan","Hockey","Hockey Men's Hockey",1984
"John Akii-Bua","Uganda","Athletics","Athletics Men's 400 metres Hurdles",1972
"Anatoly Ivanovich Akimov","Soviet Union","Water Polo","Water Polo Men's Water Polo",1972
"Vladimir Ivanovich Akimov","Soviet Union","Water Polo","Water Polo Men's Water Polo",1980
"Morolake Akinosun","United States","Athletics","Athletics Women's 4 x 100 metres Relay",2016
"Aleksandr Timofeyevich Aksinin","Soviet Union","Athletics","Athletics Men's 4 x 100 metres Relay",1980
"Fehaid Al-Deehani","Individual Olympic Athletes","Shooting","Shooting Men's Double Trap",2016
"Abdul Rashid Al-Hasan","Pakistan","Hockey","Hockey Men's Hockey",1984
"Ahmed bin Hasher Al-Maktoum","United Arab Emirates","Shooting","Shooting Men's Double Trap",2004
"Marina Alabau Neira","Spain","Sailing","Sailing Women's Windsurfer",2012
"Noor Alam","Pakistan","Hockey","Hockey Men's Hockey",1960
"Toimi Johannes Alatalo","Finland","Cross Country Skiing","Cross Country Skiing Men's 4 x 10 kilometres Relay",1960
"Marco Albarello","Italy","Cross Country Skiing","Cross Country Skiing Men's 4 x 10 kilometres Relay",1994
"A. Albert","Union des Socits Franais de Sports Athletiques","Rugby","Rugby Men's Rugby",1900
"Georg Albert Christian Albertsen","Denmark","Gymnastics","Gymnastics Men's Team All-Around, Free System",1920
"Islam-Beka Said-Tsilimovich Albiyev","Russia","Wrestling","Wrestling Men's Lightweight, Greco-Roman",2008
"mile Albrecht","Switzerland","Rowing","Rowing Men's Coxed Fours",1924
"John Robert Albrechtson","Sweden","Sailing","Sailing Mixed Two Person Keelboat",1976
"Tenley Emma Albright (-Gardiner, -Blakely)","United States","Figure Skating","Figure Skating Women's Singles",1956
"Andrs Aldama Cabrera","Cuba","Boxing","Boxing Men's Welterweight",1980
"Frederick Pitt ""Fred"" Alderman","United States","Athletics","Athletics Men's 4 x 400 metres Relay",1928
"Jo Qesem Ayela Aleh","New Zealand","Sailing","Sailing Women's Two Person Dinghy",2012
"Virgilijus Alekna","Lithuania","Athletics","Athletics Men's Discus Throw",2000
"Virgilijus Alekna","Lithuania","Athletics","Athletics Men's Discus Throw",2004
"Boris Viktorovich Aleksandrov","Soviet Union","Ice Hockey","Ice Hockey Men's Ice Hockey",1976
"Veniamin Veniaminovich Aleksandrov","Soviet Union","Ice Hockey","Ice Hockey Men's Ice Hockey",1964
"Veniamin Veniaminovich Aleksandrov","Soviet Union","Ice Hockey","Ice Hockey Men's Ice Hockey",1968
"Larisa Aleksandrova-Popova","Soviet Union","Rowing","Rowing Women's Double Sculls",1980
"Artur Aleksanyan","Armenia","Wrestling","Wrestling Men's Heavyweight, Greco-Roman",2016
"Vasily Ivanovich Alekseyev","Soviet Union","Weightlifting","Weightlifting Men's Super-Heavyweight",1972
"Vasily Ivanovich Alekseyev","Soviet Union","Weightlifting","Weightlifting Men's Super-Heavyweight",1976
"Milan Aleksi","Serbia","Water Polo","Water Polo Men's Water Polo",2016
"Marc Robert Alexandre","France","Judo","Judo Men's Lightweight",1988
"Alfonso Prez Muoz","Spain","Football","Football Men's Football",1992
"Stephen Todd ""Steve"" Alford","United States","Basketball","Basketball Men's Basketball",1984
"Hans Daniel Alfredsson","Sweden","Ice Hockey","Ice Hockey Men's Ice Hockey",2006
"Ulf Hkan Gran Algotsson","Sweden","Ice Hockey","Ice Hockey Men's Ice Hockey",1994
"Nasir Ali","Pakistan","Hockey","Hockey Men's Hockey",1984
"Shaukat Ali","India","Hockey","Hockey Men's Hockey",1928
"Syed Mushtaq Ali","India","Hockey","Hockey Men's Hockey",1964
"Gaston Jules Louis Antoine Alibert","France","Fencing","Fencing Men's epee, Individual",1908
"Gaston Jules Louis Antoine Alibert","France","Fencing","Fencing Men's epee, Team",1908
"Sergey Gennadyevich Alifirenko","Russia","Shooting","Shooting Men's Rapid-Fire Pistol, 25 metres",2000
"Vladimir Aleksandrovich Alikin","Soviet Union","Biathlon","Biathlon Men's 4 x 7.5 kilometres Relay",1980
"Aleksey Aleksandrovich Alipov","Russia","Shooting","Shooting Men's Trap",2004
"Georgios Aliprantis","Greece","Gymnastics","Gymnastics Men's Rope Climbing",1906
"Alison Conte Cerutti","Brazil-1","Beach Volleyball","Beach Volleyball Men's Beach Volleyball",2016
"Margarita Sergeyevna Aliychuk","Russia","Rhythmic Gymnastics","Rhythmic Gymnastics Women's Group",2008
"Alphonse Allaert","Belgium","Archery","Archery Men's Target Archery, 33 metres, Team",1920
"Alphonse Allaert","Belgium","Archery","Archery Men's Target Archery, 50 metres, Team",1920
"William Charles ""Bill"" Allen","United States","Sailing","Sailing Mixed Three Person Keelboat",1972
"Katherine Jessie Jean ""Kate"" Allen (-Diechtler)","Austria","Triathlon","Triathlon Women's Olympic Distance",2004
"Kate Ruth ""Katie"" Allen","Australia","Hockey","Hockey Women's Hockey",2000
"Walter Ray Allen","United States","Basketball","Basketball Men's Basketball",2000
"Richard James Allen","India","Hockey","Hockey Men's Hockey",1928
"Richard James Allen","India","Hockey","Hockey Men's Hockey",1932
"Richard James Allen","India","Hockey","Hockey Men's Hockey",1936
"Wyatt Allen","United States","Rowing","Rowing Men's Coxed Eights",2004
"Arthur Allers","Heira II","Sailing","Sailing Mixed 12 metres",1920
"Ejler Arild Emil Allert","Nykjbings paa Falster","Rowing","Rowing Men's Coxed Fours, Inriggers",1912
"Derek Swithin Allhusen","Great Britain","Equestrianism","Equestrianism Mixed Three-Day Event, Team",1968
"Antonio Allocchio","Italy","Fencing","Fencing Men's epee, Team",1920
"Lynne Marie Allsup (-Olson)","United States","Swimming","Swimming Women's 4 x 100 metres Freestyle Relay",1964
"Carmela Allucci","Italy","Water Polo","Water Polo Women's Water Polo",2004
"Aleksandr Davletovich Almetov","Soviet Union","Ice Hockey","Ice Hockey Men's Ice Hockey",1964
"Nicolas Alnoudji","Cameroon","Football","Football Men's Football",2000
"Thomas Alsgaard (Alsgrd-)","Norway","Cross Country Skiing","Cross Country Skiing Men's 30 kilometres",1994
"Thomas Alsgaard (Alsgrd-)","Norway","Cross Country Skiing","Cross Country Skiing Men's 10/15 kilometres Pursuit",1998
"Thomas Alsgaard (Alsgrd-)","Norway","Cross Country Skiing","Cross Country Skiing Men's 4 x 10 kilometres Relay",1998
"Thomas Alsgaard (Alsgrd-)","Norway","Cross Country Skiing","Cross Country Skiing Men's 10/10 kilometres Pursuit",2002
"Thomas Alsgaard (Alsgrd-)","Norway","Cross Country Skiing","Cross Country Skiing Men's 4 x 10 kilometres Relay",2002
"Ida Alstad","Norway","Handball","Handball Women's Handball",2012
"Robert Alt","Switzerland-1","Bobsleigh","Bobsleigh Men's Four",1956
"Jeannette Eleanor Altwegg (-Wirz)","Great Britain","Figure Skating","Figure Skating Women's Singles",1952
"Jos Mara lvarez de las Asturias Bohorques y Goyeneche","Spain","Equestrianism","Equestrianism Men's Jumping, Team",1928
"Anatoly Nikolayevich Alyabyev","Soviet Union","Biathlon","Biathlon Men's 20 kilometres",1980
"Anatoly Nikolayevich Alyabyev","Soviet Union","Biathlon","Biathlon Men's 4 x 7.5 kilometres Relay",1980
"Nikolay Aleksandrovich Alyokhin","Soviet Union","Fencing","Fencing Men's Sabre, Team",1980
"Simona Amnar (-Tabr)","Romania","Gymnastics","Gymnastics Women's Horse Vault",1996
"Simona Amnar (-Tabr)","Romania","Gymnastics","Gymnastics Women's Individual All-Around",2000
"Simona Amnar (-Tabr)","Romania","Gymnastics","Gymnastics Women's Team All-Around",2000
"Max Amann","Germany","Water Polo","Water Polo Men's Water Polo",1928
"Jean-Pierre Bernard Andr Amat","France","Shooting","Shooting Men's Small-Bore Rifle, Three Positions, 50 metres",1996
"Amauri Ribeiro","Brazil","Volleyball","Volleyball Men's Volleyball",1992
"Jos Emilio Amavisca Grate","Spain","Football","Football Men's Football",1992
"Amedeo Ambron","Italy","Water Polo","Water Polo Men's Water Polo",1960
"Christie Ambrosi","United States","Softball","Softball Women's Softball",2000
"Mikls Ambrus","Hungary","Water Polo","Water Polo Men's Water Polo",1964
"Rolf-Dieter Amend","East Germany-1","Canoeing","Canoeing Men's Canadian Doubles, Slalom",1972
"Joseph Brian ""Joe"" Amlong","United States","Rowing","Rowing Men's Coxed Eights",1964
"Thomas Kennedy ""Tom"" Amlong","United States","Rowing","Rowing Men's Coxed Eights",1964
"Simon Ammann","Switzerland","Ski Jumping","Ski Jumping Men's Normal Hill, Individual",2002
"Simon Ammann","Switzerland","Ski Jumping","Ski Jumping Men's Large Hill, Individual",2002
"Simon Ammann","Switzerland","Ski Jumping","Ski Jumping Men's Normal Hill, Individual",2010
"Simon Ammann","Switzerland","Ski Jumping","Ski Jumping Men's Large Hill, Individual",2010
"Daniel Owofin Amokachi","Nigeria","Football","Football Men's Football",1996
"Edward John Amoore","Great Britain","Shooting","Shooting Men's Small-Bore Rifle, 50 and 100 yards, Team",1908
"Zinaida Stepanovna Amosova (Shishkina-)","Soviet Union","Cross Country Skiing","Cross Country Skiing Women's 4 x 5 kilometres Relay",1976
"Uwe Ampler","East Germany","Cycling","Cycling Men's 100 kilometres Team Time Trial",1988
"Steinar Amundsen","Norway","Canoeing","Canoeing Men's Kayak Fours, 1,000 metres",1968
"Emmanuel Amunike","Nigeria","Football","Football Men's Football",1996
"Francis ""Frank"" Amyot","Canada","Canoeing","Canoeing Men's Canadian Singles, 1,000 metres",1936
"An Byeong-Geun","South Korea","Judo","Judo Men's Lightweight",1984
"An Han-Bong","South Korea","Wrestling","Wrestling Men's Bantamweight, Greco-Roman",1992
"An Kum-Ae","North Korea","Judo","Judo Women's Half-Lightweight",2012
"An Sang-Mi","South Korea","Short Track Speed Skating","Short Track Speed Skating Women's 3,000 metres Relay",1998
"Viktor An","South Korea","Short Track Speed Skating","Short Track Speed Skating Men's 1,000 metres",2006
"Viktor An","South Korea","Short Track Speed Skating","Short Track Speed Skating Men's 1,500 metres",2006
"Viktor An","South Korea","Short Track Speed Skating","Short Track Speed Skating Men's 5,000 metres Relay",2006
"Viktor An","Russia","Short Track Speed Skating","Short Track Speed Skating Men's 500 metres",2014
"Viktor An","Russia","Short Track Speed Skating","Short Track Speed Skating Men's 1,000 metres",2014
"Viktor An","Russia","Short Track Speed Skating","Short Track Speed Skating Men's 5,000 metres Relay",2014
"Douglas Thomas ""Doug"" Anakin","Canada-1","Bobsleigh","Bobsleigh Men's Four",1964
"Svetlana Anastasovski-Obuina","Yugoslavia","Handball","Handball Women's Handball",1984
"Zygmunt Jzef Anczok","Poland","Football","Football Men's Football",1972
"Anja Jul Andersen","Denmark","Handball","Handball Women's Handball",1996
"milie Andol","France","Judo","Judo Women's Heavyweight",2016
"Olle Henrik Martin Anderberg","Sweden","Wrestling","Wrestling Men's Lightweight, Freestyle",1952
"Aage Jrgen Christian Andersen","Denmark","Football","Football Men's Football",1906
"Alf Steen Andersen","Norway","Ski Jumping","Ski Jumping Men's Normal Hill, Individual",1928
"Camilla Rseler Andersen","Denmark","Handball","Handball Women's Handball",1996
"Camilla Rseler Andersen","Denmark","Handball","Handball Women's Handball",2000
"Carl Albert Andersen","Norway","Gymnastics","Gymnastics Men's Team All-Around",1906
"Carl Rudolf Svend Andersen","Denmark","Gymnastics","Gymnastics Men's Team All-Around, Free System",1920
"Carl-Ebbe Andersen","Denmark","Rowing","Rowing Men's Coxed Pairs",1948
"Greta Marie Andersen (-Sonnichsen, -Veress)","Denmark","Swimming","Swimming Women's 100 metres Freestyle",1948
"Hjalmar Johan Andersen","Norway","Speed Skating","Speed Skating Men's 1,500 metres",1952
"Hjalmar Johan Andersen","Norway","Speed Skating","Speed Skating Men's 5,000 metres",1952
"Hjalmar Johan Andersen","Norway","Speed Skating","Speed Skating Men's 10,000 metres",1952
"Kristine Andersen","Denmark","Handball","Handball Women's Handball",2004
"Linda Widwey Andersen (-Cerup-Simonsen)","Norway","Sailing","Sailing Women's One Person Dinghy",1992
"Mads Christian Kruse Andersen","Denmark","Rowing","Rowing Men's Lightweight Coxless Fours",2008
"Vigo Carl Andersen","Denmark","Football","Football Men's Football",1906
"Anderson de Oliveira Rodrigues","Brazil","Volleyball","Volleyball Men's Volleyball",2004
"Alyssa Jean Anderson","United States","Swimming","Swimming Women's 4 x 200 metres Freestyle Relay",2012
"Andrea Arlene Anderson (-Bolder)","United States","Athletics","Athletics Women's 4 x 400 metres Relay",2000
"Charles Howard Anderson","United States","Equestrianism","Equestrianism Men's Three-Day Event, Team",1948
"Gary Lee Anderson","United States","Shooting","Shooting Men's Free Rifle, Three Positions, 300 metres",1964
"Gary Lee Anderson","United States","Shooting","Shooting Mixed Free Rifle, Three Positions, 300 metres",1968
"Jamie Louise Anderson","United States","Snowboarding","Snowboarding Women's Slopestyle",2014
"Jasey-Jay Anderson","Canada","Snowboarding","Snowboarding Men's Parallel Giant Slalom",2010
"John Franklin Anderson","United States","Athletics","Athletics Men's Discus Throw",1932
"John Edward Anderson","Australia","Sailing","Sailing Mixed Two Person Keelboat",1972
"Paul Edward Anderson","United States","Weightlifting","Weightlifting Men's Heavyweight",1956
"Thomas James ""Tom"" Anderson","Australia","Sailing","Sailing Mixed Three Person Keelboat",1972
"Agneta Monica Andersson","Sweden","Canoeing","Canoeing Women's Kayak Singles, 500 metres",1984
"Agneta Monica Andersson","Sweden","Canoeing","Canoeing Women's Kayak Doubles, 500 metres",1984
"Agneta Monica Andersson","Sweden","Canoeing","Canoeing Women's Kayak Doubles, 500 metres",1996
"Albert Per Andersson","Sweden","Gymnastics","Gymnastics Men's Team All-Around, Swedish System",1920
"Karl Arvid Andersson (-Holtman)","Sweden","Gymnastics","Gymnastics Men's Team All-Around, Swedish System",1920
"Arvid Leander Andersson","Sweden","Tug-Of-War","Tug-Of-War Men's Tug-Of-War",1912
"Erik Gsta Andersson","Sweden","Wrestling","Wrestling Men's Welterweight, Greco-Roman",1948
"Svensk Hjalmar Zakeus Andersson","Sweden","Athletics","Athletics Men's Cross-Country, Team",1912
"Lina Marie Andersson","Sweden","Cross Country Skiing","Cross Country Skiing Women's Team Sprint",2006
"Sune Isidor Andersson","Sweden","Football","Football Men's Football",1948
"Carola Anding (-Jacob)","East Germany","Cross Country Skiing","Cross Country Skiing Women's 4 x 5 kilometres Relay",1980
"Soslan Petrovich Andiyev","Soviet Union","Wrestling","Wrestling Men's Super-Heavyweight, Freestyle",1976
"Soslan Petrovich Andiyev","Soviet Union","Wrestling","Wrestling Men's Super-Heavyweight, Freestyle",1980
"Manuel ngel Andrada","Argentina","Polo","Polo Men's Polo",1936
"Jos Leandro Andrade","Uruguay","Football","Football Men's Football",1924
"Jos Leandro Andrade","Uruguay","Football","Football Men's Football",1928
"Alessandro Andrei","Italy","Athletics","Athletics Men's Shot Put",1984
"Vasile Andrei","Romania","Wrestling","Wrestling Men's Heavyweight, Greco-Roman",1984
"Arnaldo Andreoli","Italy","Gymnastics","Gymnastics Men's Team All-Around",1920
"Dominic Andres","Switzerland","Curling","Curling Men's Curling",1998
"Frode Andresen","Norway","Biathlon","Biathlon Men's 4 x 7.5 kilometres Relay",2002
"Michelle ""Shelley"" Andrews (-Mitchell)","Australia","Hockey","Hockey Women's Hockey",1996
"Theresa Andrews","United States","Swimming","Swimming Women's 100 metres Backstroke",1984
"Theresa Andrews","United States","Swimming","Swimming Women's 4 x 100 metres Medley Relay",1984
"Yelena Valentinovna Andreyuk (-Chesnokova)","Soviet Union","Volleyball","Volleyball Women's Volleyball",1980
"Nikolaos Andriakopoulos","Greece","Gymnastics","Gymnastics Men's Rope Climbing",1896
"Nikolay Yefimovich Andrianov","Soviet Union","Gymnastics","Gymnastics Men's Floor Exercise",1972
"Nikolay Yefimovich Andrianov","Soviet Union","Gymnastics","Gymnastics Men's Individual All-Around",1976
"Nikolay Yefimovich Andrianov","Soviet Union","Gymnastics","Gymnastics Men's Floor Exercise",1976
"Nikolay Yefimovich Andrianov","Soviet Union","Gymnastics","Gymnastics Men's Horse Vault",1976
"Nikolay Yefimovich Andrianov","Soviet Union","Gymnastics","Gymnastics Men's Rings",1976
"Nikolay Yefimovich Andrianov","Soviet Union","Gymnastics","Gymnastics Men's Team All-Around",1980
"Nikolay Yefimovich Andrianov","Soviet Union","Gymnastics","Gymnastics Men's Horse Vault",1980
"Dragan Andri","Yugoslavia","Water Polo","Water Polo Men's Water Polo",1984
"Dragan Andri","Yugoslavia","Water Polo","Water Polo Men's Water Polo",1988
"Michel Andrieux","France","Rowing","Rowing Men's Coxless Pairs",2000
"Franz Josef Andrysek","Austria","Weightlifting","Weightlifting Men's Featherweight",1928
"Matteo Anesi","Italy","Speed Skating","Speed Skating Men's Team Pursuit (8 laps)",2006
"Peter Angerer","West Germany","Biathlon","Biathlon Men's 20 kilometres",1984
"Paolo Angioni","Italy","Equestrianism","Equestrianism Mixed Three-Day Event, Team",1964
"Kurt Steven Angle","United States","Wrestling","Wrestling Men's Heavyweight, Freestyle",1996
"Giorgio Anglesio","Italy","Fencing","Fencing Men's epee, Team",1956
"Heinrich ""Heiri"" Angst","Switzerland-1","Bobsleigh","Bobsleigh Men's Four",1956
"Nikolay Petrovich Anikin","Soviet Union","Cross Country Skiing","Cross Country Skiing Men's 4 x 10 kilometres Relay",1956
"Marina Vyacheslavovna Anissina (-Dzhigurda)","France-1","Figure Skating","Figure Skating Mixed Ice Dancing",2002
"Hannelore Anke (-Hofmann)","East Germany","Swimming","Swimming Women's 100 metres Breaststroke",1976
"Hannelore Anke (-Hofmann)","East Germany","Swimming","Swimming Women's 4 x 100 metres Medley Relay",1976
"Erik Anker","Norna","Sailing","Sailing Mixed 6 metres",1928
"Johan August Anker","Magda IX","Sailing","Sailing Mixed 12 metres",1912
"Johan August Anker","Norna","Sailing","Sailing Mixed 6 metres",1928
"Andrija Ankovi","Yugoslavia","Football","Football Men's Football",1960
"Alyson Regina Annan","Australia","Hockey","Hockey Women's Hockey",1996
"Alyson Regina Annan","Australia","Hockey","Hockey Women's Hockey",2000
"Noriko Anno","Japan","Judo","Judo Women's Half-Heavyweight",2004
"Aleksandre Anp'ilogovi","Soviet Union","Handball","Handball Men's Handball",1976
"Daniela Anschtz-Thoms","Germany","Speed Skating","Speed Skating Women's Team Pursuit (6 laps)",2006
"Daniela Anschtz-Thoms","Germany","Speed Skating","Speed Skating Women's Team Pursuit (6 laps)",2010
"Renato Anselmi","Italy","Fencing","Fencing Men's Sabre, Team",1924
"Giselle Anne Ansley","Great Britain","Hockey","Hockey Women's Hockey",2016
"Henri Lucien Ernest Eugne Anspach","Belgium","Fencing","Fencing Men's epee, Team",1912
"Paul Eugne Albert Anspach","Belgium","Fencing","Fencing Men's epee, Individual",1912
"Paul Eugne Albert Anspach","Belgium","Fencing","Fencing Men's epee, Team",1912
"Dana Antal","Canada","Ice Hockey","Ice Hockey Women's Ice Hockey",2002
"Rbert Antal (Adler)","Hungary","Water Polo","Water Polo Men's Water Polo",1952
"Carmelo Kyan Anthony","United States","Basketball","Basketball Men's Basketball",2008
"Carmelo Kyan Anthony","United States","Basketball","Basketball Men's Basketball",2012
"Carmelo Kyan Anthony","United States","Basketball","Basketball Men's Basketball",2016
"Peter Thomas Antonie","Australia","Rowing","Rowing Men's Double Sculls",1992
"Oegs Antropovs","Soviet Union","Volleyball","Volleyball Men's Volleyball",1968
"Ants Antson","Soviet Union","Speed Skating","Speed Skating Men's 1,500 metres",1964
"Kaarlo Johan Jalmari ""Kalle"" Anttila","Finland","Wrestling","Wrestling Men's Lightweight, Freestyle",1920
"Kaarlo Johan Jalmari ""Kalle"" Anttila","Finland","Wrestling","Wrestling Men's Featherweight, Greco-Roman",1924
"Nataliya Nikolayevna Antyukh","Russia","Athletics","Athletics Women's 400 metres Hurdles",2012
"Saeed Anwar","Pakistan","Hockey","Hockey Men's Hockey",1968
"Mayumi Aoki (-Nishiguti)","Japan","Swimming","Swimming Women's 100 metres Butterfly",1972
"Sad Aouita","Morocco","Athletics","Athletics Men's 5,000 metres",1984
"Nikolay Sergeyevich Apalikov","Russia","Volleyball","Volleyball Men's Volleyball",2012
"Katrin Apel","Germany","Biathlon","Biathlon Women's 4 x 7.5 kilometres Relay",1998
"Katrin Apel","Germany","Biathlon","Biathlon Women's 4 x 7.5 kilometres Relay",2002
"Chira Irina Apostol (-Stoian)","Romania","Rowing","Rowing Women's Coxed Fours",1984
"Ingo Appelt","Austria-1","Bobsleigh","Bobsleigh Men's Four",1992
"William Reuben ""Willie"" Applegarth","Great Britain","Athletics","Athletics Men's 4 x 100 metres Relay",1912
"Gillian Mary Apps","Canada","Ice Hockey","Ice Hockey Women's Ice Hockey",2006
"Gillian Mary Apps","Canada","Ice Hockey","Ice Hockey Women's Ice Hockey",2010
"Gillian Mary Apps","Canada","Ice Hockey","Ice Hockey Women's Ice Hockey",2014
"Vladimer Aptsiauri","Soviet Union","Fencing","Fencing Men's Foil, Team",1988
"Javier Ignacio Aquino Carmona","Mexico","Football","Football Men's Football",2012
"Shigeo Arai","Japan","Swimming","Swimming Men's 4 x 200 metres Freestyle Relay",1936
"Shizuka Arakawa","Japan","Figure Skating","Figure Skating Women's Singles",2006
"Yuko Arakida","Japan","Volleyball","Volleyball Women's Volleyball",1976
"Alexandra Araujo","Italy","Water Polo","Water Polo Women's Water Polo",2004
"Rodica Arba-Pucatu","Romania","Rowing","Rowing Women's Coxless Pairs",1984
"Rodica Arba-Pucatu","Romania","Rowing","Rowing Women's Coxless Pairs",1988
"Alexander ""Sandy"" Archer","Great Britain","Ice Hockey","Ice Hockey Men's Ice Hockey",1936
"Jeffrey Victor ""Jeff"" Archibald","New Zealand","Hockey","Hockey Men's Hockey",1976
"Katie Louise Archibald","Great Britain","Cycling","Cycling Women's Team Pursuit",2016
"Angelo Arcidiacono","Italy","Fencing","Fencing Men's Sabre, Team",1984
"Ermenegildo ""Gildo"" Arena","Italy","Water Polo","Water Polo Men's Water Polo",1948
"Dieter Arend","Germany","Rowing","Rowing Men's Coxed Pairs",1936
"Charles Archer Arentz","Mosk II","Sailing","Sailing Mixed 10 metres",1920
"Alessandro Argenton","Italy","Equestrianism","Equestrianism Mixed Three-Day Event, Team",1964
"Edwin Yancey ""Eddie"" Argo","United States","Equestrianism","Equestrianism Men's Three-Day Event, Team",1932
"Marcus Mills Pomeroy ""Mark"" Arie","United States","Shooting","Shooting Men's Trap",1920
"Marcus Mills Pomeroy ""Mark"" Arie","United States","Shooting","Shooting Men's Trap, Team",1920
"Luigi Arienti","Italy","Cycling","Cycling Men's Team Pursuit, 4,000 metres",1960
"Pedro Arispe","Uruguay","Football","Football Men's Football",1924
"Pedro Arispe","Uruguay","Football","Football Men's Football",1928
"William Peixoto Arjona","Brazil","Volleyball","Volleyball Men's Volleyball",2016
"Tobias Arlt","Germany-1","Luge","Luge Mixed (Men)'s Doubles",2014
"Tobias Arlt","Germany","Luge","Luge Mixed Team Relay",2014
"Mario Armano","Italy-1","Bobsleigh","Bobsleigh Men's Four",1968
"Raymond Richard ""Ray"" Armstead","United States","Athletics","Athletics Men's 4 x 400 metres Relay",1984
"Aaron Nigel Armstrong","Trinidad and Tobago","Athletics","Athletics Men's 4 x 100 metres Relay",2008
"Elizabeth ""Betsey"" Armstrong","United States","Water Polo","Water Polo Women's Water Polo",2012
"Charles Ewing Armstrong","Vesper Boat Club","Rowing","Rowing Men's Coxed Eights",1904
"Debra Rae ""Debbie"" Armstrong","United States","Alpine Skiing","Alpine Skiing Women's Giant Slalom",1984
"Duncan John D'Arcy Armstrong","Australia","Swimming","Swimming Men's 200 metres Freestyle",1988
"Jennifer Margaret ""Jenny"" Armstrong","Australia","Sailing","Sailing Women's Two Person Dinghy",2000
"Kristin Ann Armstrong (-Savola)","United States","Cycling","Cycling Women's Individual Time Trial",2008
"Kristin Ann Armstrong (-Savola)","United States","Cycling","Cycling Women's Individual Time Trial",2012
"Kristin Ann Armstrong (-Savola)","United States","Cycling","Cycling Women's Individual Time Trial",2016
"Michel Taylor ""Tate"" Armstrong","United States","Basketball","Basketball Men's Basketball",1976
"Zlatan Arnautovi","Yugoslavia","Handball","Handball Men's Handball",1984
"Jay Joseph Hoyland Arnette","United States","Basketball","Basketball Men's Basketball",1960
"Albert Stephan Arnheiter","Ludwigshafener Ruderverein","Rowing","Rowing Men's Coxed Fours, Outriggers",1912
"Donald John ""Don"" Arnold","Canada","Rowing","Rowing Men's Coxless Fours",1956
"Juan Pedro Arremn","Uruguay","Football","Football Men's Football",1928
"Luis Rolando Arrojo vila","Cuba","Baseball","Baseball Men's Baseball",1992
"Israil Magomedgireyevich Arsamakov","Soviet Union","Weightlifting","Weightlifting Men's Light-Heavyweight",1988
"Samantha ""Sam"" Arsenault (-Livingstone)","United States","Swimming","Swimming Women's 4 x 200 metres Freestyle Relay",2000
"Abas Arslanagi","Yugoslavia","Handball","Handball Men's Handball",1972
"Bakhtiyar Garifulayevich Artayev","Kazakhstan","Boxing","Boxing Men's Welterweight",2004
"douard Jos Artigas","France","Fencing","Fencing Men's epee, Team",1948
"Vladimir Nikolayevich Artyomov","Soviet Union","Gymnastics","Gymnastics Men's Individual All-Around",1988
"Vladimir Nikolayevich Artyomov","Soviet Union","Gymnastics","Gymnastics Men's Team All-Around",1988
"Vladimir Nikolayevich Artyomov","Soviet Union","Gymnastics","Gymnastics Men's Parallel Bars",1988
"Vladimir Nikolayevich Artyomov","Soviet Union","Gymnastics","Gymnastics Men's Horizontal Bar",1988
"Pr Johan Arvidsson","Sweden","Swimming","Swimming Men's 100 metres Butterfly",1980
"Per-Olof Arvidsson","Sweden","Shooting","Shooting Men's Running Target, Single Shot, Team",1912
"Andrey Nikolayevich Aryamnov","Belarus","Weightlifting","Weightlifting Men's Heavyweight",2008
"Laura Asadauskait-Zadneprovskien","Lithuania","Modern Pentathlon","Modern Pentathlon Women's Individual",2012
"Giorgi Asanidze","Georgia","Weightlifting","Weightlifting Men's Light-Heavyweight",2004
"Charles Asati","Kenya","Athletics","Athletics Men's 4 x 400 metres Relay",1972
"Nugzar Asatiani","Soviet Union","Fencing","Fencing Men's Sabre, Team",1964
"Karl Gsta sbrink","Sweden","Gymnastics","Gymnastics Men's Team All-Around",1908
"Hans-Georg Aschenbach","East Germany","Ski Jumping","Ski Jumping Men's Normal Hill, Individual",1976
"Horace Ashenfelter, III","United States","Athletics","Athletics Men's 3,000 metres Steeplechase",1952
"Evelyn Ashford (-Washington)","United States","Athletics","Athletics Women's 100 metres",1984
"Evelyn Ashford (-Washington)","United States","Athletics","Athletics Women's 4 x 100 metres Relay",1984
"Evelyn Ashford (-Washington)","United States","Athletics","Athletics Women's 4 x 100 metres Relay",1988
"Evelyn Ashford (-Washington)","United States","Athletics","Athletics Women's 4 x 100 metres Relay",1992
"Thomas John Mitchell ""Tom"" Ashley","New Zealand","Sailing","Sailing Men's Windsurfer",2008
"Nickel Ashmeade","Jamaica","Athletics","Athletics Men's 4 x 100 metres Relay",2016
"Gerald Howard ""Gerry"" Ashworth","United States","Athletics","Athletics Men's 4 x 100 metres Relay",1964
"Khurshid Aslam","Pakistan","Hockey","Hockey Men's Hockey",1960
"Sardar Mohammad Aslam","India","Hockey","Hockey Men's Hockey",1932
"Brahim Asloum","France","Boxing","Boxing Men's Light-Flyweight",2000
"Viktor Karpovich Asmayev","Soviet Union","Equestrianism","Equestrianism Mixed Jumping, Team",1980
"Gunnar Henry Asmussen","Denmark","Cycling","Cycling Men's Team Pursuit, 4,000 metres",1968
"Karl-ke Asph","Sweden","Cross Country Skiing","Cross Country Skiing Men's 4 x 10 kilometres Relay",1964
"Robert Bain Aspin","Hera-1","Sailing","Sailing Mixed 12 metres",1908
"Valerio Aspromonte","Italy","Fencing","Fencing Men's Foil, Team",2012
"Polina Hryhorivna Astakhova","Soviet Union","Gymnastics","Gymnastics Women's Team All-Around",1956
"Polina Hryhorivna Astakhova","Soviet Union","Gymnastics","Gymnastics Women's Team All-Around",1960
"Polina Hryhorivna Astakhova","Soviet Union","Gymnastics","Gymnastics Women's Uneven Bars",1960
"Polina Hryhorivna Astakhova","Soviet Union","Gymnastics","Gymnastics Women's Team All-Around",1964
"Polina Hryhorivna Astakhova","Soviet Union","Gymnastics","Gymnastics Women's Uneven Bars",1964
"John Jacob Astor","Great Britain-1","Racquets","Racquets Men's Doubles",1908
"Heidi Astrup","Denmark","Handball","Handball Women's Handball",1996
"Mahmut Atalay","Turkey","Wrestling","Wrestling Men's Welterweight, Freestyle",1968
"Vyacheslav Vladimirovich Atavin","Soviet Union","Handball","Handball Men's Handball",1988
"Manzoor Hussain Atif","Pakistan","Hockey","Hockey Men's Hockey",1960
"Celal Atik (Doan-)","Turkey","Wrestling","Wrestling Men's Lightweight, Freestyle",1948
"Charles Sydney Atkin","Great Britain","Hockey","Hockey Men's Hockey",1920
"Sidney James Montford ""Sid"" Atkinson","South Africa","Athletics","Athletics Men's 110 metres Hurdles",1928
"smet Atl","Turkey","Wrestling","Wrestling Men's Light-Heavyweight, Freestyle",1960
"Francesco Attolico","Italy","Water Polo","Water Polo Men's Water Polo",1992
"Louis Mark Attrill","Great Britain","Rowing","Rowing Men's Coxed Eights",2000
"Susanne Jean ""Susie"" Atwood","United States","Swimming","Swimming Women's 4 x 100 metres Medley Relay",1972
"Fernando Atzori","Italy","Boxing","Boxing Men's Flyweight",1964
"Gerhard Auer","West Germany","Rowing","Rowing Men's Coxed Fours",1972
"Ingrid Auerswald-Lange (Brestrich-)","East Germany","Athletics","Athletics Women's 4 x 100 metres Relay",1980
"Alfred Aufdenblatten","Switzerland","Military Ski Patrol","Military Ski Patrol Men's Military Ski Patrol",1924
"Sandra Auffarth","Germany","Equestrianism","Equestrianism Mixed Three-Day Event, Team",2012
"Andr Auffray","France","Cycling","Cycling Men's Tandem Sprint, 2,000 metres",1908
"Inger Reidun Aufles (Dving-)","Norway","Cross Country Skiing","Cross Country Skiing Women's 3 x 5 kilometres Relay",1968
"Louis Albert Auguste-Dormeuil (Dormeuil-)","Carabinier-15","Sailing","Sailing Mixed 0.5-1 Ton",1900
"Seimone Delicia Augustus","United States","Basketball","Basketball Women's Basketball",2008
"Seimone Delicia Augustus","United States","Basketball","Basketball Women's Basketball",2012
"Seimone Delicia Augustus","United States","Basketball","Basketball Women's Basketball",2016
"Anders Aukland","Norway","Cross Country Skiing","Cross Country Skiing Men's 4 x 10 kilometres Relay",2002
"Gaston Achille Louis Aumoitte","France","Croquet","Croquet Mixed Singles, One Ball",1900
"Gaston Achille Louis Aumoitte","France","Croquet","Croquet Mixed Doubles",1900
"Berit Kristine Aunli-Kvello","Norway","Cross Country Skiing","Cross Country Skiing Women's 4 x 5 kilometres Relay",1984
"Charles Allen Austin","United States","Athletics","Athletics Men's High Jump",1996
"Michael MacKay ""Mike"" Austin","United States","Swimming","Swimming Men's 4 x 100 metres Freestyle Relay",1964
"Hennadiy Valentynovych Avdieienko","Soviet Union","Athletics","Athletics Men's High Jump",1988
"ngel Pedro Victorio ""Vctor"" Avendao","Argentina","Boxing","Boxing Men's Light-Heavyweight",1928
"Tatyana Borisovna Averina-Barabash","Soviet Union","Speed Skating","Speed Skating Women's 1,000 metres",1976
"Tatyana Borisovna Averina-Barabash","Soviet Union","Speed Skating","Speed Skating Women's 3,000 metres",1976
"Mykola Viktorovych Avilov","Soviet Union","Athletics","Athletics Men's Decathlon",1972
"Giorgio Avola","Italy","Fencing","Fencing Men's Foil, Team",2012
"Nduka Awazie","Nigeria","Athletics","Athletics Men's 4 x 400 metres Relay",2000
"Anders Per-Johan Axelsson","Sweden","Ice Hockey","Ice Hockey Men's Ice Hockey",2006
"Charles Sumner Axtell","United States","Shooting","Shooting Men's Free Pistol, 50 yards, Team",1908
"William Ayache","France","Football","Football Men's Football",1984
"Roberto Fabin Ayala","Argentina","Football","Football Men's Football",2004
"Almaz Ayana Eba","Ethiopia","Athletics","Athletics Women's 10,000 metres",2016
"Albert Jean Louis Ayat","France","Fencing","Fencing Men's epee, Masters, Individual",1900
"Albert Jean Louis Ayat","France","Fencing","Fencing Men's epee, Masters and Amateurs, Individual",1900
"Ahmet Ayk","Turkey","Wrestling","Wrestling Men's Light-Heavyweight, Freestyle",1968
"Arthur DeLancey ""Dan"" Ayrault, Jr.","United States","Rowing","Rowing Men's Coxed Pairs",1956
"Arthur DeLancey ""Dan"" Ayrault, Jr.","United States","Rowing","Rowing Men's Coxless Fours",1960
"Sarah Lianne Ayton (-Dempsey)","Great Britain","Sailing","Sailing Women's Three Person Keelboat",2004
"Sarah Lianne Ayton (-Dempsey)","Great Britain","Sailing","Sailing Women's Three Person Keelboat",2008
"Kazm Ayvaz","Turkey","Wrestling","Wrestling Men's Lightweight, Greco-Roman",1964
"Viktoriya Fyodorovna ""Vika"" Azarenko","Belarus","Tennis","Tennis Mixed Doubles",2012
"Yelena Yuryevna Azarova","Russia","Synchronized Swimming","Synchronized Swimming Women's Team",2000
"Yelena Yuryevna Azarova","Russia","Synchronized Swimming","Synchronized Swimming Women's Team",2004
"Albert Azaryan","Soviet Union","Gymnastics","Gymnastics Men's Team All-Around",1956
"Albert Azaryan","Soviet Union","Gymnastics","Gymnastics Men's Rings",1956
"Albert Azaryan","Soviet Union","Gymnastics","Gymnastics Men's Rings",1960
"Eduard Azaryan","Soviet Union","Gymnastics","Gymnastics Men's Team All-Around",1980
"Filiberto Azcuy Aguilera","Cuba","Wrestling","Wrestling Men's Welterweight, Greco-Roman",1996
"Filiberto Azcuy Aguilera","Cuba","Wrestling","Wrestling Men's Welterweight, Greco-Roman",2000
"Tariq Aziz","Pakistan","Hockey","Hockey Men's Hockey",1968
"Karina Borisovna Aznavuryan","Russia","Fencing","Fencing Women's epee, Team",2000
"Karina Borisovna Aznavuryan","Russia","Fencing","Fencing Women's epee, Team",2004
"Jrmie Azou","France","Rowing","Rowing Men's Lightweight Double Sculls",2016
"Jennifer Lynn Azzi","United States","Basketball","Basketball Women's Basketball",1996
"Christina Wilhelmina ""Stien"" Baas-Kaiser","Netherlands","Speed Skating","Speed Skating Women's 3,000 metres",1972
"Tijani Babangida","Nigeria","Football","Football Men's Football",1996
"Jack Babashoff, Jr.","United States","Swimming","Swimming Men's 4 x 100 metres Medley Relay",1976
"Shirley Frances Babashoff","United States","Swimming","Swimming Women's 4 x 100 metres Freestyle Relay",1972
"Shirley Frances Babashoff","United States","Swimming","Swimming Women's 4 x 100 metres Medley Relay",1972
"Shirley Frances Babashoff","United States","Swimming","Swimming Women's 4 x 100 metres Freestyle Relay",1976
"Celestine Boyd Jonto Hycieth Babayaro","Nigeria","Football","Football Men's Football",1996
"Kristen Elizabeth Babb-Sprague","United States","Synchronized Swimming","Synchronized Swimming Women's Solo",1992
"Henry Stoddard ""Harry"" Babcock","United States","Athletics","Athletics Men's Pole Vault",1912
"Alonzo Carl Babers","United States","Athletics","Athletics Men's 400 metres",1984
"Alonzo Carl Babers","United States","Athletics","Athletics Men's 4 x 400 metres Relay",1984
"Yevgeny Makarovich Babich","Soviet Union","Ice Hockey","Ice Hockey Men's Ice Hockey",1956
"Sorin Babii","Romania","Shooting","Shooting Men's Free Pistol, 50 metres",1988
"Sergey Panteleymonovich Babinov","Soviet Union","Ice Hockey","Ice Hockey Men's Ice Hockey",1976
"Jochen Babock","East Germany-1","Bobsleigh","Bobsleigh Men's Four",1976
"Thomas Bach","West Germany","Fencing","Fencing Men's Foil, Team",1976
"Jochen Bachfeld","East Germany","Boxing","Boxing Men's Welterweight",1976
"Tina Bachmann","Germany","Hockey","Hockey Women's Hockey",2004
"Helge Gustaf Samuel Bckander","Sweden","Gymnastics","Gymnastics Men's Team All-Around, Swedish System",1920
"Rune Christian Bckman","Sweden","Ice Hockey","Ice Hockey Men's Ice Hockey",2006
"Charles James Bacon, Jr.","United States","Athletics","Athletics Men's 400 metres Hurdles",1908
"Stanley Vivian Bacon","Great Britain","Wrestling","Wrestling Men's Middleweight, Freestyle",1908
"Diana Bacosi","Italy","Shooting","Shooting Women's Skeet",2016
"Pter Baczak","Hungary","Weightlifting","Weightlifting Men's Middle-Heavyweight",1980
"Sunday Bada","Nigeria","Athletics","Athletics Men's 4 x 400 metres Relay",2000
"John Charles ""Felix"" Badcock","Great Britain","Rowing","Rowing Men's Coxless Fours",1932
"Ioana Badea","Romania","Rowing","Rowing Women's Coxed Quadruple Sculls",1984
"Svetlana Mikhaylovna Badulina (-Safronova)","Soviet Union","Volleyball","Volleyball Women's Volleyball",1980
"Angelika Bahmann","East Germany","Canoeing","Canoeing Women's Kayak Singles, Slalom",1972
"Karl Bhre","Germany","Water Polo","Water Polo Men's Water Polo",1928
"Ernst Baier","Germany-1","Figure Skating","Figure Skating Mixed Pairs",1936
"Margaret Ann Bailes (Johnson-)","United States","Athletics","Athletics Women's 4 x 100 metres Relay",1968
"Antonio Bailetti","Italy","Cycling","Cycling Men's 100 kilometres Team Time Trial",1960
"Aleen May Bailey","Jamaica","Athletics","Athletics Women's 4 x 100 metres Relay",2004
"Christina ""Chris"" Bailey","United States","Ice Hockey","Ice Hockey Women's Ice Hockey",1998
"Donovan Bailey","Canada","Athletics","Athletics Men's 100 metres",1996
"Donovan Bailey","Canada","Athletics","Athletics Men's 4 x 100 metres Relay",1996
"Henry Marvin Bailey","United States","Shooting","Shooting Men's Rapid-Fire Pistol, 25 metres",1924
"Horace Peter Bailey","Great Britain","Football","Football Men's Football",1908
"Kemar Bailey-Cole","Jamaica","Athletics","Athletics Men's 4 x 100 metres Relay",2012
"Kemar Bailey-Cole","Jamaica","Athletics","Athletics Men's 4 x 100 metres Relay",2016
"Timothy ""Tim"" Baillie","Great Britain-1","Canoeing","Canoeing Men's Canadian Doubles, Slalom",2012
"Louis Charles Baillon","England-1","Hockey","Hockey Men's Hockey",1908
"Flix Pierre Victor Bailly","France","Art Competitions","Art Competitions Mixed Architecture, Architectural Designs",1932
"Angie Lee Bainbridge","Australia","Swimming","Swimming Women's 4 x 200 metres Freestyle Relay",2008
"George Hetzel Baird","United States","Athletics","Athletics Men's 4 x 400 metres Relay",1928
"Svetlana Nikolayevna Baitova","Soviet Union","Gymnastics","Gymnastics Women's Team All-Around",1988
"Oksana Serhivna Baiul","Ukraine","Figure Skating","Figure Skating Women's Singles",1994
"Wiliam Robert ""Bill"" Baker","United States","Ice Hockey","Ice Hockey Men's Ice Hockey",1980
"Kathleen Baker","United States","Swimming","Swimming Women's 4 x 100 metres Medley Relay",2016
"Keshia Chantay Baker (-Kirtz)","United States","Athletics","Athletics Women's 4 x 400 metres Relay",2012
"Laurie Baker (-Mutch)","United States","Ice Hockey","Ice Hockey Women's Ice Hockey",1998
"Mashu Baker","Japan","Judo","Judo Men's Middleweight",2016
"Walter Thane Baker","United States","Athletics","Athletics Men's 4 x 100 metres Relay",1956
"Vincent Lamont ""Vin"" Baker","United States","Basketball","Basketball Men's Basketball",2000
"Jill Bakken (-Linder)","United States-2","Bobsleigh","Bobsleigh Women's Two",2002
"Roberto Balado Mndez","Cuba","Boxing","Boxing Men's Super-Heavyweight",1992
"Dmitry Igorevich Balandin","Kazakhstan","Swimming","Swimming Men's 200 metres Breaststroke",2016
"Iolanda Bala (-Ster)","Romania","Athletics","Athletics Women's High Jump",1960
"Iolanda Bala (-Ster)","Romania","Athletics","Athletics Women's High Jump",1964
"Nikolay Fyodorovich Balboshin","Soviet Union","Wrestling","Wrestling Men's Heavyweight, Greco-Roman",1976
"Andrs Balcz","Hungary","Modern Pentathlon","Modern Pentathlon Men's Team",1960
"Andrs Balcz","Hungary","Modern Pentathlon","Modern Pentathlon Men's Team",1968
"Andrs Balcz","Hungary","Modern Pentathlon","Modern Pentathlon Men's Individual",1972
"Baldo Baldi","Italy","Fencing","Fencing Men's Foil, Team",1920
"Baldo Baldi","Italy","Fencing","Fencing Men's Sabre, Team",1920
"Andrea Baldini","Italy","Fencing","Fencing Men's Foil, Team",2012
"Ercole Baldini","Italy","Cycling","Cycling Men's Road Race, Individual",1956
"Stefano Baldini","Italy","Athletics","Athletics Men's Marathon",2004
"Giuseppe Baldo","Italy","Football","Football Men's Football",1936
"Marta Bald Marn","Spain","Rhythmic Gymnastics","Rhythmic Gymnastics Women's Group",1996
"Ivano Bali","Croatia","Handball","Handball Men's Handball",2004
"Nikolaus ""Klaus"" Balkenhol","Germany","Equestrianism","Equestrianism Mixed Dressage, Team",1992
"Nikolaus ""Klaus"" Balkenhol","Germany","Equestrianism","Equestrianism Mixed Dressage, Team",1996
"Catherine Northcutt ""Catie"" Ball (-Condon)","United States","Swimming","Swimming Women's 4 x 100 metres Medley Relay",1968
"Lloy James Ball","United States","Volleyball","Volleyball Men's Volleyball",2008
"Flicia Michele Sylviane Ballanger (-Vetu)","France","Cycling","Cycling Women's Sprint",1996
"Flicia Michele Sylviane Ballanger (-Vetu)","France","Cycling","Cycling Women's Sprint",2000
"Flicia Michele Sylviane Ballanger (-Vetu)","France","Cycling","Cycling Women's 500 metres Time Trial",2000
"Ivar Eugen Ballangrud (Eriksen-)","Norway","Speed Skating","Speed Skating Men's 5,000 metres",1928
"Ivar Eugen Ballangrud (Eriksen-)","Norway","Speed Skating","Speed Skating Men's 500 metres",1936
"Ivar Eugen Ballangrud (Eriksen-)","Norway","Speed Skating","Speed Skating Men's 5,000 metres",1936
"Ivar Eugen Ballangrud (Eriksen-)","Norway","Speed Skating","Speed Skating Men's 10,000 metres",1936
"Daniel Ballart Sans","Spain","Water Polo","Water Polo Men's Water Polo",1996
"Jos Luis Ballester Tuliesa","Spain","Sailing","Sailing Mixed Multihull",1996
"Suzanne Elspeth ""Suzy"" Balogh","Australia","Shooting","Shooting Women's Trap",2004
"Samuel J. ""Sam"" Balter, Jr.","United States","Basketball","Basketball Men's Basketball",1936
"Ramona Balthasar","East Germany","Rowing","Rowing Women's Coxed Eights",1988
"Flix Balyu","Belgium","Football","Football Men's Football",1920
"Guido Balzarini","Italy","Fencing","Fencing Men's Sabre, Team",1924
"Oana Mihaela Ban","Romania","Gymnastics","Gymnastics Women's Team All-Around",2004
"Edward Joseph ""Ed"" Banach","United States","Wrestling","Wrestling Men's Light-Heavyweight, Freestyle",1984
"Lou David Banach","United States","Wrestling","Wrestling Men's Heavyweight, Freestyle",1984
"Willy Bandholz","Germany","Handball","Handball Men's Handball",1936
"Voldimars ""Valdemar"" Bandolowski","Denmark","Sailing","Sailing Mixed Three Person Keelboat",1976
"Voldimars ""Valdemar"" Bandolowski","Denmark","Sailing","Sailing Mixed Three Person Keelboat",1980
"ver Maximiliano David Banega","Argentina","Football","Football Men's Football",2008
"Bang Su-Hyeon","South Korea","Badminton","Badminton Women's Singles",1996
"Jesper Bank","Denmark","Sailing","Sailing Mixed Three Person Keelboat",1992
"Jesper Bank","Denmark","Sailing","Sailing Mixed Three Person Keelboat",2000
"Helmut Bantz","Germany","Gymnastics","Gymnastics Men's Horse Vault",1956
"Carina Br","Germany","Rowing","Rowing Women's Quadruple Sculls",2016
"Samir Bara","Croatia","Water Polo","Water Polo Men's Water Polo",2012
"Xavier Barachet","France","Handball","Handball Men's Handball",2012
"Primo Baran","Italy","Rowing","Rowing Men's Coxed Pairs",1968
"Nataliya Ivanovna Baranova (Masolkina-)","Russia","Cross Country Skiing","Cross Country Skiing Women's 4 x 5 kilometres Relay",2006
"Yelena Viktorovna Baranova","Unified Team","Basketball","Basketball Women's Basketball",1992
"rpd Brny","Hungary","Fencing","Fencing Men's epee, Team",1964
"Andrey Stanislavovich Barbashinsky","Unified Team","Handball","Handball Men's Handball",1992
"Darren Barber","Canada","Rowing","Rowing Men's Coxed Eights",1992
"Paul Jason Barber","Great Britain","Hockey","Hockey Men's Hockey",1988
"Raymond James ""Ray"" Barbuti","United States","Athletics","Athletics Men's 400 metres",1928
"Raymond James ""Ray"" Barbuti","United States","Athletics","Athletics Men's 4 x 400 metres Relay",1928
"Danio Bardi","Italy","Water Polo","Water Polo Men's Water Polo",1960
"Mara del Carmen Barea Cobos","Spain","Hockey","Hockey Women's Hockey",1992
"Hakon Barfod","Pan","Sailing","Sailing Mixed Three Person Keelboat",1948
"Hakon Barfod","Pan","Sailing","Sailing Mixed Three Person Keelboat",1952
"Oleksiy Stepanovych Barkalov","Soviet Union","Water Polo","Water Polo Men's Water Polo",1972
"Oleksiy Stepanovych Barkalov","Soviet Union","Water Polo","Water Polo Men's Water Polo",1980
"Clifford Eugene ""Cliff"" Barker","United States","Basketball","Basketball Men's Basketball",1948
"Elinor Jane Barker","Great Britain","Cycling","Cycling Women's Team Pursuit",2016
"Charles Wade Barkley","United States","Basketball","Basketball Men's Basketball",1992
"Charles Wade Barkley","United States","Basketball","Basketball Men's Basketball",1996
"Jane Louise Barkman (-Brown)","United States","Swimming","Swimming Women's 4 x 100 metres Freestyle Relay",1968
"Jane Louise Barkman (-Brown)","United States","Swimming","Swimming Women's 4 x 100 metres Freestyle Relay",1972
"Donald Argee ""Don"" Barksdale","United States","Basketball","Basketball Men's Basketball",1948
"Valrie Gisele Angele Barlois-Mevel-Leroux","France","Fencing","Fencing Women's epee, Team",1996
"Vladimir Mikhaylovich Barnashov","Soviet Union","Biathlon","Biathlon Men's 4 x 7.5 kilometres Relay",1980
"Harrison Bryce Jordan Barnes","United States","Basketball","Basketball Men's Basketball",2016
"Velvet James ""Jim"" Barnes","United States","Basketball","Basketball Men's Basketball",1964
"Jennifer-Kirsten Barnes","Canada","Rowing","Rowing Women's Coxless Fours",1992
"Jennifer-Kirsten Barnes","Canada","Rowing","Rowing Women's Coxed Eights",1992
"Lee Stratford Barnes, Jr.","United States","Athletics","Athletics Men's Pole Vault",1924
"Eric Randolph ""Randy"" Barnes","United States","Athletics","Athletics Men's Shot Put",1996
"John Thomas Barnett","Australasia","Rugby","Rugby Men's Rugby",1908
"Bengt Baron","Sweden","Swimming","Swimming Men's 100 metres Backstroke",1980
"Khasan Makharbekovich Baroyev","Russia","Wrestling","Wrestling Men's Super-Heavyweight, Greco-Roman",2004
"Bronte Amelia Arnold Barratt","Australia","Swimming","Swimming Women's 4 x 200 metres Freestyle Relay",2008
"Wilhelm Baumann","Germany","Handball","Handball Men's Handball",1936
"Hermann Joseph Barrelet","France","Rowing","Rowing Men's Single Sculls",1900
"Frederick Whitfield Barrett","Great Britain","Polo","Polo Men's Polo",1920
"Michael Thomas ""Mike"" Barrett","United States","Basketball","Basketball Men's Basketball",1968
"Edward ""Ned"" Barrett","London City Police-1","Tug-Of-War","Tug-Of-War Men's Tug-Of-War",1908
"Peter Jones Barrett","United States","Sailing","Sailing Mixed Two Person Keelboat",1968
"Herbert Roper Barrett","Great Britain-1","Tennis","Tennis Men's Doubles, Covered Courts",1908
"Sonia Barrio Gutirrez","Spain","Hockey","Hockey Women's Hockey",1992
"Michael Ray ""Mike"" Barrowman","United States","Swimming","Swimming Men's 200 metres Breaststroke",1992
"Jack Leonard ""Jay"" Barrs, Jr.","United States","Archery","Archery Men's Individual",1988
"Yuliya Vladimirovna Barsukova (-Samokhin)","Russia","Rhythmic Gymnastics","Rhythmic Gymnastics Women's Individual",2000
"Istvn Barta (Berger)","Hungary","Water Polo","Water Polo Men's Water Polo",1932
"Marcello Bartalini","Italy","Cycling","Cycling Men's 100 kilometres Team Time Trial",1984
"Carmine R. ""Carmen"" Barth (DiBartolomeo-)","United States","Boxing","Boxing Men's Middleweight",1932
"Josef Henri ""Josy"" Barthel","Luxembourg","Athletics","Athletics Men's 1,500 metres",1952
"Yan Barthelem Varela","Cuba","Boxing","Boxing Men's Light-Flyweight",2004
"Richard Barthlemy","Italy","Art Competitions","Art Competitions Mixed Music",1912
"Robert Bartko","Germany","Cycling","Cycling Men's Individual Pursuit, 4,000 metres",2000
"Robert Bartko","Germany","Cycling","Cycling Men's Team Pursuit, 4,000 metres",2000
"Charles Henry Bartlett","Great Britain","Cycling","Cycling Men's 100 kilometres",1908
"Michiel Bernhard Emiel Marie Bartman","Netherlands","Rowing","Rowing Men's Coxed Eights",1996
"Gregory Mark ""Greg"" Barton","United States","Canoeing","Canoeing Men's Kayak Singles, 1,000 metres",1988
"Gregory Mark ""Greg"" Barton","United States","Canoeing","Canoeing Men's Kayak Doubles, 1,000 metres",1988
"Saskia Bartusiak","Germany","Football","Football Women's Football",2016
"Anita Brwirth (-Hardekopf)","Germany","Gymnastics","Gymnastics Women's Team All-Around",1936
"Olga Fyodorovna Barysheva-Korostelyova","Soviet Union","Basketball","Basketball Women's Basketball",1976
"Olga Fyodorovna Barysheva-Korostelyova","Soviet Union","Basketball","Basketball Women's Basketball",1980
"Anatoly Vasilyevich Bashashkin","Soviet Union","Football","Football Men's Football",1956
"Mirko Bai","Yugoslavia","Handball","Handball Men's Handball",1984
"Fabio Basile","Italy","Judo","Judo Men's Half-Lightweight",2016
"Giulio Basletta","Italy","Fencing","Fencing Men's epee, Team",1928
"Raymond Henry ""Benny"" Bass","United States","Gymnastics","Gymnastics Men's Rope Climbing",1932
"Lanny Robert Bassham","United States","Shooting","Shooting Mixed Small-Bore Rifle, Three Positions, 50 metres",1976
"Istvn Bsti","Hungary","Football","Football Men's Football",1968
"Louis Bastien","France","Cycling","Cycling Men's 25 kilometres",1900
"Guillaume Bastille","Canada","Short Track Speed Skating","Short Track Speed Skating Men's 5,000 metres Relay",2010
"Dsir Bastin","Belgium","Football","Football Men's Football",1920
"Waldemar Romuald Baszanowski","Poland","Weightlifting","Weightlifting Men's Lightweight",1964
"Waldemar Romuald Baszanowski","Poland","Weightlifting","Weightlifting Men's Lightweight",1968
"Stephen James ""Steve"" Batchelor","Great Britain","Hockey","Hockey Men's Hockey",1988
"Vladimir Batez","Serbia and Montenegro","Volleyball","Volleyball Men's Volleyball",2000
"Walter Bathe","Germany","Swimming","Swimming Men's 200 metres Breaststroke",1912
"Walter Bathe","Germany","Swimming","Swimming Men's 400 metres Breaststroke",1912
"Roberto Battaglia","Italy","Fencing","Fencing Men's epee, Team",1952
"Mavlet Alavdinovich Batyrov","Russia","Wrestling","Wrestling Men's Featherweight, Freestyle",2004
"Mavlet Alavdinovich Batyrov","Russia","Wrestling","Wrestling Men's Lightweight, Freestyle",2008
"Sabine Christiane Bau","West Germany","Fencing","Fencing Women's Foil, Team",1988
"Fritz Bauer","Germany","Rowing","Rowing Men's Coxed Fours",1936
"Paul Friedrich Peter Bauer","Germany","Art Competitions","Art Competitions Mixed Literature",1932
"Rudolf (-Rezs) Bauer","Hungary","Athletics","Athletics Men's Discus Throw",1900
"Sybil Lorina Bauer","United States","Swimming","Swimming Women's 100 metres Backstroke",1924
"Viola Bauer","Germany","Cross Country Skiing","Cross Country Skiing Women's 4 x 5 kilometres Relay",2002
"Pierre Baugniet","Belgium","Figure Skating","Figure Skating Mixed Pairs",1948
"Hermine ""Herma"" Bauma","Austria","Athletics","Athletics Women's Javelin Throw",1948
"Alexander ""Alex"" Baumann","Canada","Swimming","Swimming Men's 200 metres Individual Medley",1984
"Alexander ""Alex"" Baumann","Canada","Swimming","Swimming Men's 400 metres Individual Medley",1984
"Dieter Baumann","Germany","Athletics","Athletics Men's 5,000 metres",1992
"Matthias Andreas Baumann","West Germany","Equestrianism","Equestrianism Mixed Three-Day Event, Team",1988
"Bernd Baumgart","East Germany","Rowing","Rowing Men's Coxed Eights",1976
"Wolfgang Baumgart","West Germany","Hockey","Hockey Men's Hockey",1972
"Bruce Robert Baumgartner","United States","Wrestling","Wrestling Men's Super-Heavyweight, Freestyle",1984
"Bruce Robert Baumgartner","United States","Wrestling","Wrestling Men's Super-Heavyweight, Freestyle",1992
"James Aloysius Bernard ""Jim"" Bausch","United States","Athletics","Athletics Men's Decathlon",1932
"Sergey Viktorovich Bautin","Unified Team","Ice Hockey","Ice Hockey Men's Ice Hockey",1992
"Daniel Bautista Rocha","Mexico","Athletics","Athletics Men's 20 kilometres Walk",1976
"Florence  Andre Isabelle Baverel-Robert","France","Biathlon","Biathlon Women's 7.5 kilometres Sprint",2006
"Irving Knott ""Irv"" Baxter","United States","Athletics","Athletics Men's High Jump",1900
"Irving Knott ""Irv"" Baxter","United States","Athletics","Athletics Men's Pole Vault",1900
"Ryan Neville Bayley","Australia","Cycling","Cycling Men's Sprint",2004
"Ryan Neville Bayley","Australia","Cycling","Cycling Men's Keirin",2004
"Mithat Bayrak","Turkey","Wrestling","Wrestling Men's Welterweight, Greco-Roman",1956
"Mithat Bayrak","Turkey","Wrestling","Wrestling Men's Welterweight, Greco-Roman",1960
"Svetlana Valeryevna Bazhanova","Russia","Speed Skating","Speed Skating Women's 3,000 metres",1994
"Nikolay Serafimovich Bazhukov","Soviet Union","Cross Country Skiing","Cross Country Skiing Men's 15 kilometres",1976
"Nikolay Serafimovich Bazhukov","Soviet Union","Cross Country Skiing","Cross Country Skiing Men's 4 x 10 kilometres Relay",1980
"Charles Beachey Beachcroft (Kay-)","Devon and Somerset Wanderers","Cricket","Cricket Men's Cricket",1900
"Robert ""Bob"" Beamon","United States","Athletics","Athletics Men's Long Jump",1968
"Amanda Ray Beard (-Brown)","United States","Swimming","Swimming Women's 4 x 100 metres Medley Relay",1996
"Amanda Ray Beard (-Brown)","United States","Swimming","Swimming Women's 200 metres Breaststroke",2004
"Elizabeth Ann ""Betsy"" Beard (-Stillings)","United States","Rowing","Rowing Women's Coxed Eights",1984
"Ralph Milton Beard, Jr.","United States","Basketball","Basketball Men's Basketball",1948
"Clment Beaud","Cameroon","Football","Football Men's Football",2000
"Roger Joseph Edmond Beaufrand","France","Cycling","Cycling Men's Sprint",1928
"Bronisaw Bebel","Poland","Volleyball","Volleyball Men's Volleyball",1976
"Serhiy Vasylovych Bebeshko","Unified Team","Handball","Handball Men's Handball",1992
"Milivoj Bebi","Yugoslavia","Water Polo","Water Polo Men's Water Polo",1984
"Anna Rose Bebington-Watkins","Great Britain","Rowing","Rowing Women's Double Sculls",2012
"Luigi Beccali","Italy","Athletics","Athletics Men's 1,500 metres",1932
"Kelly Bchard","Canada","Ice Hockey","Ice Hockey Women's Ice Hockey",2002
"Petre Becheru","Romania","Weightlifting","Weightlifting Men's Light-Heavyweight",1984
"Laura Bechtolsheimer (-Tomlinson)","Great Britain","Equestrianism","Equestrianism Mixed Dressage, Team",2012
"Lewis William ""Lew"" Beck, Jr.","United States","Basketball","Basketball Men's Basketball",1948
"Nicole Elise Beck","Australia","Rugby Sevens","Rugby Sevens Women's Rugby Sevens",2016
"Volker Beck","East Germany","Athletics","Athletics Men's 400 metres Hurdles",1980
"Daniel Becke","Germany","Cycling","Cycling Men's Team Pursuit, 4,000 metres",2000
"Andreas Becker","Germany","Hockey","Hockey Men's Hockey",1992
"Boris Franz Becker","Germany","Tennis","Tennis Men's Doubles",1992
"Otto Becker","Germany","Equestrianism","Equestrianism Mixed Jumping, Team",2000
"Elizabeth Anna ""Betty"" Becker-Pinkston (-Campbell)","United States","Diving","Diving Women's Springboard",1924
"Elizabeth Anna ""Betty"" Becker-Pinkston (-Campbell)","United States","Diving","Diving Women's Platform",1928
"Franz Ernst Beckert","Germany","Gymnastics","Gymnastics Men's Team All-Around",1936
"Stephanie Beckert","Germany","Speed Skating","Speed Skating Women's Team Pursuit (6 laps)",2010
"William Russell Becklean","United States","Rowing","Rowing Men's Coxed Eights",1956
"ric Bdard","Canada","Short Track Speed Skating","Short Track Speed Skating Men's 5,000 metres Relay",1998
"ric Bdard","Canada","Short Track Speed Skating","Short Track Speed Skating Men's 5,000 metres Relay",2002
"Myriam Bdard","Canada","Biathlon","Biathlon Women's 7.5 kilometres Sprint",1994
"Myriam Bdard","Canada","Biathlon","Biathlon Women's 15 kilometres",1994
"Barbara Jane ""B. J."" Bedford (-Miller)","United States","Swimming","Swimming Women's 4 x 100 metres Medley Relay",2000
"Donald Anton Eilers ""Don"" Beer","United States","Rowing","Rowing Men's Coxed Eights",1956
"Ludger Beerbaum","West Germany","Equestrianism","Equestrianism Mixed Jumping, Team",1988
"Ludger Beerbaum","Germany","Equestrianism","Equestrianism Mixed Jumping, Individual",1992
"Ludger Beerbaum","Germany","Equestrianism","Equestrianism Mixed Jumping, Team",1996
"Ludger Beerbaum","Germany","Equestrianism","Equestrianism Mixed Jumping, Team",2000
"Joseph Beerli","Switzerland-2","Bobsleigh","Bobsleigh Men's Four",1936
"Daniel ""Dan"" Beery","United States","Rowing","Rowing Men's Coxed Eights",2004
"Richard Beesly","Great Britain","Rowing","Rowing Men's Coxless Fours",1928
"Dale Begg-Smith","Australia","Freestyle Skiing","Freestyle Skiing Men's Moguls",2006
"Giuseppe Beghetto","Italy","Cycling","Cycling Men's Tandem Sprint, 2,000 metres",1960
"Petra Behle-Schaaf","Germany","Biathlon","Biathlon Women's 4 x 7.5 kilometres Relay",1998
"Matthias Behr","West Germany","Fencing","Fencing Men's Foil, Team",1976
"Holger Behrendt","East Germany","Gymnastics","Gymnastics Men's Rings",1988
"Jan Behrendt","Germany-1","Luge","Luge Mixed (Men)'s Doubles",1992
"Jan Behrendt","Germany-1","Luge","Luge Mixed (Men)'s Doubles",1998
"Jutta Behrendt (Hampe-)","East Germany","Rowing","Rowing Women's Single Sculls",1988
"Wolfgang Behrendt","Germany","Boxing","Boxing Men's Bantamweight",1956
"Melanie Behringer","Germany","Football","Football Women's Football",2016
"Anthonie Christiaan ""Teun"" Beijnen","Netherlands","Rowing","Rowing Men's Coxless Pairs",1924
"Ruth Beita Vila","Spain","Athletics","Athletics Women's High Jump",2016
"Sofia Bekatorou (-Kosmatopoulos)","Greece","Sailing","Sailing Women's Two Person Dinghy",2004
"Kenenisa Bekele Beyecha","Ethiopia","Athletics","Athletics Men's 10,000 metres",2004
"Kenenisa Bekele Beyecha","Ethiopia","Athletics","Athletics Men's 5,000 metres",2008
"Kenenisa Bekele Beyecha","Ethiopia","Athletics","Athletics Men's 10,000 metres",2008
"Aleksandr Vladimirovich Beketov","Russia","Fencing","Fencing Men's epee, Individual",1996
"Kristin Bekkevold","Norway","Football","Football Women's Football",2000
"Daniel N'Dene Bekono","Cameroon","Football","Football Men's Football",2000
"Tracey Lee Belbin","Australia","Hockey","Hockey Women's Hockey",1988
"Mathew Belcher","Australia","Sailing","Sailing Men's Two Person Dinghy",2012
"Valeri Belenki","Unified Team","Gymnastics","Gymnastics Men's Team All-Around",1992
"Gregory Curtis ""Greg"" Bell","United States","Athletics","Athletics Men's Long Jump",1956
"Florence Isabel ""Jane"" Bell (-Walker, -Doane)","Canada","Athletics","Athletics Women's 4 x 100 metres Relay",1928
"Regla Maritza Bell McKenzie","Cuba","Volleyball","Volleyball Women's Volleyball",1992
"Regla Maritza Bell McKenzie","Cuba","Volleyball","Volleyball Women's Volleyball",1996
"Regla Maritza Bell McKenzie","Cuba","Volleyball","Volleyball Women's Volleyball",2000
"Walter Jones ""Walt"" Bellamy, Jr.","United States","Basketball","Basketball Men's Basketball",1960
"Norman Dean ""Norm"" Bellingham","United States","Canoeing","Canoeing Men's Kayak Doubles, 1,000 metres",1988
"E. Bellotti","Marinai della nave da guerra ""Varese""","Rowing","Rowing Men's 6-Man Naval Rowing Boats",1906
"Ettore Bellotto","Italy","Gymnastics","Gymnastics Men's Team All-Around",1920
"Antonella Bellutti","Italy","Cycling","Cycling Women's Individual Pursuit, 3,000 metres",1996
"Antonella Bellutti","Italy","Cycling","Cycling Women's Points Race",2000
"Miles Aubrey Bellville","Lalage","Sailing","Sailing Mixed 6 metres",1936
"Stefania Belmondo","Italy","Cross Country Skiing","Cross Country Skiing Women's 30 kilometres",1992
"Stefania Belmondo","Italy","Cross Country Skiing","Cross Country Skiing Women's 15 kilometres",2002
"Mireia Belmonte Garca","Spain","Swimming","Swimming Women's 200 metres Butterfly",2016
"Anatoly Alekseyevich Beloglazov","Soviet Union","Wrestling","Wrestling Men's Flyweight, Freestyle",1980
"Sergey Alekseyevich Beloglazov","Soviet Union","Wrestling","Wrestling Men's Bantamweight, Freestyle",1980
"Sergey Alekseyevich Beloglazov","Soviet Union","Wrestling","Wrestling Men's Bantamweight, Freestyle",1988
"Melissa Louise Belote (-Hamlin, -Ripley)","United States","Swimming","Swimming Women's 100 metres Backstroke",1972
"Melissa Louise Belote (-Hamlin, -Ripley)","United States","Swimming","Swimming Women's 200 metres Backstroke",1972
"Melissa Louise Belote (-Hamlin, -Ripley)","United States","Swimming","Swimming Women's 4 x 100 metres Medley Relay",1972
"Vladimir Pavlovich Belousov","Soviet Union","Ski Jumping","Ski Jumping Men's Large Hill, Individual",1968
"Lyudmila Yevgenevna Belousova (-Protopopova)","Soviet Union-1","Figure Skating","Figure Skating Mixed Pairs",1964
"Lyudmila Yevgenevna Belousova (-Protopopova)","Soviet Union-1","Figure Skating","Figure Skating Mixed Pairs",1968
"Aleksandr Aleksandrovich Belov","Soviet Union","Basketball","Basketball Men's Basketball",1972
"Sergey Aleksandrovich Belov","Soviet Union","Basketball","Basketball Men's Basketball",1972
"Irina Olegovna Belova","Russia","Rhythmic Gymnastics","Rhythmic Gymnastics Women's Group",2000
"Olesya Vladimirovna Belugina","Russia","Rhythmic Gymnastics","Rhythmic Gymnastics Women's Group",2004
"Vladimir Timofeyevich Belyakov","Soviet Union","Gymnastics","Gymnastics Men's Team All-Around",1952
"Yevgeny Prokopyevich Belyayev","Soviet Union","Cross Country Skiing","Cross Country Skiing Men's 4 x 10 kilometres Relay",1980
"Ferenc Bene","Hungary","Football","Football Men's Football",1964
"Emil Benecke","Germany","Water Polo","Water Polo Men's Water Polo",1928
"Gbor Benedek","Hungary","Modern Pentathlon","Modern Pentathlon Men's Team",1952
"Tibor Benedek","Hungary","Water Polo","Water Polo Men's Water Polo",2000
"Tibor Benedek","Hungary","Water Polo","Water Polo Men's Water Polo",2004
"Tibor Benedek","Hungary","Water Polo","Water Polo Men's Water Polo",2008
"Charles Sumner Benedict","United States","Shooting","Shooting Men's Military Rifle, 200/500/600/800/900/1,000 Yards, Team",1908
"Andrea Benelli","Italy","Shooting","Shooting Men's Skeet",2004
"Bengt Folke Bengtsson","Sweden","Gymnastics","Gymnastics Men's Team All-Around, Swedish System",1920
"Gsta Ragnar Bengtsson (-Bewert)","Kullan","Sailing","Sailing Mixed 30 metres",1920
"Lindsay Dianne Benko (-Mintenko)","United States","Swimming","Swimming Women's 4 x 200 metres Freestyle Relay",2000
"Lindsay Dianne Benko (-Mintenko)","United States","Swimming","Swimming Women's 4 x 200 metres Freestyle Relay",2004
"James Randolph ""Jamie"" Benn","Canada","Ice Hockey","Ice Hockey Men's Ice Hockey",2014
"Huelet Leo ""Joe"" Benner","United States","Shooting","Shooting Men's Free Pistol, 50 metres",1952
"Robert Earl ""Bob"" Bennett","United States","Swimming","Swimming Men's 4 x 100 metres Medley Relay",1960
"Robert Earl ""Bob"" Bennett","United States","Swimming","Swimming Men's 4 x 100 metres Medley Relay",1964
"Brooke Marie Bennett (-Frioud)","United States","Swimming","Swimming Women's 800 metres Freestyle",1996
"Brooke Marie Bennett (-Frioud)","United States","Swimming","Swimming Women's 400 metres Freestyle",2000
"Brooke Marie Bennett (-Frioud)","United States","Swimming","Swimming Women's 800 metres Freestyle",2000
"Charles Bennett","Great Britain","Athletics","Athletics Men's 1,500 metres",1900
"Charles Bennett","Amateur Athletic Association","Athletics","Athletics Men's 5,000 metres, Team",1900
"John Hadfield ""Jack"" Bennett","Great Britain","Hockey","Hockey Men's Hockey",1920
"Paul Bennett","Great Britain","Rowing","Rowing Men's Coxed Eights",2016
"Carina Marguerite Benninga","Netherlands","Hockey","Hockey Women's Hockey",1984
"Joan Benoit (-Samuelson)","United States","Athletics","Athletics Women's Marathon",1984
"Robert John ""Bobby"" Benson","Canada","Ice Hockey","Ice Hockey Men's Ice Hockey",1920
"Uwe Benter","West Germany","Rowing","Rowing Men's Coxed Fours",1972
"Isaac Bentham","Great Britain","Water Polo","Water Polo Men's Water Polo",1912
"William Bruce ""Bill"" Bentsen","United States","Sailing","Sailing Mixed Three Person Keelboat",1972
"Joseph ""Gunnar"" Bentz","United States","Swimming","Swimming Men's 4 x 200 metres Freestyle Relay",2016
"Giovanni ""Nino"" Benvenuti","Italy","Boxing","Boxing Men's Welterweight",1960
"Josef ""Sepp"" Benz","Switzerland-2","Bobsleigh","Bobsleigh Men's Two",1980
"Josef Bernek","Czech Republic","Ice Hockey","Ice Hockey Men's Ice Hockey",1998
"Gheorghe Berceanu","Romania","Wrestling","Wrestling Men's Light-Flyweight, Greco-Roman",1972
"Tibor Berczelly (Berczeller-)","Hungary","Fencing","Fencing Men's Sabre, Team",1936
"Tibor Berczelly (Berczeller-)","Hungary","Fencing","Fencing Men's Sabre, Team",1948
"Tibor Berczelly (Berczeller-)","Hungary","Fencing","Fencing Men's Sabre, Team",1952
"Iosif Konstantinovich Berdiyev","Soviet Union","Gymnastics","Gymnastics Men's Team All-Around",1952
"Richard ""Ricky"" Berens","United States","Swimming","Swimming Men's 4 x 200 metres Freestyle Relay",2008
"Richard ""Ricky"" Berens","United States","Swimming","Swimming Men's 4 x 200 metres Freestyle Relay",2012
"Jack Beresford","Great Britain","Rowing","Rowing Men's Single Sculls",1924
"Jack Beresford","Great Britain","Rowing","Rowing Men's Coxless Fours",1932
"Jack Beresford","Great Britain","Rowing","Rowing Men's Double Sculls",1936
"John Graham Hope de la Poer Beresford","Foxhunters Hurlingham","Polo","Polo Men's Polo",1900
"Dmitry Vladimirovich Berestov","Russia","Weightlifting","Weightlifting Men's Heavyweight",2004
"Yury Viktorovich Berezhko","Russia","Volleyball","Volleyball Men's Volleyball",2012
"Liubov Ivanivna Berezhna-Odynokova","Soviet Union","Handball","Handball Women's Handball",1976
"Liubov Ivanivna Berezhna-Odynokova","Soviet Union","Handball","Handball Women's Handball",1980
"Yelena Viktorovna Berezhnaya","Russia-1","Figure Skating","Figure Skating Mixed Pairs",2002
"Eero Edvin Berg","Finland","Athletics","Athletics Men's Cross-Country, Team",1924
"Laura Kay Berg","United States","Softball","Softball Women's Softball",1996
"Laura Kay Berg","United States","Softball","Softball Women's Softball",2000
"Laura Kay Berg","United States","Softball","Softball Women's Softball",2004
"Giancarlo Bergamini","Italy","Fencing","Fencing Men's Foil, Team",1956
"Alfred Berger","Austria","Figure Skating","Figure Skating Mixed Pairs",1924
"Herman Georges Berger","France","Fencing","Fencing Men's epee, Team",1908
"Isaac ""Ike"" Berger","United States","Weightlifting","Weightlifting Men's Featherweight",1956
"Jan Berger","Czechoslovakia","Football","Football Men's Football",1980
"Peter Berger","West Germany","Rowing","Rowing Men's Coxed Fours",1972
"Samuel ""Sam"" Berger","United States","Boxing","Boxing Men's Heavyweight",1904
"Tora Berger (-Tveldal)","Norway","Biathlon","Biathlon Women's 15 kilometres",2010
"Tora Berger (-Tveldal)","Norway","Biathlon","Biathlon Mixed 2 x 6 kilometres and 2 x 7.5 kilometres Relay",2014
"Tore Berger","Norway","Canoeing","Canoeing Men's Kayak Fours, 1,000 metres",1968
"Patrice Bergeron-Cleary","Canada","Ice Hockey","Ice Hockey Men's Ice Hockey",2010
"Patrice Bergeron-Cleary","Canada","Ice Hockey","Ice Hockey Men's Ice Hockey",2014
"Rafael ""Rafa"" Berges Marn","Spain","Football","Football Men's Football",1992
"Evy Margareta Berggren (-Westerberg)","Sweden","Gymnastics","Gymnastics Women's Team Portable Apparatus",1952
"Ralph Douglas Charles Berglund","Sweden","Ice Hockey","Ice Hockey Men's Ice Hockey",1994
"Hans Gustaf Bo Berglund","Sweden","Canoeing","Canoeing Men's Kayak Doubles, 1,000 metres",1948
"Adolf Bergman","Sweden","Tug-Of-War","Tug-Of-War Men's Tug-Of-War",1912
"Arnfinn Bergmann","Norway","Ski Jumping","Ski Jumping Men's Normal Hill, Individual",1952
"Eric Bergoust","United States","Freestyle Skiing","Freestyle Skiing Men's Aerials",1998
"ke Carl Magnus Bergqvist","Bissbi","Sailing","Sailing Mixed 6 metres",1932
"Pr Jonas Bergqvist","Sweden","Ice Hockey","Ice Hockey Men's Ice Hockey",1994
"Jacob Jorrit Bergsma","Netherlands","Speed Skating","Speed Skating Men's 10,000 metres",2014
"Bjrn Bergvall","Sirene","Sailing","Sailing Mixed Two Person Heavyweight Dinghy",1960
"Krisztin Berki","Hungary","Gymnastics","Gymnastics Men's Pommelled Horse",2012
"David Charles ""Dave"" Berkoff","United States","Swimming","Swimming Men's 4 x 100 metres Medley Relay",1988
"David Charles ""Dave"" Berkoff","United States","Swimming","Swimming Men's 4 x 100 metres Medley Relay",1992
"Aleksandr Nikolayevich Berkutov","Soviet Union","Rowing","Rowing Men's Double Sculls",1956
"Tell Schirnding Berna","United States","Athletics","Athletics Men's 3,000 metres, Team",1912
"Alain Andr Louis Edmond Bernard","France","Swimming","Swimming Men's 100 metres Freestyle",2008
"Alain Andr Louis Edmond Bernard","France","Swimming","Swimming Men's 4 x 100 metres Freestyle Relay",2012
"Sylvie Bernier","Canada","Diving","Diving Women's Springboard",1984
"Ole Valdemar Henrik Berntsen","White Lady","Sailing","Sailing Mixed Three Person Keelboat",1964
"Gilles Berolatti","France","Fencing","Fencing Men's Foil, Team",1968
"Livio Berruti","Italy","Athletics","Athletics Men's 200 metres",1960
"Arthur Berry","Great Britain","Football","Football Men's Football",1908
"Arthur Berry","Great Britain","Football","Football Men's Football",1912
"Kevin John Berry","Australia","Swimming","Swimming Men's 200 metres Butterfly",1964
"Nils Berthelsen","Magda IX","Sailing","Sailing Mixed 12 metres",1912
"Walter Helmut Berthold","Germany","Handball","Handball Men's Handball",1936
"Lszl Berti (Berty)","Hungary","Fencing","Fencing Men's Sabre, Team",1912
"Carl Adolf Hjalmar Bertilsson","Sweden","Gymnastics","Gymnastics Men's Team All-Around",1908
"Per Daniel Bertilsson","Sweden","Gymnastics","Gymnastics Men's Team All-Around, Swedish System",1912
"Franco Bertinetti","Italy","Fencing","Fencing Men's epee, Team",1952
"Franco Bertinetti","Italy","Fencing","Fencing Men's epee, Team",1956
"Marcello Bertinetti","Italy","Fencing","Fencing Men's Sabre, Team",1924
"Marcello Bertinetti","Italy","Fencing","Fencing Men's epee, Team",1928
"Sergio Bertoni","Italy","Football","Football Men's Football",1936
"Ryan Thomas Berube","United States","Swimming","Swimming Men's 4 x 200 metres Freestyle Relay",1996
"Aldis Imants Berzins","United States","Volleyball","Volleyball Men's Volleyball",1984
"Vida Beselien (ulskyt-)","Soviet Union","Basketball","Basketball Women's Basketball",1980
"Doina Ofelia Beliu-Melinte","Romania","Athletics","Athletics Women's 800 metres",1984
"Colette Besson (-Nogus)","France","Athletics","Athletics Women's 400 metres",1968
"Nataliya Filimonovna Bestemyanova (-Bobrina)","Soviet Union-1","Figure Skating","Figure Skating Mixed Ice Dancing",1988
"Danny Betancourt Chacn","Cuba","Baseball","Baseball Men's Baseball",2004
"Janice ""Jan"" Betker","Canada","Curling","Curling Women's Curling",1998
"Iosyp Iosypovych Betsa","Soviet Union","Football","Football Men's Football",1956
"Jean-Christophe Bette","France","Rowing","Rowing Men's Lightweight Coxless Fours",2000
"Paolo Bettini","Italy","Cycling","Cycling Men's Road Race, Individual",2004
"Edward Vaughan Bevan","Great Britain","Rowing","Rowing Men's Coxless Fours",1928
"Jos Beyaert","France","Cycling","Cycling Men's Road Race, Individual",1948
"Hans Anton Beyer","Norway","Gymnastics","Gymnastics Men's Team All-Around, Free System",1912
"Hans-Georg Beyer","East Germany","Handball","Handball Men's Handball",1980
"Udo Beyer","East Germany","Athletics","Athletics Men's Shot Put",1976
"Jamie Lynn Beyerle-Gray (-Corkish)","United States","Shooting","Shooting Women's Small-Bore Rifle, Three Positions, 50 metres",2012
"Mislav Bezmalinovi","Yugoslavia","Water Polo","Water Polo Men's Water Polo",1988
"Vasudevan Bhaskaran","India","Hockey","Hockey Men's Hockey",1980
"Kulbir Singh Bhaura","Great Britain","Hockey","Hockey Men's Hockey",1988
"Carlo Biagi","Italy","Football","Football Men's Football",1936
"Ivan Ivanovych Biakov","Soviet Union","Biathlon","Biathlon Men's 4 x 7.5 kilometres Relay",1972
"Ivan Ivanovych Biakov","Soviet Union","Biathlon","Biathlon Men's 4 x 7.5 kilometres Relay",1976
"Diana Bianchedi","Italy","Fencing","Fencing Women's Foil, Team",1992
"Diana Bianchedi","Italy","Fencing","Fencing Women's Foil, Team",2000
"Sergio Bianchetto","Italy","Cycling","Cycling Men's Tandem Sprint, 2,000 metres",1960
"Sergio Bianchetto","Italy","Cycling","Cycling Men's Tandem Sprint, 2,000 metres",1964
"Bruno Bianchi","Italia","Sailing","Sailing Mixed 8 metres",1936
"Pietro Bianchi","Italy","Gymnastics","Gymnastics Men's Team All-Around",1912
"Pietro Bianchi","Italy","Gymnastics","Gymnastics Men's Team All-Around",1920
"Suzannah Bianco","United States","Synchronized Swimming","Synchronized Swimming Women's Team",1996
"Michel Bibard","France","Football","Football Men's Football",1984
"Nino Bibbia","Italy","Skeleton","Skeleton Men's Skeleton",1948
"John Edward Biby, Jr.","Angelita","Sailing","Sailing Mixed 8 metres",1932
"Ferdinand Reinhardt Bie","Norway","Athletics","Athletics Men's Pentathlon",1912
"Arno Bieberstein","Germany","Swimming","Swimming Men's 100 metres Backstroke",1908
"Heidi Biebl (-Schmid, -Prelevi)","Germany","Alpine Skiing","Alpine Skiing Women's Downhill",1960
"Sebastian Friedrich Felix Biederlack","Germany","Hockey","Hockey Men's Hockey",2008
"Christoph Bieler","Austria","Nordic Combined","Nordic Combined Men's Team",2006
"Volodymyr Ivanovych Bieliaiev","Soviet Union","Volleyball","Volleyball Men's Volleyball",1968
"Oleksandr Mykhailovych Bielostienniy","Soviet Union","Basketball","Basketball Men's Basketball",1988
"Alois Bierl","West Germany","Rowing","Rowing Men's Coxed Fours",1972
"Jerome Cousins Biffle","United States","Athletics","Athletics Men's Long Jump",1952
"Tyrell Biggs","United States","Boxing","Boxing Men's Super-Heavyweight",1984
"Mary Denise Bignal-Rand (-Toomey, -Reese)","Great Britain","Athletics","Athletics Women's Long Jump",1964
"Dominique Bijotat","France","Football","Football Men's Football",1984
"Abebe Bikila","Ethiopia","Athletics","Athletics Men's Marathon",1960
"Abebe Bikila","Ethiopia","Athletics","Athletics Men's Marathon",1964
"Yordan Bikov","Bulgaria","Weightlifting","Weightlifting Men's Middleweight",1972
"Ahmet Bilek","Turkey","Wrestling","Wrestling Men's Flyweight, Freestyle",1960
"Simone Arianne Biles","United States","Gymnastics","Gymnastics Women's Individual All-Around",2016
"Simone Arianne Biles","United States","Gymnastics","Gymnastics Women's Team All-Around",2016
"Simone Arianne Biles","United States","Gymnastics","Gymnastics Women's Floor Exercise",2016
"Simone Arianne Biles","United States","Gymnastics","Gymnastics Women's Horse Vault",2016
"Gazanfer Bilge","Turkey","Wrestling","Wrestling Men's Featherweight, Freestyle",1948
"Franois Alexandre mile Billard","Esterel-1","Sailing","Sailing Mixed 10-20 Ton",1900
"Charles W. Billings","United States","Shooting","Shooting Men's Trap, Team",1912
"Alexandre ""Alex"" Bilodeau","Canada","Freestyle Skiing","Freestyle Skiing Men's Moguls",2010
"Alexandre ""Alex"" Bilodeau","Canada","Freestyle Skiing","Freestyle Skiing Men's Moguls",2014
"Dmitry Vladimirovich Bilozerchev","Soviet Union","Gymnastics","Gymnastics Men's Team All-Around",1988
"Dmitry Vladimirovich Bilozerchev","Soviet Union","Gymnastics","Gymnastics Men's Rings",1988
"Dmitry Vladimirovich Bilozerchev","Soviet Union","Gymnastics","Gymnastics Men's Pommelled Horse",1988
"Zinetula Khaidarovich Bilyaletdinov","Soviet Union","Ice Hockey","Ice Hockey Men's Ice Hockey",1984
"Thomas Bimis","Greece","Diving","Diving Men's Synchronized Springboard",2004
"Abhinav Bindra","India","Shooting","Shooting Men's Air Rifle, 10 metres",2008
"Frederick Sparkes Norman Bingley","Heroine","Sailing","Sailing Mixed 7 metres",1908
"Bino Bini","Italy","Fencing","Fencing Men's Sabre, Team",1924
"Lon Binoche","Union des Socits Franais de Sports Athletiques","Rugby","Rugby Men's Rugby",1900
"Matthew Nicholas ""Matt"" Biondi","United States","Swimming","Swimming Men's 4 x 100 metres Freestyle Relay",1984
"Matthew Nicholas ""Matt"" Biondi","United States","Swimming","Swimming Men's 50 metres Freestyle",1988
"Matthew Nicholas ""Matt"" Biondi","United States","Swimming","Swimming Men's 100 metres Freestyle",1988
"Matthew Nicholas ""Matt"" Biondi","United States","Swimming","Swimming Men's 4 x 100 metres Freestyle Relay",1988
"Matthew Nicholas ""Matt"" Biondi","United States","Swimming","Swimming Men's 4 x 200 metres Freestyle Relay",1988
"Matthew Nicholas ""Matt"" Biondi","United States","Swimming","Swimming Men's 4 x 100 metres Medley Relay",1988
"Matthew Nicholas ""Matt"" Biondi","United States","Swimming","Swimming Men's 4 x 100 metres Freestyle Relay",1992
"Matthew Nicholas ""Matt"" Biondi","United States","Swimming","Swimming Men's 4 x 100 metres Medley Relay",1992
"Carl Fabian Birck","Sweden","Gymnastics","Gymnastics Men's Team All-Around, Swedish System",1920
"Larry Joe Bird","United States","Basketball","Basketball Men's Basketball",1992
"Suzanne Brigit ""Sue"" Bird","United States","Basketball","Basketball Women's Basketball",2004
"Suzanne Brigit ""Sue"" Bird","United States","Basketball","Basketball Women's Basketball",2008
"Suzanne Brigit ""Sue"" Bird","United States","Basketball","Basketball Women's Basketball",2012
"Suzanne Brigit ""Sue"" Bird","United States","Basketball","Basketball Women's Basketball",2016
"Matthew Kiprotich Birir","Kenya","Athletics","Athletics Men's 3,000 metres Steeplechase",1992
"Halvor Olai Birkeland (Olsen-)","Atlanta","Sailing","Sailing Mixed 12 metres",1920
"Rasmus Ingvald Birkeland (Olsen-)","Atlanta","Sailing","Sailing Mixed 12 metres",1920
"Arthur Ernest Burrington Birkett","Devon and Somerset Wanderers","Cricket","Cricket Men's Cricket",1900
"Pter Biros","Hungary","Water Polo","Water Polo Men's Water Polo",2000
"Pter Biros","Hungary","Water Polo","Water Polo Men's Water Polo",2004
"Pter Biros","Hungary","Water Polo","Water Polo Men's Water Polo",2008
"Vera Leonidovna Biryukova","Russia","Rhythmic Gymnastics","Rhythmic Gymnastics Women's Group",2016
"Martina Bischof (Fischer-)","East Germany","Canoeing","Canoeing Women's Kayak Doubles, 500 metres",1980
"Ole Bischof","Germany","Judo","Judo Men's Half-Middleweight",2008
"Peter Bischoff","Wannsee","Sailing","Sailing Mixed Two Person Keelboat",1936
"Sabine Bischoff (-Wolf)","West Germany","Fencing","Fencing Women's Foil, Team",1984
"Ralph English Bishop","United States","Basketball","Basketball Men's Basketball",1936
"Klaus Bittner","Germany","Rowing","Rowing Men's Coxed Eights",1960
"Amos Kipwabok Biwott","Kenya","Athletics","Athletics Men's 3,000 metres Steeplechase",1968
"Dallas Denver Bixler","United States","Gymnastics","Gymnastics Men's Horizontal Bar",1932
"ura ""urica"" Bjedov","Yugoslavia","Swimming","Swimming Women's 100 metres Breaststroke",1968
"Ernst Gunnar Bjrk","Sweden","Cycling","Cycling Men's Road Race, Team",1912
"Carl August Bjrkman","Sweden","Shooting","Shooting Men's Free Rifle, Three Positions, 300 metres, Team",1912
"Lars Sigurd Bjorkstrom","Brazil","Sailing","Sailing Mixed Multihull",1980
"Marit Bjrgen","Norway","Cross Country Skiing","Cross Country Skiing Women's Sprint",2010
"Marit Bjrgen","Norway","Cross Country Skiing","Cross Country Skiing Women's 15 km Skiathlon",2010
"Marit Bjrgen","Norway","Cross Country Skiing","Cross Country Skiing Women's 4 x 5 kilometres Relay",2010
"Marit Bjrgen","Norway","Cross Country Skiing","Cross Country Skiing Women's 30 kilometres",2014
"Marit Bjrgen","Norway","Cross Country Skiing","Cross Country Skiing Women's 15 km Skiathlon",2014
"Marit Bjrgen","Norway","Cross Country Skiing","Cross Country Skiing Women's Team Sprint",2014
"Ole Einar Bjrndalen","Norway","Biathlon","Biathlon Men's 10 kilometres Sprint",1998
"Ole Einar Bjrndalen","Norway","Biathlon","Biathlon Men's 10 kilometres Sprint",2002
"Ole Einar Bjrndalen","Norway","Biathlon","Biathlon Men's 12.5 kilometres Pursuit",2002
"Ole Einar Bjrndalen","Norway","Biathlon","Biathlon Men's 20 kilometres",2002
"Ole Einar Bjrndalen","Norway","Biathlon","Biathlon Men's 4 x 7.5 kilometres Relay",2002
"Ole Einar Bjrndalen","Norway","Biathlon","Biathlon Men's 4 x 7.5 kilometres Relay",2010
"Ole Einar Bjrndalen","Norway","Biathlon","Biathlon Men's 10 kilometres Sprint",2014
"Ole Einar Bjrndalen","Norway","Biathlon","Biathlon Mixed 2 x 6 kilometres and 2 x 7.5 kilometres Relay",2014
"Alfred Hartman Bjrnson","Norway","Gymnastics","Gymnastics Men's Team All-Around, Free System",1912
"Kimberly A. ""Kim"" Black","United States","Swimming","Swimming Women's 4 x 200 metres Freestyle Relay",2000
"Lawrence Jeffery ""Larry"" Black","United States","Athletics","Athletics Men's 4 x 100 metres Relay",1972
"Henry Thomas ""Harry"" Blackstaffe","Great Britain","Rowing","Rowing Men's Single Sculls",1908
"Bror Erik Alvar Bladstrm","Sweden","Canoeing","Canoeing Men's Folding Kayak Doubles, 10 kilometres",1936
"Vakht'ang Blagidze","Soviet Union","Wrestling","Wrestling Men's Flyweight, Greco-Roman",1980
"Alana Olga Blahoski","United States","Ice Hockey","Ice Hockey Women's Ice Hockey",1998
"Bonnie Kathleen Blair (-Cruikshank)","United States","Speed Skating","Speed Skating Women's 500 metres",1988
"Bonnie Kathleen Blair (-Cruikshank)","United States","Speed Skating","Speed Skating Women's 500 metres",1992
"Bonnie Kathleen Blair (-Cruikshank)","United States","Speed Skating","Speed Skating Women's 1,000 metres",1992
"Bonnie Kathleen Blair (-Cruikshank)","United States","Speed Skating","Speed Skating Women's 500 metres",1994
"Bonnie Kathleen Blair (-Cruikshank)","United States","Speed Skating","Speed Skating Women's 1,000 metres",1994
"James Howard ""Jim"" Blair","United States","Rowing","Rowing Men's Coxed Eights",1932
"Lee Everett Blair","United States","Art Competitions","Art Competitions Mixed Painting, Drawings And Water Colors",1932
"Robert Bowlby ""Rob"" Blake","Canada","Ice Hockey","Ice Hockey Men's Ice Hockey",2002
"Yohan Blake","Jamaica","Athletics","Athletics Men's 4 x 100 metres Relay",2012
"Yohan Blake","Jamaica","Athletics","Athletics Men's 4 x 100 metres Relay",2016
"Henrik Blakskjr","Denmark","Sailing","Sailing Mixed Three Person Keelboat",2000
"Isabelle Blanc","France","Snowboarding","Snowboarding Women's Parallel Giant Slalom",2002
"Joseph lie Blanchard","Winnipeg Shamrocks-1","Lacrosse","Lacrosse Men's Lacrosse",1904
"Armand Blanchonnet","France","Cycling","Cycling Men's Road Race, Individual",1924
"Armand Blanchonnet","France","Cycling","Cycling Men's Road Race, Team",1924
"Gaston Frdric Blanchy","Olle","Sailing","Sailing Mixed 2-3 Ton",1900
"Gaston Frdric Blanchy","Olle","Sailing","Sailing Mixed 2-3 Ton",1900
"Harriet Claiborne Bland (-Green)","United States","Athletics","Athletics Women's 4 x 100 metres Relay",1936
"Peter Blang","Netherlands","Volleyball","Volleyball Men's Volleyball",1996
"Leszek Robert Blanik","Poland","Gymnastics","Gymnastics Men's Horse Vault",2008
"Johann Blank","Germany","Water Polo","Water Polo Men's Water Polo",1928
"Francina Elsje ""Fanny"" Blankers-Koen","Netherlands","Athletics","Athletics Women's 100 metres",1948
"Francina Elsje ""Fanny"" Blankers-Koen","Netherlands","Athletics","Athletics Women's 200 metres",1948
"Francina Elsje ""Fanny"" Blankers-Koen","Netherlands","Athletics","Athletics Women's 80 metres Hurdles",1948
"Francina Elsje ""Fanny"" Blankers-Koen","Netherlands","Athletics","Athletics Women's 4 x 100 metres Relay",1948
"Dain J. Blanton","United States-1","Beach Volleyball","Beach Volleyball Men's Beach Volleyball",2000
"Mriam Guadalupe Blasco Soto","Spain","Judo","Judo Women's Lightweight",1992
"Jeffrey Carl ""Jeff"" Blatnick","United States","Wrestling","Wrestling Men's Super-Heavyweight, Greco-Roman",1984
"Keston Bledman","Trinidad and Tobago","Athletics","Athletics Men's 4 x 100 metres Relay",2008
"Ethelda Marguerite Bleibtrey (-Schlatke)","United States","Swimming","Swimming Women's 100 metres Freestyle",1920
"Ethelda Marguerite Bleibtrey (-Schlatke)","United States","Swimming","Swimming Women's 300 metres Freestyle",1920
"Ethelda Marguerite Bleibtrey (-Schlatke)","United States","Swimming","Swimming Women's 4 x 100 metres Freestyle Relay",1920
"Donald Franklin ""Don"" Blessing","United States","Rowing","Rowing Men's Coxed Eights",1928
"Richard Adolph ""Dick"" Blick","United States","Swimming","Swimming Men's 4 x 200 metres Freestyle Relay",1960
"Aleksandr Ivanovich Blinov","Soviet Union","Equestrianism","Equestrianism Mixed Three-Day Event, Team",1980
"Viktor Nikolayevich Blinov","Soviet Union","Ice Hockey","Ice Hockey Men's Ice Hockey",1968
"Yury Ivanovich Blinov","Soviet Union","Ice Hockey","Ice Hockey Men's Ice Hockey",1972
"Irina Valeryevna Bliznova","Russia","Handball","Handball Women's Handball",2016
"Anastasiya Ilyinichna Bliznyuk","Russia","Rhythmic Gymnastics","Rhythmic Gymnastics Women's Group",2012
"Anastasiya Ilyinichna Bliznyuk","Russia","Rhythmic Gymnastics","Rhythmic Gymnastics Women's Group",2016
"Jan Blokhuijsen","Netherlands","Speed Skating","Speed Skating Men's Team Pursuit (8 laps)",2014
"Vanja Hedvig Desideria Blomberg (-Webjrn)","Sweden","Gymnastics","Gymnastics Women's Team Portable Apparatus",1952
"Erik Gustaf Blomqvist","Sweden","Shooting","Shooting Men's Free Rifle, Three Positions, 300 metres, Team",1912
"Douglas Morlan ""Doug"" Blubaugh","United States","Wrestling","Wrestling Men's Welterweight, Freestyle",1960
"Kay Bluhm","Germany","Canoeing","Canoeing Men's Kayak Doubles, 500 metres",1992
"Kay Bluhm","Germany","Canoeing","Canoeing Men's Kayak Doubles, 1,000 metres",1992
"Kay Bluhm","Germany","Canoeing","Canoeing Men's Kayak Doubles, 500 metres",1996
"Pernille Blume","Denmark","Swimming","Swimming Women's 50 metres Freestyle",2016
"Christian ""Bdi"" Blunck","Germany","Hockey","Hockey Men's Hockey",1992
"Serge Blusson","France","Cycling","Cycling Men's Team Pursuit, 4,000 metres",1948
"Christopher Miles ""Chris"" Boardman","Great Britain","Cycling","Cycling Men's Individual Pursuit, 4,000 metres",1992
"Christopher Alan Boardman","Lalage","Sailing","Sailing Mixed 6 metres",1936
"Leslie ""Les"" Boardman","Australasia","Swimming","Swimming Men's 4 x 200 metres Freestyle Relay",1912
"Gyula Bbis","Hungary","Wrestling","Wrestling Men's Heavyweight, Freestyle",1948
"Loredana Boboc","Romania","Gymnastics","Gymnastics Women's Team All-Around",2000
"Vsevolod Mikhaylovich Bobrov","Soviet Union","Ice Hockey","Ice Hockey Men's Ice Hockey",1956
"Yekaterina Aleksandrovna Bobrova","Russia","Figure Skating","Figure Skating Mixed Team",2014
"Vladlena Eduardovna Bobrovnikova","Russia","Handball","Handball Women's Handball",2016
"Liudmyla Kostiantynivna Bobrus-Poradnyk","Soviet Union","Handball","Handball Women's Handball",1976
"Liudmyla Kostiantynivna Bobrus-Poradnyk","Soviet Union","Handball","Handball Women's Handball",1980
"Giorgio Bocchino","Italy","Fencing","Fencing Men's Foil, Team",1936
"Nina Antonivna Bocharova","Soviet Union","Gymnastics","Gymnastics Women's Team All-Around",1952
"Nina Antonivna Bocharova","Soviet Union","Gymnastics","Gymnastics Women's Balance Beam",1952
"Rich Marlow Bockelie","Bera","Sailing","Sailing Mixed 8 metres",1924
"Conrad Helmut Fritz Bcker","Germany","Gymnastics","Gymnastics Men's Parallel Bars, Teams",1896
"Conrad Helmut Fritz Bcker","Germany","Gymnastics","Gymnastics Men's Horizontal Bar, Teams",1896
"Franz Bckli","Switzerland","Shooting","Shooting Men's Free Rifle, Three Positions, 300 metres, Team",1900
"Harro Bode","West Germany","Sailing","Sailing Mixed Two Person Dinghy",1976
"Carla Bodendorf (Rietig-)","East Germany","Athletics","Athletics Women's 4 x 100 metres Relay",1976
"Andrs Bodnr","Hungary","Water Polo","Water Polo Men's Water Polo",1964
"Andrea Bod-Molnr","Hungary","Gymnastics","Gymnastics Women's Team Portable Apparatus",1956
"Josephine Francisca Maria ""Fieke"" Boekhorst","Netherlands","Hockey","Hockey Women's Hockey",1984
"Isabelle Bori-Bgard","France","Fencing","Fencing Women's Foil, Team",1980
"Martina Boesler (-Kirchner, -Wieduwilt)","East Germany","Rowing","Rowing Women's Coxed Eights",1980
"Galabin Pepov Boevski","Bulgaria","Weightlifting","Weightlifting Men's Lightweight",2000
"Anna Ivanovna Bogaly-Titovets","Russia","Biathlon","Biathlon Women's 4 x 6 kilometres Relay",2006
"Anna Ivanovna Bogaly-Titovets","Russia","Biathlon","Biathlon Women's 4 x 6 kilometres Relay",2010
"Anatoly Ivanovich Bogdanov","Soviet Union","Shooting","Shooting Men's Free Rifle, Three Positions, 300 metres",1952
"Anatoly Ivanovich Bogdanov","Soviet Union","Shooting","Shooting Men's Small-Bore Rifle, Three Positions, 50 metres",1956
"Aleksandr Viktorovich Bogdanovich","Belarus","Canoeing","Canoeing Men's Canadian Doubles, 1,000 metres",2008
"Andrey Viktorovich Bogdanovich","Belarus","Canoeing","Canoeing Men's Canadian Doubles, 1,000 metres",2008
"Fyodor Fyodorovich Bogdanovsky","Soviet Union","Weightlifting","Weightlifting Men's Middleweight",1956
"Philip George ""Phil"" Boggs","United States","Diving","Diving Men's Springboard",1976
"Svetlana Leonidovna Boginskaya","Soviet Union","Gymnastics","Gymnastics Women's Team All-Around",1988
"Svetlana Leonidovna Boginskaya","Soviet Union","Gymnastics","Gymnastics Women's Horse Vault",1988
"Svetlana Leonidovna Boginskaya","Unified Team","Gymnastics","Gymnastics Women's Team All-Around",1992
"Vadim Iosifovich Bogiyev","Russia","Wrestling","Wrestling Men's Lightweight, Freestyle",1996
"Wendy Lou Lansbach Boglioli","United States","Swimming","Swimming Women's 4 x 100 metres Freestyle Relay",1976
"Tanya Bogomilova-Dangalakova","Bulgaria","Swimming","Swimming Women's 100 metres Breaststroke",1988
"Ivan Havrylovych Bohdan","Soviet Union","Wrestling","Wrestling Men's Heavyweight, Greco-Roman",1960
"Folke Ivar Reinhold Bohlin","Slaghoken II","Sailing","Sailing Mixed Three Person Keelboat",1956
"ric Boisse","France","Fencing","Fencing Men's epee, Team",2004
"Philippe Alain Boisse","France","Fencing","Fencing Men's epee, Team",1980
"Philippe Alain Boisse","France","Fencing","Fencing Men's epee, Individual",1984
"Brian Anthony Boitano","United States","Figure Skating","Figure Skating Men's Singles",1988
"Arnaud Boiteau","France","Equestrianism","Equestrianism Mixed Three-Day Event, Team",2004
"Jean Auguste Boiteux","France","Swimming","Swimming Men's 400 metres Freestyle",1952
"Gustaf Carl Fredrik Boivie","Sweden","Shooting","Shooting Men's Small-Bore Rifle, Disappearing Target, 25 metres, Team",1912
"Jrgen Bojsen-Mller","Denmark","Sailing","Sailing Mixed Two Person Heavyweight Dinghy",1988
"Lal Shah S. Bokhari","India","Hockey","Hockey Men's Hockey",1932
"John Mary Pius Boland","Great Britain","Tennis","Tennis Men's Singles",1896
"John Mary Pius Boland","Great Britain/Germany","Tennis","Tennis Men's Doubles",1896
"Jeanette Bolden","United States","Athletics","Athletics Women's 4 x 100 metres Relay",1984
"Igor Petrovich Boldin","Unified Team","Ice Hockey","Ice Hockey Men's Ice Hockey",1992
"Harry Boldt","Germany","Equestrianism","Equestrianism Mixed Dressage, Team",1964
"Harry Boldt","West Germany","Equestrianism","Equestrianism Mixed Dressage, Team",1976
"John Keith Boles","United States","Shooting","Shooting Men's Running Target, Single Shot",1924
"Maria Yolande Caroline Gertrude ""Marjolein"" Bolhuis-Eijsvogel","Netherlands","Hockey","Hockey Women's Hockey",1984
"Aureliano Bolognesi","Italy","Boxing","Boxing Men's Lightweight",1952
"Aleksandr Aleksandrovich Boloshev","Soviet Union","Basketball","Basketball Men's Basketball",1972
"Pyotr Grogoryevich Bolotnikov","Soviet Union","Athletics","Athletics Men's 10,000 metres",1960
"Usain St. Leo Bolt","Jamaica","Athletics","Athletics Men's 100 metres",2008
"Usain St. Leo Bolt","Jamaica","Athletics","Athletics Men's 200 metres",2008
"Usain St. Leo Bolt","Jamaica","Athletics","Athletics Men's 100 metres",2012
"Usain St. Leo Bolt","Jamaica","Athletics","Athletics Men's 200 metres",2012
"Usain St. Leo Bolt","Jamaica","Athletics","Athletics Men's 4 x 100 metres Relay",2012
"Usain St. Leo Bolt","Jamaica","Athletics","Athletics Men's 100 metres",2016
"Usain St. Leo Bolt","Jamaica","Athletics","Athletics Men's 200 metres",2016
"Usain St. Leo Bolt","Jamaica","Athletics","Athletics Men's 4 x 100 metres Relay",2016
"Gustaf Adolf Boltenstern, Jr.","Sweden","Equestrianism","Equestrianism Mixed Dressage, Team",1952
"Gustaf Adolf Boltenstern, Jr.","Sweden","Equestrianism","Equestrianism Mixed Dressage, Team",1956
"Alice Ruth ""Ruthie"" Bolton-Holifield","United States","Basketball","Basketball Women's Basketball",1996
"Alice Ruth ""Ruthie"" Bolton-Holifield","United States","Basketball","Basketball Women's Basketball",2000
"Antal Bolvri","Hungary","Water Polo","Water Polo Men's Water Polo",1952
"Antal Bolvri","Hungary","Water Polo","Water Polo Men's Water Polo",1956
"Duje Bonai","Yugoslavia","Rowing","Rowing Men's Coxless Fours",1952
"Ozren Bonai","Yugoslavia","Water Polo","Water Polo Men's Water Polo",1968
"Fernando Bonatti","Italy","Gymnastics","Gymnastics Men's Team All-Around",1920
"David John Were Bond","Swift","Sailing","Sailing Mixed Two Person Keelboat",1948
"Hamish Byron Bond","New Zealand","Rowing","Rowing Men's Coxless Pairs",2012
"Hamish Byron Bond","New Zealand","Rowing","Rowing Men's Coxless Pairs",2016
"Anatoliy Pavlovych Bondarchuk","Soviet Union","Athletics","Athletics Men's Hammer Throw",1972
"Olga Petrovna Bondarenko (Krentser-)","Soviet Union","Athletics","Athletics Women's 10,000 metres",1988
"Carl Gustaf Bonde","Sweden","Equestrianism","Equestrianism Men's Dressage, Individual",1912
"Ren Henri Georges Bondoux","France","Fencing","Fencing Men's Foil, Team",1932
"Bong Jung-Keun","South Korea","Baseball","Baseball Men's Baseball",2008
"George Valentine Bonhag","United States","Athletics","Athletics Men's 1,500 metres Walk",1906
"George Valentine Bonhag","United States","Athletics","Athletics Men's 3,000 metres, Team",1912
"Tessa Bonhomme","Canada","Ice Hockey","Ice Hockey Women's Ice Hockey",2010
"Guido Boni","Italy","Gymnastics","Gymnastics Men's Team All-Around",1912
"Andr Bonin","France","Fencing","Fencing Men's Foil, Team",1948
"Yvonne Bnisch","Germany","Judo","Judo Women's Lightweight",2004
"Franois Bonlieu","France","Alpine Skiing","Alpine Skiing Men's Giant Slalom",1964
"Philippe Pierre Bonnin","France","Fencing","Fencing Men's Foil, Team",1980
"Beniamino Bonomi","Italy","Canoeing","Canoeing Men's Kayak Doubles, 1,000 metres",2000
"Klaus-Michael Bonsack","East Germany-1","Luge","Luge Mixed (Men)'s Doubles",1968
"Horace Robert Bonser","United States","Shooting","Shooting Men's Trap, Team",1920
"Ronald Yngve ""Ron"" Bontemps","United States","Basketball","Basketball Men's Basketball",1952
"Minke Gertine Booij","Netherlands","Hockey","Hockey Women's Hockey",2008
"Manut Boonjumnong","Thailand","Boxing","Boxing Men's Light-Welterweight",2004
"Rachel Kristine Bootsma","United States","Swimming","Swimming Women's 4 x 100 metres Medley Relay",2012
"Robert Lewis ""Bob"" Boozer","United States","Basketball","Basketball Men's Basketball",1960
"Carlos Austin Boozer, Jr.","United States","Basketball","Basketball Men's Basketball",2008
"Charles Edward ""Charley"" Borah","United States","Athletics","Athletics Men's 4 x 100 metres Relay",1928
"Valeriy Viktorovich Borchin","Russia","Athletics","Athletics Men's 20 kilometres Walk",2008
"Anke Borchmann (Grnberg-)","East Germany","Rowing","Rowing Women's Coxed Quadruple Sculls",1976
"Anna Johanna Geertruida Maria ""Annie"" Borckink","Netherlands","Speed Skating","Speed Skating Women's 1,500 metres",1980
"Amanda Kathleen Borden (-Cochran)","United States","Gymnastics","Gymnastics Women's Team All-Around",1996
"Patrick Lance ""Pat"" Borders","United States","Baseball","Baseball Men's Baseball",2000
"Gelindo Bordin","Italy","Athletics","Athletics Men's Marathon",1988
"Yannick Philippe Andr Borel","France","Fencing","Fencing Men's epee, Team",2016
"Andrea Borella","Italy","Fencing","Fencing Men's Foil, Team",1984
"Valentin Vasilyevich Boreyko","Soviet Union","Rowing","Rowing Men's Coxless Pairs",1960
"Claes Arne Borg","Sweden","Swimming","Swimming Men's 1,500 metres Freestyle",1928
"Maurcio Borges Almeida Silva","Brazil","Volleyball","Volleyball Men's Volleyball",2016
"Vasily Fyodorovich Borisov","Soviet Union","Shooting","Shooting Men's Free Rifle, Three Positions, 300 metres",1956
"Ren Borjas","Uruguay","Football","Football Men's Football",1928
"Zsolt Borkai","Hungary","Gymnastics","Gymnastics Men's Pommelled Horse",1988
"James Andrew ""Jimmy"" Borland","Great Britain","Ice Hockey","Ice Hockey Men's Ice Hockey",1936
"Wilhelm Heinrich Born","Germany","Tug-Of-War","Tug-Of-War Men's Tug-Of-War",1906
"Jacqueline Brner (-Schubert)","Germany","Speed Skating","Speed Skating Women's 1,500 metres",1992
"Aleksandr Genrikhovich Borodyuk","Soviet Union","Football","Football Men's Football",1988
"Kathrin Boron (-Kppen)","Germany","Rowing","Rowing Women's Double Sculls",1992
"Kathrin Boron (-Kppen)","Germany","Rowing","Rowing Women's Quadruple Sculls",1996
"Kathrin Boron (-Kppen)","Germany","Rowing","Rowing Women's Double Sculls",2000
"Kathrin Boron (-Kppen)","Germany","Rowing","Rowing Women's Quadruple Sculls",2004
"Ott Boros","Hungary","Water Polo","Water Polo Men's Water Polo",1956
"Ott Boros","Hungary","Water Polo","Water Polo Men's Water Polo",1964
"Lyudmila Vasilyevna Borozna (-Zhigily)","Soviet Union","Volleyball","Volleyball Women's Volleyball",1972
"Arthur Thurman ""Thur"" Borren","New Zealand","Hockey","Hockey Men's Hockey",1976
"Ismael Borrero Molina","Cuba","Wrestling","Wrestling Men's Featherweight, Greco-Roman",2016
"Elmar Borrmann","West Germany","Fencing","Fencing Men's epee, Team",1984
"Elmar Borrmann","Germany","Fencing","Fencing Men's epee, Team",1992
"Luis Borroto Jimnez","Cuba","Baseball","Baseball Men's Baseball",2004
"Nino Borsari","Italy","Cycling","Cycling Men's Team Pursuit, 4,000 metres",1932
"Nikolay Konstantinovich Borshchevsky","Unified Team","Ice Hockey","Ice Hockey Men's Ice Hockey",1992
"Martin Luther Borthen","Heira II","Sailing","Sailing Mixed 12 metres",1920
"Francesca Bortolozzi-Borella","Italy","Fencing","Fencing Women's Foil, Team",1992
"Francesca Bortolozzi-Borella","Italy","Fencing","Fencing Women's Foil, Team",1996
"Vincent Joseph ""Vince"" Boryla","United States","Basketball","Basketball Men's Basketball",1948
"Yury Mikhaylovich Borzakovsky","Russia","Athletics","Athletics Men's 800 metres",2004
"Valeriy Pylypovych Borzov","Soviet Union","Athletics","Athletics Men's 100 metres",1972
"Valeriy Pylypovych Borzov","Soviet Union","Athletics","Athletics Men's 200 metres",1972
"Eva Boskov-Vchtov (-Hlavkov)","Czechoslovakia","Gymnastics","Gymnastics Women's Balance Beam",1960
"Bruno Boscherie","France","Fencing","Fencing Men's Foil, Team",1980
"Roland Bse","West Germany","Rowing","Rowing Men's Coxed Eights",1968
"Ryszard Bosek","Poland","Volleyball","Volleyball Men's Volleyball",1976
"Christopher Wesson ""Chris"" Bosh","United States","Basketball","Basketball Men's Basketball",2008
"Slobodan Bokan","Serbia and Montenegro","Volleyball","Volleyball Men's Volleyball",2000
"Miho Bokovi","Croatia","Water Polo","Water Polo Men's Water Polo",2012
"Roger-Yves Bost","France","Equestrianism","Equestrianism Mixed Jumping, Team",2016
"Ralph Harold Boston","United States","Athletics","Athletics Men's Long Jump",1960
"Silvia Bosurgi","Italy","Water Polo","Water Polo Women's Water Polo",2004
"Catherine La Ora ""Cathy"" Boswell","United States","Basketball","Basketball Women's Basketball",1984
"Gratsian Georgiyevich Botev","Soviet Union","Canoeing","Canoeing Men's Canadian Doubles, 10,000 metres",1956
"Heinz-Jrgen Bothe","East Germany","Rowing","Rowing Men's Coxless Pairs",1968
"Molly Ray Botkin (-Rossiter, -Trees)","United States","Swimming","Swimming Women's 4 x 100 metres Freestyle Relay",1960
"Elizabeth Anne ""Beth"" Botsford","United States","Swimming","Swimming Women's 100 metres Backstroke",1996
"Elizabeth Anne ""Beth"" Botsford","United States","Swimming","Swimming Women's 4 x 100 metres Medley Relay",1996
"Jennifer Lori Botterill","Canada","Ice Hockey","Ice Hockey Women's Ice Hockey",2002
"Jennifer Lori Botterill","Canada","Ice Hockey","Ice Hockey Women's Ice Hockey",2006
"Jennifer Lori Botterill","Canada","Ice Hockey","Ice Hockey Women's Ice Hockey",2010
"Filippo Emanuele Bottino","Italy","Weightlifting","Weightlifting Men's Heavyweight",1920
"Joseph Stuart ""Joe"" Bottom","United States","Swimming","Swimming Men's 4 x 100 metres Medley Relay",1976
"Donatien Antonin Marie Bouch","L'Aile VI","Sailing","Sailing Mixed 8 metres",1928
"Gatan T. Boucher","Canada","Speed Skating","Speed Skating Men's 1,000 metres",1984
"Gatan T. Boucher","Canada","Speed Skating","Speed Skating Men's 1,500 metres",1984
"Danil Ephrem Jean Odiel Bouckaert","Belgium","Equestrianism","Equestrianism Men's Vaulting, Individual",1920
"Danil Ephrem Jean Odiel Bouckaert","Belgium","Equestrianism","Equestrianism Men's Vaulting, Team",1920
"Jules Henri Bouckaert","Cercle de l'Aviron Roubaix-4","Rowing","Rowing Men's Coxed Fours",1900
"David Alasdair Boudia","United States","Diving","Diving Men's Platform",2012
"Ren Bougnol","France","Fencing","Fencing Men's Foil, Team",1932
"Ren Bougnol","France","Fencing","Fencing Men's Foil, Team",1948
"Hassiba Boulmerka","Algeria","Athletics","Athletics Women's 1,500 metres",1992
"Djamel Bouras","France","Judo","Judo Men's Half-Middleweight",1996
"Clifford Frederick ""Cliff"" Bourland","United States","Athletics","Athletics Men's 4 x 400 metres Relay",1948
"Hans Bourquin","Switzerland","Rowing","Rowing Men's Coxed Pairs",1928
"Richard James ""Dick"" Boushka","United States","Basketball","Basketball Men's Basketball",1956
"Moulay Brahim Boutayeb","Morocco","Athletics","Athletics Men's 10,000 metres",1988
"Charles Bouvier","Switzerland-2","Bobsleigh","Bobsleigh Men's Four",1936
"Jay Daniel Bouwmeester","Canada","Ice Hockey","Ice Hockey Men's Ice Hockey",2014
"Marit Bouwmeester","Netherlands","Sailing","Sailing Women's One Person Dinghy",2016
"Floris Jan Bovelander","Netherlands","Hockey","Hockey Men's Hockey",1996
"Alessandro Bovo","Italy","Water Polo","Water Polo Men's Water Polo",1992
"Carol Ann Bower","United States","Rowing","Rowing Women's Coxed Eights",1984
"Alfred James Bowerman","Devon and Somerset Wanderers","Cricket","Cricket Men's Cricket",1900
"Frentorish ""Tori"" Bowie","United States","Athletics","Athletics Women's 4 x 100 metres Relay",2016
"Maddison Michelle ""Maddie"" Bowman","United States","Freestyle Skiing","Freestyle Skiing Women's Halfpipe",2014
"Deborah Ann ""Debbie"" Bowman-Sullivan","Australia","Hockey","Hockey Women's Hockey",1988
"Gillian Dewey Boxx","United States","Softball","Softball Women's Softball",1996
"Shannon Leigh Boxx","United States","Football","Football Women's Football",2004
"Shannon Leigh Boxx","United States","Football","Football Women's Football",2008
"Shannon Leigh Boxx","United States","Football","Football Women's Football",2012
"Svetlana Sergeyevna Boyarkina-Zhurova","Russia","Speed Skating","Speed Skating Women's 500 metres",2006
"Klavdiya Sergeyevna Boyarskikh","Soviet Union","Cross Country Skiing","Cross Country Skiing Women's 5 kilometres",1964
"Klavdiya Sergeyevna Boyarskikh","Soviet Union","Cross Country Skiing","Cross Country Skiing Women's 10 kilometres",1964
"Klavdiya Sergeyevna Boyarskikh","Soviet Union","Cross Country Skiing","Cross Country Skiing Women's 3 x 5 kilometres Relay",1964
"James Felton ""Jim"" Boyd","United States","Boxing","Boxing Men's Light-Heavyweight",1956
"Svetlana Anatolyevna Boyko","Russia","Fencing","Fencing Women's Foil, Team",2008
"Daniel Denis ""Dan"" Boyle","Canada","Ice Hockey","Ice Hockey Men's Ice Hockey",2010
"Daniel Bozhinov Petrov","Bulgaria","Boxing","Boxing Men's Light-Flyweight",1996
"Mihly Bozsi (Bozsidarcz)","Hungary","Water Polo","Water Polo Men's Water Polo",1936
"Jzsef Bozsik","Hungary","Football","Football Men's Football",1952
"Tullio Bozza","Italy","Fencing","Fencing Men's epee, Team",1920
"Tarjei B","Norway","Biathlon","Biathlon Men's 4 x 7.5 kilometres Relay",2010
"Tina Nielsen Bttzau (-Haunstrup)","Denmark","Handball","Handball Women's Handball",1996
"Tina Nielsen Bttzau (-Haunstrup)","Denmark","Handball","Handball Women's Handball",2000
"Kenneth Braaten","Norway","Nordic Combined","Nordic Combined Men's Team",1998
"Julius Olaissen ""Jul"" Braathe (Olaissen-)","Norway","Shooting","Shooting Men's Free Rifle, Three Positions, 300 metres, Team",1908
"Jules Timothy ""Tim"" Brabants","Great Britain","Canoeing","Canoeing Men's Kayak Singles, 1,000 metres",2008
"Walter Brack","Germany","Swimming","Swimming Men's 100 Yard Backstroke",1904
"Raymond Cope ""Ray"" Bracken","United States","Shooting","Shooting Men's Free Pistol, 50 metres, Team",1920
"Steven John Bradbury","Australia","Short Track Speed Skating","Short Track Speed Skating Men's 1,000 metres",2002
"William Warren ""Bill"" Bradley","United States","Basketball","Basketball Men's Basketball",1964
"Benjamin Joseph ""Ben"" Bradshaw","United States","Wrestling","Wrestling Men's Featherweight, Freestyle",1904
"Mathieu Bragard","Belgium","Football","Football Men's Football",1920
"Donald George ""Don"" Bragg","United States","Athletics","Athletics Men's Pole Vault",1960
"Lyudmila Ivanovna Bragina","Soviet Union","Athletics","Athletics Women's 1,500 metres",1972
"G. Alberto Braglia","Italy","Gymnastics","Gymnastics Men's Individual All-Around",1908
"G. Alberto Braglia","Italy","Gymnastics","Gymnastics Men's Individual All-Around",1912
"G. Alberto Braglia","Italy","Gymnastics","Gymnastics Men's Team All-Around",1912
"John Robert ""Bob"" Braithwaite","Great Britain","Shooting","Shooting Mixed Trap",1968
"Grant Digby Bramwell","New Zealand","Canoeing","Canoeing Men's Kayak Fours, 1,000 metres",1984
"Serge Branco","Cameroon","Football","Football Men's Football",2000
"Esther Cornelia Brand (van Heerden-)","South Africa","Athletics","Athletics Women's High Jump",1952
"Glen Jenson Brand","United States","Wrestling","Wrestling Men's Middleweight, Freestyle",1948
"Jen Brandi (Brandeiski)","Hungary","Water Polo","Water Polo Men's Water Polo",1936
"Thomas Nelson ""Tom"" Brands, II","United States","Wrestling","Wrestling Men's Featherweight, Freestyle",1996
"Franois Antoine Brandt","Minerva Amsterdam","Rowing","Rowing Men's Coxed Pairs",1900
"Heinz Brandt","Germany","Equestrianism","Equestrianism Men's Jumping, Team",1936
"Karsten Brannasch","Germany-2","Bobsleigh","Bobsleigh Men's Four",1994
"Bernd Bransch","East Germany","Football","Football Men's Football",1976
"Ana Maria Florentina Brnz-Popescu","Romania","Fencing","Fencing Women's epee, Team",2016
"Julius Helmut Braselmann","Germany","Handball","Handball Men's Handball",1936
"Scott Brash","Great Britain","Equestrianism","Equestrianism Mixed Jumping, Team",2012
"Christopher William ""Chris"" Brasher","Great Britain","Athletics","Athletics Men's 3,000 metres Steeplechase",1956
"Yevhen Anatoliyovych Braslavets","Ukraine","Sailing","Sailing Men's Two Person Dinghy",1996
"Jean-Luc Brassard","Canada","Freestyle Skiing","Freestyle Skiing Men's Moguls",1994
"David Hey Bratton","New York Athletic Club-1","Water Polo","Water Polo Men's Water Polo",1904
"Gregor Braun","West Germany","Cycling","Cycling Men's Individual Pursuit, 4,000 metres",1976
"Gregor Braun","West Germany","Cycling","Cycling Men's Team Pursuit, 4,000 metres",1976
"Sophie Charlotte Bray","Great Britain","Hockey","Hockey Women's Hockey",2016
"Thiago Braz da Silva","Brazil","Athletics","Athletics Men's Pole Vault",2016
"Ronald Gilchrist Brebner","Great Britain","Football","Football Men's Football",1912
"Andreas Bang Brecke","Taifun","Sailing","Sailing Mixed 8 metres",1912
"Andreas Bang Brecke","Jo","Sailing","Sailing Mixed 6 metres",1920
"Espen Odd Bredesen","Norway","Ski Jumping","Ski Jumping Men's Normal Hill, Individual",1994
"Reinhard Bredow","East Germany-1","Luge","Luge Mixed (Men)'s Doubles",1972
"Christina Brehmer-Lathan","East Germany","Athletics","Athletics Women's 4 x 400 metres Relay",1976
"Karoline Charlotte Dyhre Breivang","Norway","Handball","Handball Women's Handball",2008
"Karoline Charlotte Dyhre Breivang","Norway","Handball","Handball Women's Handball",2012
"Mark Anthony Breland","United States","Boxing","Boxing Men's Welterweight",1984
"Edgar Brenchley","Great Britain","Ice Hockey","Ice Hockey Men's Ice Hockey",1936
"Jakob Brendel","Germany","Wrestling","Wrestling Men's Bantamweight, Greco-Roman",1932
"Sebastian Brendel","Germany","Canoeing","Canoeing Men's Canadian Singles, 1,000 metres",2012
"Sebastian Brendel","Germany","Canoeing","Canoeing Men's Canadian Singles, 1,000 metres",2016
"Sebastian Brendel","Germany","Canoeing","Canoeing Men's Canadian Doubles, 1,000 metres",2016
"Hallgeir Brenden","Norway","Cross Country Skiing","Cross Country Skiing Men's 18 kilometres",1952
"Hallgeir Brenden","Norway","Cross Country Skiing","Cross Country Skiing Men's 15 kilometres",1956
"William Thomas Edmund ""Billy"" Brennagh","Winnipeg Shamrocks-1","Lacrosse","Lacrosse Men's Lacrosse",1904
"Michael Gene Brennan","Australia","Hockey","Hockey Men's Hockey",2004
"Patrick Joseph ""Paddy"" Brennan","Canada","Lacrosse","Lacrosse Men's Lacrosse",1908
"Scott Michael Brennan","Australia","Rowing","Rowing Men's Double Sculls",2008
"Bart Jan-Baptist Marie Brentjens","Netherlands","Cycling","Cycling Men's Mountainbike, Cross-Country",1996
"Julie Bresset","France","Cycling","Cycling Women's Mountainbike, Cross-Country",2012
"George Henry Bretz (-Brett)","Winnipeg Shamrocks-1","Lacrosse","Lacrosse Men's Lacrosse",1904
"Derrick Keith Brew","United States","Athletics","Athletics Men's 4 x 400 metres Relay",2004
"Eric Charles Brewer","Canada","Ice Hockey","Ice Hockey Men's Ice Hockey",2002
"Frank Gerald Singlehurst Brewin","India","Hockey","Hockey Men's Hockey",1932
"Ralph Theodore Breyer","United States","Swimming","Swimming Men's 4 x 200 metres Freestyle Relay",1924
"Anne Briand-Bouthiaux","France","Biathlon","Biathlon Women's 3 x 7.5 kilometres Relay",1992
"Erika Eloise Bricker (-Holderith)","United States","Swimming","Swimming Women's 4 x 100 metres Freestyle Relay",1964
"Bradley Michael ""Brad"" Bridgewater","United States","Swimming","Swimming Men's 200 metres Backstroke",1996
"Siegfried Brietzke","East Germany","Rowing","Rowing Men's Coxless Pairs",1972
"Siegfried Brietzke","East Germany","Rowing","Rowing Men's Coxless Fours",1976
"Siegfried Brietzke","East Germany","Rowing","Rowing Men's Coxless Fours",1980
"Allan Lindsay Briggs","United States","Shooting","Shooting Men's Military Rifle, 200, 400, 500 and 600 metres, Team",1912
"Torah Jane Bright (-Thomson)","Australia","Snowboarding","Snowboarding Women's Halfpipe",2010
"John Manning ""Jack"" Brinck","United States","Rowing","Rowing Men's Coxed Eights",1928
"Julius Brink","Germany-1","Beach Volleyball","Beach Volleyball Men's Beach Volleyball",2012
"Jacques Brinkman","Netherlands","Hockey","Hockey Men's Hockey",1996
"Jacques Brinkman","Netherlands","Hockey","Hockey Men's Hockey",2000
"Wilhelm ""Willi"" Brinkmann","Germany","Handball","Handball Men's Handball",1936
"Wolfgang Brinkmann","West Germany","Equestrianism","Equestrianism Mixed Jumping, Team",1988
"Valerie Ann Brisco-Hooks","United States","Athletics","Athletics Women's 200 metres",1984
"Valerie Ann Brisco-Hooks","United States","Athletics","Athletics Women's 400 metres",1984
"Valerie Ann Brisco-Hooks","United States","Athletics","Athletics Women's 4 x 400 metres Relay",1984
"Franois Brisson","France","Football","Football Men's Football",1984
"Thrse Anne Brisson","Canada","Ice Hockey","Ice Hockey Women's Ice Hockey",2002
"Matthew Brittain","South Africa","Rowing","Rowing Men's Lightweight Coxless Fours",2012
"Bernhard Britting","Germany","Rowing","Rowing Men's Coxed Fours",1964
"Hermanus Gerardus Brockmann","Minerva Amsterdam","Rowing","Rowing Men's Coxed Pairs",1900
"John Charles ""Jack"" Broderick","Canada","Lacrosse","Lacrosse Men's Lacrosse",1908
"Martin Pierre Brodeur","Canada","Ice Hockey","Ice Hockey Men's Ice Hockey",2002
"Martin Pierre Brodeur","Canada","Ice Hockey","Ice Hockey Men's Ice Hockey",2010
"Zbigniew Marcin Brdka","Poland","Speed Skating","Speed Skating Men's 1,500 metres",2014
"Gyrgy Brdy","Hungary","Water Polo","Water Polo Men's Water Polo",1932
"Gyrgy Brdy","Hungary","Water Polo","Water Polo Men's Water Polo",1936
"Kenneth L. ""Kenny"" Brokenburr","United States","Athletics","Athletics Men's 4 x 100 metres Relay",2000
"Nathan Eugene ""Nate"" Brooks","United States","Boxing","Boxing Men's Flyweight",1952
"Neil Brooks","Australia","Swimming","Swimming Men's 4 x 100 metres Medley Relay",1980
"Travis Neil Brooks","Australia","Hockey","Hockey Men's Hockey",2004
"Marguerite Marie Broquedis-Billout (-Bordes)","France","Tennis","Tennis Women's Singles",1912
"Kristina Brring-Sprehe","Germany","Equestrianism","Equestrianism Mixed Dressage, Team",2016
"Neal LaMoy Broten","United States","Ice Hockey","Ice Hockey Men's Ice Hockey",1980
"Vronique Brouquier","France","Fencing","Fencing Women's Foil, Team",1980
"Alice Regina Brown (-Harris)","United States","Athletics","Athletics Women's 4 x 100 metres Relay",1984
"Alice Regina Brown (-Harris)","United States","Athletics","Athletics Women's 4 x 100 metres Relay",1988
"Benjamin Gene ""Benny"" Brown","United States","Athletics","Athletics Men's 4 x 400 metres Relay",1976
"Christopher Deon ""Chris"" Brown","Bahamas","Athletics","Athletics Men's 4 x 400 metres Relay",2012
"Cynthia Louise ""Cindy"" Brown","United States","Basketball","Basketball Women's Basketball",1988
"David Preston ""Dave"" Brown","United States","Rowing","Rowing Men's Coxed Eights",1948
"Arthur Godfrey Kilner Brown","Great Britain","Athletics","Athletics Men's 4 x 400 metres Relay",1936
"Graeme Allen Brown","Australia","Cycling","Cycling Men's Team Pursuit, 4,000 metres",2004
"Graeme Allen Brown","Australia","Cycling","Cycling Men's Madison",2004
"Horace Hallock ""Hal"" Brown","United States","Athletics","Athletics Men's 3,000 metres, Team",1920
"Ivan Elmore Brown","United States-1","Bobsleigh","Bobsleigh Men's Two",1936
"Lawrence Harvey ""Larry"" Brown","United States","Basketball","Basketball Men's Basketball",1964
"Ronald James ""Ron"" Brown","United States","Athletics","Athletics Men's 4 x 100 metres Relay",1984
"Elizabeth ""Lisa"" Brown-Miller","United States","Ice Hockey","Ice Hockey Women's Ice Hockey",1998
"Stephanie Karenmonica Brown-Trafton","United States","Athletics","Athletics Women's Discus Throw",2008
"Ian Sterry Browne","Australia","Cycling","Cycling Men's Tandem Sprint, 2,000 metres",1956
"David Greig ""Skippy"" Browning, Jr.","United States","Diving","Diving Men's Springboard",1952
"Alistair Edward Brownlee","Great Britain","Triathlon","Triathlon Men's Olympic Distance",2012
"Alistair Edward Brownlee","Great Britain","Triathlon","Triathlon Men's Olympic Distance",2016
"Charles Granville Bruce","Great Britain","Alpinism","Alpinism Mixed Alpinism",1924
"John Geoffrey Bruce","Great Britain","Alpinism","Alpinism Mixed Alpinism",1924
"Thomas Edwin ""Tom"" Bruce","United States","Swimming","Swimming Men's 4 x 100 metres Medley Relay",1972
"Roland Brckner","East Germany","Gymnastics","Gymnastics Men's Floor Exercise",1980
"Ralf Brudel","East Germany","Rowing","Rowing Men's Coxless Fours",1988
"Wilhelm ""Willy"" Brderlin","Switzerland","Rowing","Rowing Men's Coxed Fours",1920
"Kurt Brugger","Italy-1","Luge","Luge Mixed (Men)'s Doubles",1994
"Ivano Brugnetti","Italy","Athletics","Athletics Men's 20 kilometres Walk",2004
"Julien Louis Brul","France","Archery","Archery Men's Target Archery, 50 metres, Individual",1920
"Valery Nikolayevich Brumel","Soviet Union","Athletics","Athletics Men's High Jump",1964
"Enrico Bruna","Bucintoro Venezia-1","Rowing","Rowing Men's Coxed Pairs (1 kilometres)",1906
"Enrico Bruna","Bucintoro Venezia","Rowing","Rowing Men's Coxed Pairs (1 mile)",1906
"Enrico Bruna","Bucintoro Venezia","Rowing","Rowing Men's Coxed Fours",1906
"Jennifer Lyn Brundage","United States","Softball","Softball Women's Softball",2000
"Michael Lee ""Mike"" Bruner","United States","Swimming","Swimming Men's 4 x 200 metres Freestyle Relay",1976
"Michael Lee ""Mike"" Bruner","United States","Swimming","Swimming Men's 200 metres Butterfly",1976
"Manuel Brunet","Argentina","Hockey","Hockey Men's Hockey",2016
"Pierre mile Ernest Brunet","France","Figure Skating","Figure Skating Mixed Pairs",1928
"Pierre mile Ernest Brunet","France","Figure Skating","Figure Skating Mixed Pairs",1932
"Andre Marguerite Blanche Brunet-Joly","France","Figure Skating","Figure Skating Mixed Pairs",1928
"Andre Marguerite Blanche Brunet-Joly","France","Figure Skating","Figure Skating Mixed Pairs",1932
"Bruno ""Bruninho"" Mossa de Rezende","Brazil","Volleyball","Volleyball Men's Volleyball",2016
"Giancarlo Brusati","Italy","Fencing","Fencing Men's epee, Team",1936
"Olga Aleksandrovna Brusnikina","Russia","Synchronized Swimming","Synchronized Swimming Women's Duet",2000
"Olga Aleksandrovna Brusnikina","Russia","Synchronized Swimming","Synchronized Swimming Women's Team",2000
"Olga Aleksandrovna Brusnikina","Russia","Synchronized Swimming","Synchronized Swimming Women's Team",2004
"Ernesto Mario ""Enrico"" Brusoni","Italy","Cycling","Cycling Men's Points Race",1900
"Hkon Brusveen","Norway","Cross Country Skiing","Cross Country Skiing Men's 15 kilometres",1960
"Frdric-Albert Gustave Bruynseels","Edelweiss II-1","Sailing","Sailing Mixed 6 metres",1920
"Robert Charles ""Bob"" Bryan","United States-1","Tennis","Tennis Men's Doubles",2012
"Michael Carl ""Mike"" Bryan","United States-1","Tennis","Tennis Men's Doubles",2012
"Kobe Bean Bryant","United States","Basketball","Basketball Men's Basketball",2008
"Kobe Bean Bryant","United States","Basketball","Basketball Men's Basketball",2012
"George Philip ""Phil"" Bryant","United States","Archery","Archery Men's Double American Round",1904
"George Philip ""Phil"" Bryant","United States","Archery","Archery Men's Double York Round",1904
"Haakon Piro Bryhn","Norna","Sailing","Sailing Mixed 6 metres",1928
"Viktor Arkadiyovych Bryzhin","Soviet Union","Athletics","Athletics Men's 4 x 100 metres Relay",1988
"Olha Arkadivna Bryzhina (Vladykina-)","Soviet Union","Athletics","Athletics Women's 400 metres",1988
"Olha Arkadivna Bryzhina (Vladykina-)","Soviet Union","Athletics","Athletics Women's 4 x 400 metres Relay",1988
"Olha Arkadivna Bryzhina (Vladykina-)","Unified Team","Athletics","Athletics Women's 4 x 400 metres Relay",1992
"Jan Brzk-Felix","Czechoslovakia","Canoeing","Canoeing Men's Canadian Doubles, 1,000 metres",1936
"Jan Brzk-Felix","Czechoslovakia","Canoeing","Canoeing Men's Canadian Doubles, 1,000 metres",1948
"Karen Brdsgaard","Denmark","Handball","Handball Women's Handball",2000
"Karen Brdsgaard","Denmark","Handball","Handball Women's Handball",2004
"Serhiy Nazarovych ""Sergey"" Bubka","Soviet Union","Athletics","Athletics Men's Pole Vault",1988
"William Carl Buchan","United States","Sailing","Sailing Mixed Two Person Heavyweight Dinghy",1984
"William Earl Buchan, Sr.","United States","Sailing","Sailing Mixed Two Person Keelboat",1984
"John Buchanan","Hera-1","Sailing","Sailing Mixed 12 metres",1908
"Sharon Lee Buchanan-Patmore","Australia","Hockey","Hockey Women's Hockey",1988
"Georges Eugne William ""Go"" Buchard","France","Fencing","Fencing Men's epee, Team",1924
"Georges Eugne William ""Go"" Buchard","France","Fencing","Fencing Men's epee, Team",1932
"Charles von Buchwald","Denmark","Football","Football Men's Football",1906
"Craig Werner Buck","United States","Volleyball","Volleyball Men's Volleyball",1984
"Craig Werner Buck","United States","Volleyball","Volleyball Men's Volleyball",1988
"Claude Percival Buckenham","Upton Park FC","Football","Football Men's Football",1900
"George John Buckley","Devon and Somerset Wanderers","Cricket","Cricket Men's Cricket",1900
"Henry Cresswell Bucknall","Leander Club-1","Rowing","Rowing Men's Coxed Eights",1908
"William Quinn Buckner","United States","Basketball","Basketball Men's Basketball",1976
"Lszl II Budai (Bednarik)","Hungary","Football","Football Men's Football",1952
"Harold Boyce Budd, Jr.","United States","Rowing","Rowing Men's Coxed Eights",1964
"Richard Gordon McBride Budgett","Great Britain","Rowing","Rowing Men's Coxed Fours",1984
"Alexander Alan Budikusuma Wiratama","Indonesia","Badminton","Badminton Men's Singles",1992
"Rachel Marie Buehler (-Van Hollebeke)","United States","Football","Football Women's Football",2008
"Rachel Marie Buehler (-Van Hollebeke)","United States","Football","Football Women's Football",2012
"Ivans Bugajenkovs","Soviet Union","Volleyball","Volleyball Men's Volleyball",1964
"Ivans Bugajenkovs","Soviet Union","Volleyball","Volleyball Men's Volleyball",1968
"Charles G. Bugbee","Great Britain","Water Polo","Water Polo Men's Water Polo",1912
"Charles G. Bugbee","Great Britain","Water Polo","Water Polo Men's Water Polo",1920
"Caroline Casaretto","Germany","Hockey","Hockey Women's Hockey",2004
"Imre Bujdos","Hungary","Fencing","Fencing Men's Sabre, Team",1988
"Nikolay Petkov Bukhalov","Bulgaria","Canoeing","Canoeing Men's Canadian Singles, 500 metres",1992
"Nikolay Petkov Bukhalov","Bulgaria","Canoeing","Canoeing Men's Canadian Singles, 1,000 metres",1992
"Perica Buki","Yugoslavia","Water Polo","Water Polo Men's Water Polo",1984
"Perica Buki","Yugoslavia","Water Polo","Water Polo Men's Water Polo",1988
"Andrey Anatolyevich Bukin","Soviet Union-1","Figure Skating","Figure Skating Mixed Ice Dancing",1988
"Lyudmila Stepanovna Buldakova (Meshcheryakova-)","Soviet Union","Volleyball","Volleyball Women's Volleyball",1968
"Lyudmila Stepanovna Buldakova (Meshcheryakova-)","Soviet Union","Volleyball","Volleyball Women's Volleyball",1972
"Emilio Bulgarelli","Italy","Water Polo","Water Polo Men's Water Polo",1948
"Ivan Buljubai","Croatia","Water Polo","Water Polo Men's Water Polo",2012
"Jane Mary Elizabeth Bullen (-Holderness-Roddam)","Great Britain","Equestrianism","Equestrianism Mixed Three-Day Event, Team",1968
"Victoria Andrea ""Vicky"" Bullett","United States","Basketball","Basketball Women's Basketball",1988
"Maik Bullmann","Germany","Wrestling","Wrestling Men's Light-Heavyweight, Greco-Roman",1992
"Sergey Ivanovich Bulygin","Soviet Union","Biathlon","Biathlon Men's 4 x 7.5 kilometres Relay",1984
"Jaap Derk ""Jaap-Derk"" Buma","Netherlands","Hockey","Hockey Men's Hockey",2000
"Elen Rafaelovna Bunatyants-Shakirova","Unified Team","Basketball","Basketball Women's Basketball",1992
"Ahmed Naseer Bunda","Pakistan","Hockey","Hockey Men's Hockey",1960
"Wilfred Kipkemboi Bungei","Kenya","Athletics","Athletics Men's 800 metres",2008
"Carsten Bunk","East Germany","Rowing","Rowing Men's Quadruple Sculls",1980
"James Clark Bunten","Hera-1","Sailing","Sailing Mixed 12 metres",1908
"Diego Mario Buonanotte Rende","Argentina","Football","Football Men's Football",2008
"Pasquale Buonocore","Italy","Water Polo","Water Polo Men's Water Polo",1948
"Tejbir Bura","Nepal","Alpinism","Alpinism Mixed Alpinism",1924
"Hans Petter Buraas","Norway","Alpine Skiing","Alpine Skiing Men's Slalom",1998
"Viktor Volodymyrovych Burakov","Soviet Union","Athletics","Athletics Men's 4 x 400 metres Relay",1980
"Francis Romulus Burchell","Devon and Somerset Wanderers","Cricket","Cricket Men's Cricket",1900
"Lyubov Viktorovna Burda (-Andrianova)","Soviet Union","Gymnastics","Gymnastics Women's Team All-Around",1968
"Lyubov Viktorovna Burda (-Andrianova)","Soviet Union","Gymnastics","Gymnastics Women's Team All-Around",1972
"Cdric Burdet","France","Handball","Handball Men's Handball",2008
"Cornelius Lonzo Burdette","United States","Shooting","Shooting Men's Military Rifle, 200, 400, 500 and 600 metres, Team",1912
"Nicols Andrs Burdisso","Argentina","Football","Football Men's Football",2004
"Maurice Buret","France","Equestrianism","Equestrianism Men's Dressage, Team",1948
"Erna Brger","Germany","Gymnastics","Gymnastics Women's Team All-Around",1936
"Heinrich Burger","Germany","Figure Skating","Figure Skating Mixed Pairs",1908
"Edgar Richard Burgess","Leander Club-1","Rowing","Rowing Men's Coxed Eights",1912
"David George Brownlow Cecil Burghley","Great Britain","Athletics","Athletics Men's 400 metres Hurdles",1928
"Damir Buri","Croatia","Water Polo","Water Polo Men's Water Polo",2012
"Lynn Edythe Burke (-McConville)","United States","Swimming","Swimming Women's 100 metres Backstroke",1960
"Lynn Edythe Burke (-McConville)","United States","Swimming","Swimming Women's 4 x 100 metres Medley Relay",1960
"Steven James Burke","Great Britain","Cycling","Cycling Men's Team Pursuit, 4,000 metres",2012
"Steven James Burke","Great Britain","Cycling","Cycling Men's Team Pursuit, 4,000 metres",2016
"Thomas Edmund ""Tom"" Burke","United States","Athletics","Athletics Men's 100 metres",1896
"Thomas Edmund ""Tom"" Burke","United States","Athletics","Athletics Men's 400 metres",1896
"Peter Burling","New Zealand","Sailing","Sailing Men's Skiff",2016
"Thomas Christopher Burn","Great Britain","Football","Football Men's Football",1912
"Alphonse Adolph Burnand, Jr.","Angelita","Sailing","Sailing Mixed 8 metres",1932
"Charles Desborough Burnell","Leander Club-1","Rowing","Rowing Men's Coxed Eights",1908
"Richard Desborough ""Dickie"" Burnell","Great Britain","Rowing","Rowing Men's Double Sculls",1948
"Kevin Lobdell Burnham","United States","Sailing","Sailing Men's Two Person Dinghy",2004
"William Lawrie ""Billy"" Burns","Winnipeg Shamrocks-1","Lacrosse","Lacrosse Men's Lacrosse",1904
"Lauren Chantel Burns (-Muller)","Australia","Taekwondo","Taekwondo Women's Flyweight",2000
"Marc Burns","Trinidad and Tobago","Athletics","Athletics Men's 4 x 100 metres Relay",2008
"Nikolay Aleksandrovich Burobin","Soviet Union","Volleyball","Volleyball Men's Volleyball",1964
"Leslie Michele Burr-Howard (-Leneghan-)","United States","Equestrianism","Equestrianism Mixed Jumping, Team",1984
"Leroy Russell Burrell","United States","Athletics","Athletics Men's 4 x 100 metres Relay",1992
"Tom Eustace Burridge","Upton Park FC","Football","Football Men's Football",1900
"Jordan Ernest Burroughs","United States","Wrestling","Wrestling Men's Middleweight, Freestyle",2012
"Sean Patrick Burroughs","United States","Baseball","Baseball Men's Baseball",2000
"Michael Jay ""Mike"" Burton","United States","Swimming","Swimming Men's 400 metres Freestyle",1968
"Michael Jay ""Mike"" Burton","United States","Swimming","Swimming Men's 1,500 metres Freestyle",1968
"Michael Jay ""Mike"" Burton","United States","Swimming","Swimming Men's 1,500 metres Freestyle",1972
"Michael Jay ""Mike"" Burton","United States","Swimming","Swimming Men's 4 x 200 metres Freestyle Relay",1972
"Tom Burton","Australia","Sailing","Sailing Men's One Person Dinghy",2016
"Mikhail Ivanovich Burtsev","Soviet Union","Fencing","Fencing Men's Sabre, Team",1976
"Mikhail Ivanovich Burtsev","Soviet Union","Fencing","Fencing Men's Sabre, Team",1980
"Karl-Heinz Buert","East Germany","Rowing","Rowing Men's Quadruple Sculls",1976
"Lesley Leigh Bush (-Hickcox, -Makepeace)","United States","Diving","Diving Women's Platform",1964
"Bertram Herbert Thomas ""Bert"" Bushnell","Great Britain","Rowing","Rowing Men's Double Sculls",1948
"Viktor Georgiyevich Bushuyev","Soviet Union","Weightlifting","Weightlifting Men's Lightweight",1960
"Andro Bulje","Croatia","Water Polo","Water Polo Men's Water Polo",2012
"Crystl Irene Bustos","United States","Softball","Softball Women's Softball",2000
"Crystl Irene Bustos","United States","Softball","Softball Women's Softball",2004
"Aleksandr Anatolyevich Butko","Russia","Volleyball","Volleyball Men's Volleyball",2012
"Dean William Butler","Australia","Hockey","Hockey Men's Hockey",2004
"Guy Montagu Butler","Great Britain","Athletics","Athletics Men's 4 x 400 metres Relay",1920
"Jimmy Butler III","United States","Basketball","Basketball Men's Basketball",2016
"Lloyd LeMarr Butler","United States","Rowing","Rowing Men's Coxed Eights",1948
"Vyacheslav Gennadyevich Butsayev","Unified Team","Ice Hockey","Ice Hockey Men's Ice Hockey",1992
"Jahangir Ahmed Butt","Pakistan","Hockey","Hockey Men's Hockey",1968
"Richard Totten ""Dick"" Button","United States","Figure Skating","Figure Skating Men's Singles",1948
"Richard Totten ""Dick"" Button","United States","Figure Skating","Figure Skating Men's Singles",1952
"Jen Buznszky","Hungary","Football","Football Men's Football",1952
"Ilya Vladimirovich Byakin","Soviet Union","Ice Hockey","Ice Hockey Men's Ice Hockey",1988
"Karyn L. Bye (-Dietz)","United States","Ice Hockey","Ice Hockey Women's Ice Hockey",1998
"Oskar Wilhelm Bye","Norway","Gymnastics","Gymnastics Men's Team All-Around",1906
"Byeon Cheon-Sa","South Korea","Short Track Speed Skating","Short Track Speed Skating Women's 3,000 metres Relay",2006
"Anatoly Mikhaylovich Bykov","Soviet Union","Wrestling","Wrestling Men's Welterweight, Greco-Roman",1976
"Vyacheslav Arkadyevich ""Slava"" Bykov","Soviet Union","Ice Hockey","Ice Hockey Men's Ice Hockey",1988
"Vyacheslav Arkadyevich ""Slava"" Bykov","Unified Team","Ice Hockey","Ice Hockey Men's Ice Hockey",1992
"Anja Byrial Hansen (-Pedersen)","Denmark","Handball","Handball Women's Handball",1996
"James Andrew Byrnes","Canada","Rowing","Rowing Men's Coxed Eights",2008
"Jacob Walter ""Wally"" Byron","Canada","Ice Hockey","Ice Hockey Men's Ice Hockey",1920
"Lars Bystl","Norway","Ski Jumping","Ski Jumping Men's Normal Hill, Individual",2006
"Nuria Cabanillas Provencio","Spain","Rhythmic Gymnastics","Rhythmic Gymnastics Women's Group",1996
"Frederike Jacobie ""Mieke"" Cabout","Netherlands","Water Polo","Water Polo Women's Water Polo",2008
"Delfo Cabrera Gmez","Argentina","Athletics","Athletics Men's Marathon",1948
"Fermn Cacho Ruiz","Spain","Athletics","Athletics Men's 1,500 metres",1992
"Axel Vilhelm Teodor Cadier","Sweden","Wrestling","Wrestling Men's Light-Heavyweight, Greco-Roman",1936
"Ernest Cadine","France","Weightlifting","Weightlifting Men's Light-Heavyweight",1920
"Erin Jane Cafaro (-McKenzie)","United States","Rowing","Rowing Women's Coxed Eights",2008
"Erin Jane Cafaro (-McKenzie)","United States","Rowing","Rowing Women's Coxed Eights",2012
"Cai Yalin","China","Shooting","Shooting Men's Air Rifle, 10 metres",2000
"Cai Yun","China-1","Badminton","Badminton Men's Doubles",2012
"Carl Cecil Cain","United States","Basketball","Basketball Men's Basketball",1956
"Lawrence J. ""Larry"" Cain","Canada","Canoeing","Canoeing Men's Canadian Singles, 500 metres",1984
"Chiara Cainero","Italy","Shooting","Shooting Women's Skeet",2008
"Maureen Caird (-Jones)","Australia","Athletics","Athletics Women's 80 metres Hurdles",1968
"Asl akr (-Alptekin)","Turkey","Athletics","Athletics Women's 1,500 metres",2012
"David Cal Figueroa","Spain","Canoeing","Canoeing Men's Canadian Singles, 1,000 metres",2004
"Jordi Joan Calafat Estelrich","Spain","Sailing","Sailing Men's Two Person Dinghy",1992
"Paolo Caldarella","Italy","Water Polo","Water Polo Men's Water Polo",1992
"Mercedes Caldern Martnez","Cuba","Volleyball","Volleyball Women's Volleyball",1992
"Miguel Calds Luis","Cuba","Baseball","Baseball Men's Baseball",1996
"Hubert Augustus Caldwell (-Aspinwall)","United States","Rowing","Rowing Men's Coxed Eights",1928
"Joseph Louis ""Joe"" Caldwell","United States","Basketball","Basketball Men's Basketball",1964
"Lee Quincy Calhoun","United States","Athletics","Athletics Men's 110 metres Hurdles",1956
"Lee Quincy Calhoun","United States","Athletics","Athletics Men's 110 metres Hurdles",1960
"Irving Romaro Calkins","United States","Shooting","Shooting Men's Free Pistol, 50 yards, Team",1908
"Emmanuel Earl Callender","Trinidad and Tobago","Athletics","Athletics Men's 4 x 100 metres Relay",2008
"Facundo Callioni","Argentina","Hockey","Hockey Men's Hockey",2016
"Ashley John Callus","Australia","Swimming","Swimming Men's 4 x 100 metres Freestyle Relay",2000
"Jan aloun","Czech Republic","Ice Hockey","Ice Hockey Men's Ice Hockey",1998
"Irene Camber-Corno","Italy","Fencing","Fencing Women's Foil, Individual",1952
"Luigi Cambiaso","Italy","Gymnastics","Gymnastics Men's Team All-Around",1920
"Luigi Cambiaso","Italy","Gymnastics","Gymnastics Men's Team All-Around",1924
"John Archibald ""Jack"" Cameron","Canada","Ice Hockey","Ice Hockey Men's Ice Hockey",1924
"Michelle A. Cameron (-Coulter)","Canada","Synchronized Swimming","Synchronized Swimming Women's Duet",1988
"Werner Camichel","Switzerland-1","Bobsleigh","Bobsleigh Men's Four",1972
"Roberto Cammarelle","Italy","Boxing","Boxing Men's Super-Heavyweight",2008
"Alessandro ""Sandro"" Campagna","Italy","Water Polo","Water Polo Men's Water Polo",1992
"Loris Campana","Italy","Cycling","Cycling Men's Team Pursuit, 4,000 metres",1952
"Giovanni Cernogoraz","Croatia","Shooting","Shooting Men's Trap",2012
"Bronte Campbell","Australia","Swimming","Swimming Women's 4 x 100 metres Freestyle Relay",2016
"Cassie Dawin Campbell (-Pascall)","Canada","Ice Hockey","Ice Hockey Women's Ice Hockey",2002
"Cassie Dawin Campbell (-Pascall)","Canada","Ice Hockey","Ice Hockey Women's Ice Hockey",2006
"Cate Natalie Campbell","Australia","Swimming","Swimming Women's 4 x 100 metres Freestyle Relay",2012
"Cate Natalie Campbell","Australia","Swimming","Swimming Women's 4 x 100 metres Freestyle Relay",2016
"Charles Ralph Campbell","Cobweb-1","Sailing","Sailing Mixed 8 metres",1908
"Colin Herbert Campbell","Great Britain","Hockey","Hockey Men's Hockey",1920
"Darren Andrew Campbell","Great Britain","Athletics","Athletics Men's 4 x 100 metres Relay",2004
"Derrick Nathan Campbell","Canada","Short Track Speed Skating","Short Track Speed Skating Men's 5,000 metres Relay",1998
"George Herrold ""Doc"" Campbell","Canada","Lacrosse","Lacrosse Men's Lacrosse",1908
"Luke Campbell","Great Britain","Boxing","Boxing Men's Bantamweight",2012
"Milton Gray ""Milt"" Campbell","United States","Athletics","Athletics Men's Decathlon",1956
"Veronica Angella Campbell-Brown","Jamaica","Athletics","Athletics Women's 200 metres",2004
"Veronica Angella Campbell-Brown","Jamaica","Athletics","Athletics Women's 4 x 100 metres Relay",2004
"Veronica Angella Campbell-Brown","Jamaica","Athletics","Athletics Women's 200 metres",2008
"Alisa Peta Camplin (-Warner)","Australia","Freestyle Skiing","Freestyle Skiing Women's Aerials",2002
"Antonio Cmpolo","Uruguay","Football","Football Men's Football",1928
"Niccol Campriani","Italy","Shooting","Shooting Men's Small-Bore Rifle, Three Positions, 50 metres",2012
"Niccol Campriani","Italy","Shooting","Shooting Men's Air Rifle, 10 metres",2016
"Niccol Campriani","Italy","Shooting","Shooting Men's Small-Bore Rifle, Three Positions, 50 metres",2016
"Adhemar Canavessi","Uruguay","Football","Football Men's Football",1928
"Fabian Cancellara","Switzerland","Cycling","Cycling Men's Individual Time Trial",2008
"Fabian Cancellara","Switzerland","Cycling","Cycling Men's Individual Time Trial",2016
"douard Candeveau","Switzerland","Rowing","Rowing Men's Coxed Pairs",1924
"George Walter Canning","Great Britain","Tug-Of-War","Tug-Of-War Men's Tug-Of-War",1920
"Giovanni Canova","Italy","Fencing","Fencing Men's epee, Team",1920
"Fernand Canteloube","France","Cycling","Cycling Men's Road Race, Team",1920
"Ernesto Canto Gudio","Mexico","Athletics","Athletics Men's 20 kilometres Walk",1984
"Luigi ""Gino"" Cantone","Italy","Fencing","Fencing Men's epee, Individual",1948
"Cao Lei","China","Weightlifting","Weightlifting Women's Heavyweight",2008
"Cao Yuan","China","Diving","Diving Men's Synchronized Platform",2012
"Cao Yuan","China","Diving","Diving Men's Springboard",2016
"Frantiek apek","Czechoslovakia","Canoeing","Canoeing Men's Canadian Singles, 10,000 metres",1948
"Christophe Capelle","France","Cycling","Cycling Men's Team Pursuit, 4,000 metres",1996
"Nadine Capellmann (-Biffar-)","Germany","Equestrianism","Equestrianism Mixed Dressage, Team",2000
"Nadine Capellmann (-Biffar-)","Elvis Va","Equestrianism","Equestrianism Mixed Dressage, Team",2008
"Lee Capes (-Nobbs)","Australia","Hockey","Hockey Women's Hockey",1988
"Michelle Edith Capes-Hager","Australia","Hockey","Hockey Women's Hockey",1988
"Joaqun Capilla Prez","Mexico","Diving","Diving Men's Platform",1956
"Tranquilo Capozzo Zironda","Argentina","Rowing","Rowing Men's Double Sculls",1952
"Giulio Cappelli","Italy","Football","Football Men's Football",1936
"Jennifer Marie Capriati","United States","Tennis","Tennis Women's Singles",1992
"Oreste Capuzzo","Italy","Gymnastics","Gymnastics Men's Team All-Around",1932
"Sally May Carbon (-Bell)","Australia","Hockey","Hockey Women's Hockey",1988
"Rogrio Sampaio Cardoso","Brazil","Judo","Judo Men's Half-Lightweight",1992
"Mary Louise Carew (-Armstrong)","United States","Athletics","Athletics Women's 4 x 100 metres Relay",1932
"Kenneth Anton Carey","Angelita","Sailing","Sailing Mixed 8 metres",1932
"Richard John ""Rick"" Carey","United States","Swimming","Swimming Men's 100 metres Backstroke",1984
"Richard John ""Rick"" Carey","United States","Swimming","Swimming Men's 200 metres Backstroke",1984
"Richard John ""Rick"" Carey","United States","Swimming","Swimming Men's 4 x 100 metres Medley Relay",1984
"Jacques Cariou","France","Equestrianism","Equestrianism Men's Jumping, Individual",1912
"Antnio Carlos ""Carlo"" Aguilar Gouveia","Brazil","Volleyball","Volleyball Men's Volleyball",1992
"Carl Ehrenfried Carlberg","Sweden","Gymnastics","Gymnastics Men's Team All-Around, Swedish System",1912
"Gustaf Eric Carlberg","Sweden","Shooting","Shooting Men's Dueling Pistol, 30 metres, Team",1912
"Gustaf Eric Carlberg","Sweden","Shooting","Shooting Men's Small-Bore Rifle, Disappearing Target, 25 metres, Team",1912
"Gustaf Vilhelm Carlberg","Sweden","Shooting","Shooting Men's Dueling Pistol, 30 metres, Team",1912
"Gustaf Vilhelm Carlberg","Sweden","Shooting","Shooting Men's Small-Bore Rifle, Disappearing Target, 25 metres",1912
"Gustaf Vilhelm Carlberg","Sweden","Shooting","Shooting Men's Small-Bore Rifle, Disappearing Target, 25 metres, Team",1912
"Gustaf Fredrik Carln","Sweden","Athletics","Athletics Men's Cross-Country, Team",1912
"Laura Gabriela Crlescu-Badea","Romania","Fencing","Fencing Women's Foil, Individual",1996
"Arnaldo Carli","Italy","Cycling","Cycling Men's Team Pursuit, 4,000 metres",1920
"Conrad Marentius Carlsrud","Norway","Gymnastics","Gymnastics Men's Team All-Around",1906
"Nils Gustav Henry Carlsson","Sweden","Football","Football Men's Football",1948
"Phillip Patrick ""Phil"" Carmichael","Australasia","Rugby","Rugby Men's Rugby",1908
"Arthur Ashton Carnell","Great Britain","Shooting","Shooting Men's Small-Bore Rifle, Prone, 50 and 100 yards",1908
"Maurizio Carnino","Italy","Short Track Speed Skating","Short Track Speed Skating Men's 5,000 metres Relay",1994
"Carolina ""Carol"" Demartini de Albuquerque","Brazil","Volleyball","Volleyball Women's Volleyball",2008
"Bernard ""Berend"" Carp","Oranje","Sailing","Sailing Mixed 6.5 metres",1920
"Johan Robert ""Joop"" Carp","Oranje","Sailing","Sailing Mixed 6.5 metres",1920
"Luigi Arturo Carpaneda","Italy","Fencing","Fencing Men's Foil, Team",1956
"Gordon C. Carpenter","United States","Basketball","Basketball Men's Basketball",1948
"William Kenneth ""Ken"" Carpenter","United States","Athletics","Athletics Men's Discus Throw",1936
"Leonard Griswold Carpenter","United States","Rowing","Rowing Men's Coxed Eights",1924
"Helen Constance ""Connie"" Carpenter-Phinney","United States","Cycling","Cycling Women's Road Race, Individual",1984
"William Arthur ""Bill"" Carr","United States","Athletics","Athletics Men's 400 metres",1932
"William Arthur ""Bill"" Carr","United States","Athletics","Athletics Men's 4 x 400 metres Relay",1932
"William John ""Bill"" Carr","Vesper Boat Club","Rowing","Rowing Men's Coxed Eights",1900
"Catherine L. ""Cathy"" Carr (-West)","United States","Swimming","Swimming Women's 100 metres Breaststroke",1972
"Catherine L. ""Cathy"" Carr (-West)","United States","Swimming","Swimming Women's 4 x 100 metres Medley Relay",1972
"Richard John ""Dickie"" Carr","India","Hockey","Hockey Men's Hockey",1932
"Henry William Carr","United States","Athletics","Athletics Men's 200 metres",1964
"Henry William Carr","United States","Athletics","Athletics Men's 4 x 400 metres Relay",1964
"Kenneth Alan ""Kenny"" Carr","United States","Basketball","Basketball Men's Basketball",1976
"Sabin William Carr","United States","Athletics","Athletics Men's Pole Vault",1928
"Cecilia Carranza Saroli","Argentina","Sailing","Sailing Mixed Multihull",2016
"Sara Maree Carrigan","Australia","Cycling","Cycling Women's Road Race, Individual",2004
"Lisa Carrington","New Zealand","Canoeing","Canoeing Women's Kayak Singles, 200 metres",2012
"Lisa Carrington","New Zealand","Canoeing","Canoeing Women's Kayak Singles, 200 metres",2016
"Daniel Brendon ""Dan"" Carroll","Australasia","Rugby","Rugby Men's Rugby",1908
"Daniel Brendon ""Dan"" Carroll","United States","Rugby","Rugby Men's Rugby",1920
"Michael Carruth","Ireland","Boxing","Boxing Men's Welterweight",1992
"David Krynauw Enslin ""Dave"" Carstens","South Africa","Boxing","Boxing Men's Light-Heavyweight",1932
"Hamish Clive Carter","New Zealand","Triathlon","Triathlon Men's Olympic Distance",2004
"Jeffrey J. ""Jeff"" Carter","Canada","Ice Hockey","Ice Hockey Men's Ice Hockey",2014
"Michelle Denee Carter","United States","Athletics","Athletics Women's Shot Put",2016
"Nesta Carter","Jamaica","Athletics","Athletics Men's 4 x 100 metres Relay",2012
"Vincent Lamar ""Vince"" Carter","United States","Basketball","Basketball Men's Basketball",2000
"Nathaniel John ""Nate"" Cartmell","United States","Athletics","Athletics Men's 1,600 metres Medley Relay",1908
"Magalys Esther Carvajal Rivera","Cuba","Volleyball","Volleyball Women's Volleyball",1992
"Magalys Esther Carvajal Rivera","Cuba","Volleyball","Volleyball Women's Volleyball",1996
"Jol Casamayor Johnson","Cuba","Boxing","Boxing Men's Bantamweight",1992
"Oscar Casanovas","Argentina","Boxing","Boxing Men's Featherweight",1936
"Tudor Casapu","Unified Team","Weightlifting","Weightlifting Men's Middleweight",1992
"Fabio Casartelli","Italy","Cycling","Cycling Men's Road Race, Individual",1992
"Kellogg Kennon Venable Casey","United States","Shooting","Shooting Men's Military Rifle, 200/500/600/800/900/1,000 Yards, Team",1908
"Swintayla Marie ""Swin"" Cash","United States","Basketball","Basketball Women's Basketball",2004
"Swintayla Marie ""Swin"" Cash","United States","Basketball","Basketball Women's Basketball",2012
"Vra slavsk (-Odloilov)","Czechoslovakia","Gymnastics","Gymnastics Women's Individual All-Around",1964
"Vra slavsk (-Odloilov)","Czechoslovakia","Gymnastics","Gymnastics Women's Horse Vault",1964
"Vra slavsk (-Odloilov)","Czechoslovakia","Gymnastics","Gymnastics Women's Balance Beam",1964
"Vra slavsk (-Odloilov)","Czechoslovakia","Gymnastics","Gymnastics Women's Individual All-Around",1968
"Vra slavsk (-Odloilov)","Czechoslovakia","Gymnastics","Gymnastics Women's Floor Exercise",1968
"Vra slavsk (-Odloilov)","Czechoslovakia","Gymnastics","Gymnastics Women's Horse Vault",1968
"Vra slavsk (-Odloilov)","Czechoslovakia","Gymnastics","Gymnastics Women's Uneven Bars",1968
"Charlotte Caslick","Australia","Rugby Sevens","Rugby Sevens Women's Rugby Sevens",2016
"Gustav Casmir","Germany","Fencing","Fencing Men's Sabre, Individual, Three Hits",1906
"Gustav Casmir","Germany","Fencing","Fencing Men's Sabre, Team",1906
"Ernst Gustaf Casparsson","Sweden","Equestrianism","Equestrianism Men's Three-Day Event, Team",1912
"Andrea Cassar","Italy","Fencing","Fencing Men's Foil, Team",2004
"Andrea Cassar","Italy","Fencing","Fencing Men's Foil, Team",2012
"Ollan Conley Cassell","United States","Athletics","Athletics Men's 4 x 400 metres Relay",1964
"Harold Kennedy Cassels","Great Britain","Hockey","Hockey Men's Hockey",1920
"Igor Cassina","Italy","Gymnastics","Gymnastics Men's Horizontal Bar",2004
"Naomi Sandra Castle","Australia","Water Polo","Water Polo Women's Water Polo",2000
"Hctor Castro","Uruguay","Football","Football Men's Football",1928
"Tamika Devonne Catchings","United States","Basketball","Basketball Women's Basketball",2004
"Tamika Devonne Catchings","United States","Basketball","Basketball Women's Basketball",2008
"Tamika Devonne Catchings","United States","Basketball","Basketball Women's Basketball",2012
"Tamika Devonne Catchings","United States","Basketball","Basketball Women's Basketball",2016
"Ethel Hannah Catherwood (-McLaren, -Mitchell)","Canada","Athletics","Athletics Women's High Jump",1928
"George James Cattanach","Winnipeg Shamrocks-1","Lacrosse","Lacrosse Men's Lacrosse",1904
"Philippe Louis Eugne Cattiau","France","Fencing","Fencing Men's Foil, Team",1924
"Philippe Louis Eugne Cattiau","France","Fencing","Fencing Men's Foil, Team",1932
"Philippe Louis Eugne Cattiau","France","Fencing","Fencing Men's epee, Team",1932
"Jean Baptiste Albert Joseph Cau","Cercle de l'Aviron Roubaix-4","Rowing","Rowing Men's Coxed Fours",1900
"Tracy Ann Caulkins (-Stockwell)","United States","Swimming","Swimming Women's 200 metres Individual Medley",1984
"Tracy Ann Caulkins (-Stockwell)","United States","Swimming","Swimming Women's 400 metres Individual Medley",1984
"Tracy Ann Caulkins (-Stockwell)","United States","Swimming","Swimming Women's 4 x 100 metres Medley Relay",1984
"Roberto Diego Lorenzo Cavanagh y Hearne","Argentina","Polo","Polo Men's Polo",1936
"Christopher Carl ""Chris"" Cavanaugh","United States","Swimming","Swimming Men's 4 x 100 metres Freestyle Relay",1984
"Patrik avar","Croatia","Handball","Handball Men's Handball",1996
"Warren Jay ""Rex"" Cawley","United States","Athletics","Athletics Men's 400 metres Hurdles",1964
"Jos Pedro Cea Urriza","Uruguay","Football","Football Men's Football",1924
"Jos Pedro Cea Urriza","Uruguay","Football","Football Men's Football",1928
"Daniela Ceccarelli","Italy","Alpine Skiing","Alpine Skiing Women's Super G",2002
"Hjalmar Axel Fritz Cedercrona","Sweden","Gymnastics","Gymnastics Men's Team All-Around",1908
"Henry Carlos Cejudo","United States","Wrestling","Wrestling Men's Featherweight, Freestyle",2008
"Matthew Gerald ""Matt"" Centrowitz, Jr.","United States","Athletics","Athletics Men's 1,500 metres",2016
"Frederich Cepeda Cruz","Cuba","Baseball","Baseball Men's Baseball",2004
"Miroslav Cerar","Yugoslavia","Gymnastics","Gymnastics Men's Pommelled Horse",1964
"Miroslav Cerar","Yugoslavia","Gymnastics","Gymnastics Men's Pommelled Horse",1968
"Stefano Cerioni","Italy","Fencing","Fencing Men's Foil, Team",1984
"Stefano Cerioni","Italy","Fencing","Fencing Men's Foil, Individual",1988
"Andreas Cervin","Sweden","Gymnastics","Gymnastics Men's Team All-Around",1908
"Aldona esaityt-Nennien","Soviet Union","Handball","Handball Women's Handball",1976
"Aldona esaityt-Nennien","Soviet Union","Handball","Handball Women's Handball",1980
"Giorgio Cesana","Bucintoro Venezia-1","Rowing","Rowing Men's Coxed Pairs (1 kilometres)",1906
"Giorgio Cesana","Bucintoro Venezia","Rowing","Rowing Men's Coxed Pairs (1 mile)",1906
"Giorgio Cesana","Bucintoro Venezia","Rowing","Rowing Men's Coxed Fours",1906
"Vladislavas ""Vladas"" esinas","Soviet Union","Canoeing","Canoeing Men's Canadian Doubles, 1,000 metres",1972
"Matthew J. ""Matt"" Cetlinski","United States","Swimming","Swimming Men's 4 x 200 metres Freestyle Relay",1988
"Cha Jae-Gyeong","South Korea","Handball","Handball Women's Handball",1992
"Chae Ji-Hun","South Korea","Short Track Speed Skating","Short Track Speed Skating Men's 500 metres",1994
"Louis Chaillot","France","Cycling","Cycling Men's Tandem Sprint, 2,000 metres",1932
"Rakhim Ruslanovich Chakhkiyev","Russia","Boxing","Boxing Men's Heavyweight",2008
"Davit Gochayevich Chakvetadze","Russia","Wrestling","Wrestling Men's Light-Heavyweight, Greco-Roman",2016
"Alfred Ernest Chalk","Upton Park FC","Football","Football Men's Football",1900
"Kyle Chalmers","Australia","Swimming","Swimming Men's 100 metres Freestyle",2016
"Lori Christine Chalupny","United States","Football","Football Women's Football",2008
"Jacques Coutrot","France","Fencing","Fencing Men's Foil, Team",1924
"Harry Dwight Chamberlin","United States","Equestrianism","Equestrianism Men's Three-Day Event, Team",1932
"Carlton Chambers","Canada","Athletics","Athletics Men's 4 x 100 metres Relay",1996
"Henri Chammartin","Switzerland","Equestrianism","Equestrianism Mixed Dressage, Individual",1964
"Madeleine Chamot-Berthod","Switzerland","Alpine Skiing","Alpine Skiing Women's Downhill",1956
"Malcolm Eadie Champion","Australasia","Swimming","Swimming Men's 4 x 200 metres Freestyle Relay",1912
"Britton Chance, Sr.","Complex II","Sailing","Sailing Mixed 5.5 metres",1952
"Dhyan Chand Bais","India","Hockey","Hockey Men's Hockey",1928
"Dhyan Chand Bais","India","Hockey","Hockey Men's Hockey",1932
"Dhyan Chand Bais","India","Hockey","Hockey Men's Hockey",1936
"Charles Chandler","United States","Rowing","Rowing Men's Coxed Eights",1932
"Jennifer Kay Bellamy Chandler","United States","Diving","Diving Women's Springboard",1976
"Tyson Cleotis Chandler","United States","Basketball","Basketball Men's Basketball",2012
"Chang Hye-Jin","South Korea","Archery","Archery Women's Individual",2016
"Chang Hye-Jin","South Korea","Archery","Archery Women's Team",2016
"Valery Andreyevich Chaplygin","Soviet Union","Cycling","Cycling Men's 100 kilometres Team Time Trial",1976
"Frederick William Chapman","Great Britain","Football","Football Men's Football",1908
"Gary Arthur Chapman","Australia","Swimming","Swimming Men's 4 x 200 metres Freestyle Relay",1956
"James Wiliam ""Jimmy"" Chappell","Great Britain","Ice Hockey","Ice Hockey Men's Ice Hockey",1936
"Jean-Frdric Chapuis","France","Freestyle Skiing","Freestyle Skiing Men's Ski Cross",2014
"Peter Charles","Great Britain","Equestrianism","Equestrianism Mixed Jumping, Team",2012
"Tina Alexandria Charles","United States","Basketball","Basketball Women's Basketball",2012
"Tina Alexandria Charles","United States","Basketball","Basketball Women's Basketball",2016
"Yorelvis Charles Martnez","Cuba","Baseball","Baseball Men's Baseball",2004
"Charlot","Cercle de l'Aviron Roubaix-4","Rowing","Rowing Men's Coxed Fours",1900
"Andrew Murray ""Boy"" Charlton","Australia","Swimming","Swimming Men's 1,500 metres Freestyle",1924
"Thomas Jackson ""Tom"" Charlton, Jr.","United States","Rowing","Rowing Men's Coxed Eights",1956
"Carl Erik Charpentier","Sweden","Gymnastics","Gymnastics Men's Team All-Around, Swedish System",1920
"Robert Charpentier","France","Cycling","Cycling Men's Road Race, Individual",1936
"Robert Charpentier","France","Cycling","Cycling Men's Road Race, Team",1936
"Robert Charpentier","France","Cycling","Cycling Men's Team Pursuit, 4,000 metres",1936
"Isabelle Chartrand","Canada","Ice Hockey","Ice Hockey Women's Ice Hockey",2002
"Elizabeth ""Liz"" Chase","Zimbabwe","Hockey","Hockey Women's Hockey",1980
"Brandi Denise Chastain","United States","Football","Football Women's Football",1996
"Brandi Denise Chastain","United States","Football","Football Women's Football",2004
"Anne-Caroline Stphanie Chausson","France","Cycling","Cycling Women's BMX",2008
"Darvin Francisco Chvez Ramrez","Mexico","Football","Football Men's Football",2012
"Yuriy Volodymyrovych Cheban","Ukraine","Canoeing","Canoeing Men's Canadian Singles, 200 metres",2012
"Yuriy Volodymyrovych Cheban","Ukraine","Canoeing","Canoeing Men's Canadian Singles, 200 metres",2016
"Mauro Checcoli","Italy","Equestrianism","Equestrianism Mixed Three-Day Event, Individual",1964
"Mauro Checcoli","Italy","Equestrianism","Equestrianism Mixed Three-Day Event, Team",1964
"Jury Dimitri Chechi","Italy","Gymnastics","Gymnastics Men's Rings",1996
"William Joseph N. ""Joey"" Cheek","United States","Speed Skating","Speed Skating Men's 500 metres",2006
"Chandra Danette Cheeseborough (-Shellman, -Guice)","United States","Athletics","Athletics Women's 4 x 100 metres Relay",1984
"Chandra Danette Cheeseborough (-Shellman, -Guice)","United States","Athletics","Athletics Women's 4 x 400 metres Relay",1984
"Andrey Ivanovich Chemerkin","Russia","Weightlifting","Weightlifting Men's Super-Heavyweight",1996
"Chen Aisen","China","Diving","Diving Men's Platform",2016
"Chen Aisen","China","Diving","Diving Men's Synchronized Platform",2016
"Chen Ding","China","Athletics","Athletics Men's 20 kilometres Walk",2012
"Chen Jing","China","Table Tennis","Table Tennis Women's Singles",1988
"Chen Jing","China","Volleyball","Volleyball Women's Volleyball",2004
"Chen Long","China","Badminton","Badminton Men's Singles",2016
"Chen Longcan","China-1","Table Tennis","Table Tennis Men's Doubles",1988
"Chen Qi","China-1","Table Tennis","Table Tennis Men's Doubles",2004
"Chen Ruolin","China","Diving","Diving Women's Platform",2008
"Chen Ruolin","China","Diving","Diving Women's Synchronized Platform",2008
"Chen Ruolin","China","Diving","Diving Women's Platform",2012
"Chen Ruolin","China","Diving","Diving Women's Synchronized Platform",2012
"Chen Ruolin","China","Diving","Diving Women's Synchronized Platform",2016
"Chen Shih-Hsien","Chinese Taipei","Taekwondo","Taekwondo Women's Flyweight",2004
"Chen Weiqiang","China","Weightlifting","Weightlifting Men's Featherweight",1984
"Chen Xiaomin","China","Weightlifting","Weightlifting Women's Middleweight",2000
"Chen Xiexia","China","Weightlifting","Weightlifting Women's Flyweight",2008
"Chen Yanqing","China","Weightlifting","Weightlifting Women's Lightweight",2004
"Chen Yanqing","China","Weightlifting","Weightlifting Women's Lightweight",2008
"Chen Yibing","China","Gymnastics","Gymnastics Men's Team All-Around",2008
"Chen Yibing","China","Gymnastics","Gymnastics Men's Rings",2008
"Chen Yibing","China","Gymnastics","Gymnastics Men's Team All-Around",2012
"Chen Ying","China","Shooting","Shooting Women's Sporting Pistol, 25 metres",2008
"Chen Yueling","China","Athletics","Athletics Women's 10 kilometres Walk",1992
"Chen Zhong","China","Taekwondo","Taekwondo Women's Heavyweight",2000
"Chen Zhong","China","Taekwondo","Taekwondo Women's Heavyweight",2004
"Lauren Nicole Cheney (-Holiday)","United States","Football","Football Women's Football",2008
"Lauren Nicole Cheney (-Holiday)","United States","Football","Football Women's Football",2012
"Cheng Fei","China","Gymnastics","Gymnastics Women's Team All-Around",2008
"Yuliya Anatolyevna Chepalova","Russia","Cross Country Skiing","Cross Country Skiing Women's 30 kilometres",1998
"Yuliya Anatolyevna Chepalova","Russia","Cross Country Skiing","Cross Country Skiing Women's Sprint",2002
"Yuliya Anatolyevna Chepalova","Russia","Cross Country Skiing","Cross Country Skiing Women's 4 x 5 kilometres Relay",2006
"Sergey Vladimirovich Chepikov","Soviet Union","Biathlon","Biathlon Men's 4 x 7.5 kilometres Relay",1988
"Sergey Vladimirovich Chepikov","Russia","Biathlon","Biathlon Men's 10 kilometres Sprint",1994
"Oleksiy Valentynovych Cherednyk","Soviet Union","Football","Football Men's Football",1988
"Aleksey Borisovich Cheremisinov","Russia","Fencing","Fencing Men's Foil, Team",2016
"Yuliya Igorevna Chermoshanskaya","Russia","Athletics","Athletics Women's 4 x 100 metres Relay",2008
"Nikolay Nikolayevich Chernetsky","Soviet Union","Athletics","Athletics Men's 4 x 400 metres Relay",1980
"Lyudmila Alekseyevna Chernova (-Zenina)","Soviet Union","Athletics","Athletics Women's 4 x 400 metres Relay",1980
"Aleksandr Aleksandrovich Chernykh","Soviet Union","Ice Hockey","Ice Hockey Men's Ice Hockey",1988
"Vladimir Dmitriyevich Chernyshov","Soviet Union","Volleyball","Volleyball Men's Volleyball",1980
"Yevgeny Vasilyevich Chernyshov","Soviet Union","Handball","Handball Men's Handball",1976
"Lyudmila Georgiyevna Chernyshova (Prokoshina-)","Soviet Union","Volleyball","Volleyball Women's Volleyball",1980
"Emilee Cherry","Australia","Rugby Sevens","Rugby Sevens Women's Rugby Sevens",2016
"Vivian Jepkemoi Cheruiyot","Kenya","Athletics","Athletics Women's 5,000 metres",2016
"Lina Anatolyevna Cheryazova","Uzbekistan","Freestyle Skiing","Freestyle Skiing Women's Aerials",1994
"Alan Malcolm Chesney","New Zealand","Hockey","Hockey Men's Hockey",1976
"Yury Borisovich Chesnokov","Soviet Union","Volleyball","Volleyball Men's Volleyball",1964
"Bir Bahadur Chettri","India","Hockey","Hockey Men's Hockey",1980
"Bernard Marie  Chevallier","France","Equestrianism","Equestrianism Men's Three-Day Event, Individual",1948
"Giorgio Chiavacci","Italy","Fencing","Fencing Men's Foil, Team",1928
"Anna Vladimirovna Chicherova","Russia","Athletics","Athletics Women's High Jump",2012
"Alexandra ""Sandy"" Chick","Zimbabwe","Hockey","Hockey Women's Hockey",1980
"Vlada Aleksandrovna Chigiryova","Russia","Synchronized Swimming","Synchronized Swimming Women's Team",2016
"Rapael Chimishk'iani","Soviet Union","Weightlifting","Weightlifting Men's Featherweight",1952
"Zulfiya Salakharovna Chinshanlo","Kazakhstan","Weightlifting","Weightlifting Women's Featherweight",2012
"Aurica Chiri-Brscu","Romania","Rowing","Rowing Women's Coxed Eights",2004
"Sandro Cuomo","Italy","Fencing","Fencing Men's epee, Team",1996
"Nadezhda Vladimirovna Chizhova","Soviet Union","Athletics","Athletics Women's Shot Put",1972
"Cho Yun-Jeong","South Korea","Archery","Archery Women's Individual",1992
"Cho Yun-Jeong","South Korea","Archery","Archery Women's Team",1992
"Shota Chochishvili","Soviet Union","Judo","Judo Men's Half-Heavyweight",1972
"Choi Chol-Su","North Korea","Boxing","Boxing Men's Flyweight",1992
"Choi Eun-Gyeong","South Korea","Short Track Speed Skating","Short Track Speed Skating Women's 3,000 metres Relay",2002
"Choi Eun-Gyeong","South Korea","Short Track Speed Skating","Short Track Speed Skating Women's 3,000 metres Relay",2006
"Choi Hyeon-Ju","South Korea","Archery","Archery Women's Team",2012
"Choi Mi-Sun","South Korea","Archery","Archery Women's Team",2016
"Choi Min-Ho","South Korea","Judo","Judo Men's Extra-Lightweight",2008
"Choi Min-Kyung","South Korea","Short Track Speed Skating","Short Track Speed Skating Women's 3,000 metres Relay",2002
"Valdemaras Chomiius","Soviet Union","Basketball","Basketball Men's Basketball",1988
"Maialen Chourraut Yurramendi","Spain","Canoeing","Canoeing Women's Kayak Singles, Slalom",2016
"Lucien Eugne Choury","France","Cycling","Cycling Men's Tandem Sprint, 2,000 metres",1924
"Amy Yuen-Yee Chow (-Ho)","United States","Gymnastics","Gymnastics Women's Team All-Around",1996
"John Hansen Christensen","New Zealand","Hockey","Hockey Men's Hockey",1976
"Joss Christensen","United States","Freestyle Skiing","Freestyle Skiing Men's Slopestyle",2014
"William David ""Billy"" Christian","United States","Ice Hockey","Ice Hockey Men's Ice Hockey",1960
"David William ""Dave"" Christian","United States","Ice Hockey","Ice Hockey Men's Ice Hockey",1980
"Frederick William Christian","Devon and Somerset Wanderers","Cricket","Cricket Men's Cricket",1900
"Roger Allen ""Rog"" Christian","United States","Ice Hockey","Ice Hockey Men's Ice Hockey",1960
"Lauritz Christian Christiansen","Atlanta","Sailing","Sailing Mixed 12 metres",1920
"Mads Christiansen","Denmark","Handball","Handball Men's Handball",2016
"Linford Ecerio Christie","Great Britain","Athletics","Athletics Men's 100 metres",1992
"Otto Lorne Christman","Galt Football Club","Football","Football Men's Football",1904
"Steven Mark ""Steve"" Christoff","United States","Ice Hockey","Ice Hockey Men's Ice Hockey",1980
"Chu Mu-Yen","Chinese Taipei","Taekwondo","Taekwondo Men's Flyweight",2004
"Anatoliy Oleksiyovych Chukanov","Soviet Union","Cycling","Cycling Men's 100 kilometres Team Time Trial",1976
"Vyacheslav Mikhaylovich Chukanov","Soviet Union","Equestrianism","Equestrianism Mixed Jumping, Team",1980
"Viktor Ivanovych Chukarin","Soviet Union","Gymnastics","Gymnastics Men's Individual All-Around",1952
"Viktor Ivanovych Chukarin","Soviet Union","Gymnastics","Gymnastics Men's Team All-Around",1952
"Viktor Ivanovych Chukarin","Soviet Union","Gymnastics","Gymnastics Men's Horse Vault",1952
"Viktor Ivanovych Chukarin","Soviet Union","Gymnastics","Gymnastics Men's Pommelled Horse",1952
"Viktor Ivanovych Chukarin","Soviet Union","Gymnastics","Gymnastics Men's Individual All-Around",1956
"Viktor Ivanovych Chukarin","Soviet Union","Gymnastics","Gymnastics Men's Team All-Around",1956
"Viktor Ivanovych Chukarin","Soviet Union","Gymnastics","Gymnastics Men's Parallel Bars",1956
"Serhiy Oleksiyovych Chukhrai","Soviet Union","Canoeing","Canoeing Men's Kayak Fours, 1,000 metres",1976
"Serhiy Oleksiyovych Chukhrai","Soviet Union","Canoeing","Canoeing Men's Kayak Doubles, 500 metres",1980
"Serhiy Oleksiyovych Chukhrai","Soviet Union","Canoeing","Canoeing Men's Kayak Doubles, 1,000 metres",1980
"Clement Chukwu","Nigeria","Athletics","Athletics Men's 4 x 400 metres Relay",2000
"Igor Vladimirovich Chumak","Soviet Union","Handball","Handball Men's Handball",1988
"Igor Vladimirovich Chumak","Unified Team","Handball","Handball Men's Handball",1992
"Owen Porter Churchill","Angelita","Sailing","Sailing Mixed 8 metres",1932
"Oksana Aleksandrovna Chusovitina","Unified Team","Gymnastics","Gymnastics Women's Team All-Around",1992
"Mykola Fedorovych Chuzhykov","Soviet Union","Canoeing","Canoeing Men's Kayak Fours, 1,000 metres",1964
"Zygmunt Chycha","Poland","Boxing","Boxing Men's Welterweight",1952
"Csar Augusto Cielo Filho","Brazil","Swimming","Swimming Men's 50 metres Freestyle",2008
"Teresa Barbara Ciepy-Wieczorek","Poland","Athletics","Athletics Women's 4 x 100 metres Relay",1964
"Hannes Waldemar Cierpinski","East Germany","Athletics","Athletics Men's Marathon",1976
"Hannes Waldemar Cierpinski","East Germany","Athletics","Athletics Men's Marathon",1980
"Marco Cimatti","Italy","Cycling","Cycling Men's Team Pursuit, 4,000 metres",1932
"Gerd Cintl","Germany","Rowing","Rowing Men's Coxed Fours",1960
"Bruno Cipolla","Italy","Rowing","Rowing Men's Coxed Pairs",1968
"Peter M. ""Pete"" Cipollone","United States","Rowing","Rowing Men's Coxed Eights",2004
"Andrea Cipressa","Italy","Fencing","Fencing Men's Foil, Team",1984
"Cheick Sallah Ciss Junior","Cote d'Ivoire","Taekwondo","Taekwondo Men's Welterweight",2016
"Lothar Claesges","Germany","Cycling","Cycling Men's Team Pursuit, 4,000 metres",1964
"Edward ""Ed"" Clancy","Great Britain","Cycling","Cycling Men's Team Pursuit, 4,000 metres",2008
"Edward ""Ed"" Clancy","Great Britain","Cycling","Cycling Men's Team Pursuit, 4,000 metres",2012
"Edward ""Ed"" Clancy","Great Britain","Cycling","Cycling Men's Team Pursuit, 4,000 metres",2016
"Austin Rhone Clapp","United States","Swimming","Swimming Men's 4 x 200 metres Freestyle Relay",1928
"Ellery Harding Clark","United States","Athletics","Athletics Men's High Jump",1896
"Ellery Harding Clark","United States","Athletics","Athletics Men's Long Jump",1896
"Emory Wendell Clark, II","United States","Rowing","Rowing Men's Coxed Eights",1964
"Jay Clark, Jr.","United States","Shooting","Shooting Men's Trap, Team",1920
"Kelly Clark","United States","Snowboarding","Snowboarding Women's Halfpipe",2002
"Caroline Archer ""KK"" Clark","United States","Water Polo","Water Polo Women's Water Polo",2016
"Philip Corriston ""Phil"" Clark","United States","Rugby","Rugby Men's Rugby",1924
"Saskia Clark","Great Britain","Sailing","Sailing Women's Two Person Dinghy",2016
"Sherman Rockwell ""Sherm"" Clark","United States","Rowing","Rowing Men's Coxed Eights",1920
"Stephen Edward ""Steve"" Clark","United States","Swimming","Swimming Men's 4 x 200 metres Freestyle Relay",1960
"Stephen Edward ""Steve"" Clark","United States","Swimming","Swimming Men's 4 x 100 metres Medley Relay",1960
"Stephen Edward ""Steve"" Clark","United States","Swimming","Swimming Men's 4 x 100 metres Freestyle Relay",1964
"Stephen Edward ""Steve"" Clark","United States","Swimming","Swimming Men's 4 x 200 metres Freestyle Relay",1964
"Stephen Edward ""Steve"" Clark","United States","Swimming","Swimming Men's 4 x 100 metres Medley Relay",1964
"Joseph ""Joe"" Clarke","Great Britain","Canoeing","Canoeing Men's Kayak Singles, Slalom",2016
"Louis Alfred ""Pinky"" Clarke","United States","Athletics","Athletics Men's 4 x 100 metres Relay",1924
"Eldece Clarke-Lewis","Bahamas","Athletics","Athletics Women's 4 x 100 metres Relay",2000
"Scott Tyler Clary","United States","Swimming","Swimming Men's 200 metres Backstroke",2012
"Vronique Claudel","France","Biathlon","Biathlon Women's 3 x 7.5 kilometres Relay",1992
"Leslie Walter Claudius","India","Hockey","Hockey Men's Hockey",1948
"Leslie Walter Claudius","India","Hockey","Hockey Men's Hockey",1952
"Leslie Walter Claudius","India","Hockey","Hockey Men's Hockey",1956
"Anna Stefanie Nanny Fryland Clausen (-Fryland)","Denmark","Diving","Diving Women's Plain High",1920
"John Richard Clawson","United States","Basketball","Basketball Men's Basketball",1968
"Bryan Ezra Tsumoru Clay","United States","Athletics","Athletics Men's Decathlon",2008
"Cassius Marcellus Clay, Jr.","United States","Boxing","Boxing Men's Light-Heavyweight",1960
"Jacob Clear","Australia","Canoeing","Canoeing Men's Kayak Fours, 1,000 metres",2012
"Robert Barry ""Bobby"" Cleary, Sr.","United States","Ice Hockey","Ice Hockey Men's Ice Hockey",1960
"William John ""Bill"" Cleary, Jr.","United States","Ice Hockey","Ice Hockey Men's Ice Hockey",1960
"Norman Cleaveland","United States","Rugby","Rugby Men's Rugby",1924
"Tammy P. Cleland-McGregor","United States","Synchronized Swimming","Synchronized Swimming Women's Team",1996
"Elspeth Catherine Clement (Swain-, -Denning)","Australia","Hockey","Hockey Women's Hockey",1988
"Kerron Stephon Clement","United States","Athletics","Athletics Men's 4 x 400 metres Relay",2008
"Kerron Stephon Clement","United States","Athletics","Athletics Men's 400 metres Hurdles",2016
"Kyle Clemons","United States","Athletics","Athletics Men's 4 x 400 metres Relay",2016
"Robert John Clift","Great Britain","Hockey","Hockey Men's Hockey",1988
"Lewis Clive","Great Britain","Rowing","Rowing Men's Coxless Pairs",1932
"Edmond Cloetens","Belgium","Archery","Archery Men's Pole Archery, Large Birds, Individual",1920
"Edmond Cloetens","Belgium","Archery","Archery Men's Pole Archery, Small Birds, Team",1920
"Edmond Cloetens","Belgium","Archery","Archery Men's Pole Archery, Large Birds, Team",1920
"Robert Lynn ""Bob"" Clotworthy","United States","Diving","Diving Men's Springboard",1956
"George Cloutier","Winnipeg Shamrocks-1","Lacrosse","Lacrosse Men's Lacrosse",1904
"Lesaw mikiewicz","Poland","Football","Football Men's Football",1972
"Alice Marie Coachman (-Davis)","United States","Athletics","Athletics Women's High Jump",1948
"William Coales","Great Britain","Athletics","Athletics Men's 3 mile, Team",1908
"Barbara Ann Cochran (-Williams)","United States","Alpine Skiing","Alpine Skiing Women's Slalom",1972
"Commodore Shelton ""Com"" Cochran","United States","Athletics","Athletics Men's 4 x 400 metres Relay",1924
"Leroy Braxton ""Roy"" Cochran","United States","Athletics","Athletics Men's 400 metres Hurdles",1948
"Leroy Braxton ""Roy"" Cochran","United States","Athletics","Athletics Men's 4 x 400 metres Relay",1948
"Blair Onslow Cochrane","Cobweb-1","Sailing","Sailing Mixed 8 metres",1908
"William Hastings ""Bill"" Cockburn","Canada","Ice Hockey","Ice Hockey Men's Ice Hockey",1932
"Sebastian Newbold ""Seb"" Coe","Great Britain","Athletics","Athletics Men's 1,500 metres",1980
"Sebastian Newbold ""Seb"" Coe","Great Britain","Athletics","Athletics Men's 1,500 metres",1984
"Thomas Coe","Osborne Swimming Club, Manchester","Water Polo","Water Polo Men's Water Polo",1900
"Edmund Sloane ""Tad"" Coffin","United States","Equestrianism","Equestrianism Mixed Three-Day Event, Individual",1976
"Edmund Sloane ""Tad"" Coffin","United States","Equestrianism","Equestrianism Mixed Three-Day Event, Team",1976
"Veronica Cogeanu-Cochela","Romania","Rowing","Rowing Women's Coxed Eights",1996
"Veronica Cogeanu-Cochela","Romania","Rowing","Rowing Women's Coxed Eights",2000
"Mercedes Coghen Alberdingk-Thijm","Spain","Hockey","Hockey Women's Hockey",1992
"Ottavio Cogliati","Italy","Cycling","Cycling Men's 100 kilometres Team Time Trial",1960
"Nathan Cohen","New Zealand","Rowing","Rowing Men's Double Sculls",2012
"Tiffany Lisa Cohen (-Adams, -Lalonde)","United States","Swimming","Swimming Women's 400 metres Freestyle",1984
"Tiffany Lisa Cohen (-Adams, -Lalonde)","United States","Swimming","Swimming Women's 800 metres Freestyle",1984
"Trevor Ivan Coker","New Zealand","Rowing","Rowing Men's Coxed Eights",1972
"LaTasha Lavon Colander-Richardson (-Clark)","United States","Athletics","Athletics Women's 4 x 400 metres Relay",2000
"Paul Ren Colas","France","Shooting","Shooting Men's Free Rifle, Three Positions, 300 metres",1912
"Paul Ren Colas","France","Shooting","Shooting Men's Military Rifle, Any Position, 600 metres",1912
"Warren Joseph Cole","New Zealand","Rowing","Rowing Men's Coxed Fours",1968
"Georgia V. Coleman (-Gilson)","United States","Diving","Diving Women's Springboard",1932
"Robert Henry Schofield Coleman","Ancora","Sailing","Sailing Mixed 7 metres",1920
"Antonius Theodorus Colenbrander","Netherlands","Equestrianism","Equestrianism Men's Three-Day Event, Team",1924
"Jean Collas","Union des Socits Franais de Sports Athletiques","Rugby","Rugby Men's Rugby",1900
"Ernest John ""Ernie"" Collett","Canada","Ice Hockey","Ice Hockey Men's Ice Hockey",1924
"Rene Colliard (-Feraud)","Switzerland","Alpine Skiing","Alpine Skiing Women's Slalom",1956
"Charles Edgar Collignon","France","Fencing","Fencing Men's epee, Team",1908
"Albric Collin","Belgium","Art Competitions","Art Competitions Mixed Sculpturing",1920
"Andrea Collinelli","Italy","Cycling","Cycling Men's Individual Pursuit, 4,000 metres",1996
"Ross Hounsell Collinge","New Zealand","Rowing","Rowing Men's Coxed Fours",1968
"Zeno Col","Italy","Alpine Skiing","Alpine Skiing Men's Downhill",1952
"Fabricio Coloccini","Argentina","Football","Football Men's Football",2004
"Dario Alonzo Cologna","Switzerland","Cross Country Skiing","Cross Country Skiing Men's 15 kilometres",2010
"Dario Alonzo Cologna","Switzerland","Cross Country Skiing","Cross Country Skiing Men's 15 kilometres",2014
"Dario Alonzo Cologna","Switzerland","Cross Country Skiing","Cross Country Skiing Men's 30 km Skiathlon",2014
"Jrgen Colombo","West Germany","Cycling","Cycling Men's Team Pursuit, 4,000 metres",1972
"Mara Caridad Coln Ruees-Salazar","Cuba","Athletics","Athletics Women's Javelin Throw",1980
"Nadia Elena Comneci (-Conner)","Romania","Gymnastics","Gymnastics Women's Individual All-Around",1976
"Nadia Elena Comneci (-Conner)","Romania","Gymnastics","Gymnastics Women's Uneven Bars",1976
"Nadia Elena Comneci (-Conner)","Romania","Gymnastics","Gymnastics Women's Balance Beam",1976
"Nadia Elena Comneci (-Conner)","Romania","Gymnastics","Gymnastics Women's Floor Exercise",1980
"Nadia Elena Comneci (-Conner)","Romania","Gymnastics","Gymnastics Women's Balance Beam",1980
"Deborah Compagnoni","Italy","Alpine Skiing","Alpine Skiing Women's Super G",1992
"Deborah Compagnoni","Italy","Alpine Skiing","Alpine Skiing Women's Giant Slalom",1994
"Deborah Compagnoni","Italy","Alpine Skiing","Alpine Skiing Women's Giant Slalom",1998
"Robson Donato Conceio","Brazil","Boxing","Boxing Men's Lightweight",2016
"Gary Robert Conelly","United States","Swimming","Swimming Men's 4 x 100 metres Freestyle Relay",1972
"Gary Robert Conelly","United States","Swimming","Swimming Men's 4 x 200 metres Freestyle Relay",1972
"John ""Jack"" Conger","United States","Swimming","Swimming Men's 4 x 200 metres Freestyle Relay",2016
"Michael Alexander ""Mike"" Conley","United States","Athletics","Athletics Men's Triple Jump",1992
"Barthold Wayne ""Bart"" Conner","United States","Gymnastics","Gymnastics Men's Team All-Around",1984
"Barthold Wayne ""Bart"" Conner","United States","Gymnastics","Gymnastics Men's Parallel Bars",1984
"Harold Vincent ""Hal"" Connolly","United States","Athletics","Athletics Men's Hammer Throw",1956
"James Brendan Bennet Connolly","United States","Athletics","Athletics Men's Triple Jump",1896
"Adolfo Consolini","Italy","Athletics","Athletics Men's Discus Throw",1948
"Antonio Conte","Italy","Fencing","Fencing Men's Sabre, Masters, Individual",1900
"Luigi Contessi","Italy","Gymnastics","Gymnastics Men's Team All-Around",1920
"Francesca Cristiana Conti","Italy","Water Polo","Water Polo Women's Water Polo",2004
"Giacomo Luigi Conti","Italy-1","Bobsleigh","Bobsleigh Men's Two",1956
"Jos Ariel Contreras Camejo","Cuba","Baseball","Baseball Men's Baseball",1996
"Edward ""Ed"" Coode","Great Britain","Rowing","Rowing Men's Coxless Fours",2004
"Arthur Edwin ""Art"" Cook","United States","Shooting","Shooting Men's Small-Bore Rifle, Prone, 50 metres",1948
"Edward Tiffin ""Ed"" Cook, Jr.","United States","Athletics","Athletics Men's Pole Vault",1908
"Myrtle Alice Cook (-McGowan)","Canada","Athletics","Athletics Women's 4 x 100 metres Relay",1928
"Natalie Louise Cook","Australia-1","Beach Volleyball","Beach Volleyball Women's Beach Volleyball",2000
"Stephanie ""Steph"" Cook","Great Britain","Modern Pentathlon","Modern Pentathlon Women's Individual",2000
"Cecil George Cooke","Gem","Sailing","Sailing Mixed Two Person Keelboat",1964
"Harold Douglas R Cooke","Great Britain","Hockey","Hockey Men's Hockey",1920
"John Patrick Cooke","United States","Rowing","Rowing Men's Coxed Eights",1956
"Nicole Denise Cooke","Great Britain","Cycling","Cycling Women's Road Race, Individual",2008
"Andrew Dollman Cooper","Australia","Rowing","Rowing Men's Coxless Fours",1992
"William Hunting ""Bill"" Cooper","Angelita","Sailing","Sailing Mixed 8 metres",1932
"Bradford Paul ""Brad"" Cooper","Australia","Swimming","Swimming Men's 400 metres Freestyle",1972
"Charlotte Reinagle Cooper (-Sterry)","Great Britain","Tennis","Tennis Women's Singles",1900
"Charlotte Reinagle Cooper (-Sterry)","Great Britain","Tennis","Tennis Mixed Doubles",1900
"Cynthia Lynne Cooper (-Dyke)","United States","Basketball","Basketball Women's Basketball",1988
"Malcolm Douglas Cooper","Great Britain","Shooting","Shooting Men's Small-Bore Rifle, Three Positions, 50 metres",1984
"Malcolm Douglas Cooper","Great Britain","Shooting","Shooting Men's Small-Bore Rifle, Three Positions, 50 metres",1988
"Iztok op","Slovenia","Rowing","Rowing Men's Double Sculls",2000
"Katherine Sarah ""Kat"" Copeland","Great Britain","Rowing","Rowing Women's Lightweight Double Sculls",2012
"Lillian Copeland (Drossin-)","United States","Athletics","Athletics Women's Discus Throw",1932
"Robert Victor Joseph Coppe","Belgium","Football","Football Men's Football",1920
"Henri Pierre Coquelin de Lisle","France","Shooting","Shooting Men's Small-Bore Rifle, Prone, 50 metres",1924
"Sofia Corban-Banovici","Romania","Rowing","Rowing Women's Coxed Quadruple Sculls",1984
"Walter Samuel Corbett","Great Britain","Football","Football Men's Football",1908
"Kevin Cordes","United States","Swimming","Swimming Men's 4 x 100 metres Medley Relay",2016
"Otto Cordes","Germany","Water Polo","Water Polo Men's Water Polo",1928
"Giancarlo Cornaggia-Medici Peterbelli","Italy","Fencing","Fencing Men's epee, Team",1928
"Giancarlo Cornaggia-Medici Peterbelli","Italy","Fencing","Fencing Men's epee, Individual",1932
"Giancarlo Cornaggia-Medici Peterbelli","Italy","Fencing","Fencing Men's epee, Team",1936
"Torleiv Schibsted Corneliussen","Taifun","Sailing","Sailing Mixed 8 metres",1912
"Sheila Marie Cornell-Douty","United States","Softball","Softball Women's Softball",1996
"Sheila Marie Cornell-Douty","United States","Softball","Softball Women's Softball",2000
"mile Franois Cornellie","Edelweiss II-1","Sailing","Sailing Mixed 6 metres",1920
"Florimond Joseph Cornellie","Edelweiss II-1","Sailing","Sailing Mixed 6 metres",1920
"Harry Richard Corner","Devon and Somerset Wanderers","Cricket","Cricket Men's Cricket",1900
"George Thomson Cornet","Great Britain","Water Polo","Water Polo Men's Water Polo",1908
"George Thomson Cornet","Great Britain","Water Polo","Water Polo Men's Water Polo",1912
"Jos de Jess Corona Rodrguez","Mexico","Football","Football Men's Football",2012
"Emilio Correa Vaillant","Cuba","Boxing","Boxing Men's Welterweight",1972
"Marie Louise Corridon (-Mortell)","United States","Swimming","Swimming Women's 4 x 100 metres Freestyle Relay",1948
"Javier Corts Granados","Mexico","Football","Football Men's Football",2012
"Kreimir osi","Yugoslavia","Basketball","Basketball Men's Basketball",1980
"Marlenis Costa Blanco","Cuba","Volleyball","Volleyball Women's Volleyball",1992
"Marlenis Costa Blanco","Cuba","Volleyball","Volleyball Women's Volleyball",1996
"Marlenis Costa Blanco","Cuba","Volleyball","Volleyball Women's Volleyball",2000
"Tommaso Costantino","Italy","Fencing","Fencing Men's Foil, Team",1920
"Tommaso Costantino","Italy","Fencing","Fencing Men's epee, Team",1920
"Charles Gustave Lonce Coste","France","Cycling","Cycling Men's Team Pursuit, 4,000 metres",1948
"mile Louis Franois Dsir Coste","France","Fencing","Fencing Men's Foil, Individual",1900
"Paul Vincent Costello","United States","Rowing","Rowing Men's Double Sculls",1920
"Paul Vincent Costello","United States","Rowing","Rowing Men's Double Sculls",1924
"Paul Vincent Costello","United States","Rowing","Rowing Men's Double Sculls",1928
"Candace ""Candy"" Costie (-Burke, -Merrill)","United States","Synchronized Swimming","Synchronized Swimming Women's Duet",1984
"Gian Carlo Costigliolo","Italy","Gymnastics","Gymnastics Men's Team All-Around",1920
"Luigi Costigliolo","Italy","Gymnastics","Gymnastics Men's Team All-Around",1920
"John Farrow Cotton","United States","Baseball","Baseball Men's Baseball",2000
"Natalie Anne Coughlin (-Hall)","United States","Swimming","Swimming Women's 4 x 200 metres Freestyle Relay",2004
"Natalie Anne Coughlin (-Hall)","United States","Swimming","Swimming Women's 100 metres Backstroke",2004
"Natalie Anne Coughlin (-Hall)","United States","Swimming","Swimming Women's 100 metres Backstroke",2008
"Raymond Orville ""Ray"" Coulter","United States","Shooting","Shooting Men's Free Rifle, 400, 600 and 800 metres, Team",1924
"Melvin Grant ""Mel"" Counts","United States","Basketball","Basketball Men's Basketball",1964
"Didier Courrges","France","Equestrianism","Equestrianism Mixed Three-Day Event, Team",2004
"Thomas William ""Tom"" Courtney","United States","Athletics","Athletics Men's 800 metres",1956
"Thomas William ""Tom"" Courtney","United States","Athletics","Athletics Men's 4 x 400 metres Relay",1956
"DeMarcus Amir Cousins","United States","Basketball","Basketball Men's Basketball",2016
"Robin John Cousins","Great Britain","Figure Skating","Figure Skating Men's Singles",1980
"Alicia Jayne Coutts","Australia","Swimming","Swimming Women's 4 x 100 metres Freestyle Relay",2012
"Russell Coutts","New Zealand","Sailing","Sailing Mixed One Person Dinghy",1984
"Alberto Cova","Italy","Athletics","Athletics Men's 10,000 metres",1984
"Serghei Covaliov","Romania","Canoeing","Canoeing Men's Canadian Doubles, 1,000 metres",1968
"Mihai Claudiu Covaliu","Romania","Fencing","Fencing Men's Sabre, Individual",2000
"Kirsty Leigh Coventry (-Seward)","Zimbabwe","Swimming","Swimming Women's 200 metres Backstroke",2004
"Kirsty Leigh Coventry (-Seward)","Zimbabwe","Swimming","Swimming Women's 200 metres Backstroke",2008
"Alexander ""Sandy"" Cowan","Winnipeg Shamrocks-1","Lacrosse","Lacrosse Men's Lacrosse",1904
"John ""Johnny"" Coward","Great Britain","Ice Hockey","Ice Hockey Men's Ice Hockey",1936
"Gillian ""Gill"" Cowley","Zimbabwe","Hockey","Hockey Women's Hockey",1980
"Lionel Malvyne Cox","Australia","Cycling","Cycling Men's Tandem Sprint, 2,000 metres",1952
"Stephanie Renee Cox (Lopez-)","United States","Football","Football Women's Football",2008
"Colleen Coyne","United States","Ice Hockey","Ice Hockey Women's Ice Hockey",1998
"Clarence Linden ""Buster"" Crabbe, Jr.","United States","Swimming","Swimming Men's 400 metres Freestyle",1932
"James Edward Cracknell","Great Britain","Rowing","Rowing Men's Coxless Fours",2000
"James Edward Cracknell","Great Britain","Rowing","Rowing Men's Coxless Fours",2004
"Brian John Crago","Australia","Equestrianism","Equestrianism Men's Three-Day Event, Team",1960
"William Norval ""Bill"" Craig","United States","Swimming","Swimming Men's 4 x 100 metres Medley Relay",1964
"Robert Robertson ""Bob"" Craig","Australasia","Rugby","Rugby Men's Rugby",1908
"James Downey ""Jim"" Craig","United States","Ice Hockey","Ice Hockey Men's Ice Hockey",1980
"Kameryn Louise ""Kami"" Craig","United States","Water Polo","Water Polo Women's Water Polo",2012
"Kameryn Louise ""Kami"" Craig","United States","Water Polo","Water Polo Women's Water Polo",2016
"Ralph Cook Craig","United States","Athletics","Athletics Men's 100 metres",1912
"Ralph Cook Craig","United States","Athletics","Athletics Men's 200 metres",1912
"Christel Franziska Antonia ""Christl"" Cranz (-Borchers)","Germany","Alpine Skiing","Alpine Skiing Women's Combined",1936
"Lorraine Joyce Crapp (-Thurlow)","Australia","Swimming","Swimming Women's 400 metres Freestyle",1956
"Lorraine Joyce Crapp (-Thurlow)","Australia","Swimming","Swimming Women's 4 x 100 metres Freestyle Relay",1956
"Sal Craviotto Rivero","Spain","Canoeing","Canoeing Men's Kayak Doubles, 500 metres",2008
"Sal Craviotto Rivero","Spain","Canoeing","Canoeing Men's Kayak Doubles, 200 metres",2016
"Chandra Crawford","Canada","Cross Country Skiing","Cross Country Skiing Women's Sprint",2006
"Colin Grant Crawford","Great Britain","Alpinism","Alpinism Mixed Alpinism",1924
"Dean Crawford","Canada","Rowing","Rowing Men's Coxed Eights",1984
"Hasely Joachim Crawford","Trinidad and Tobago","Athletics","Athletics Men's 100 metres",1976
"Shannon Crawford","Canada","Rowing","Rowing Women's Coxed Eights",1992
"Shawn Crawford","United States","Athletics","Athletics Men's 200 metres",2004
"Robert Arnold Crawshaw","Osborne Swimming Club, Manchester","Water Polo","Water Polo Men's Water Polo",1900
"David William Crawshay","Australia","Rowing","Rowing Men's Double Sculls",2008
"Frederick ""Fred"" Cresser","Vesper Boat Club","Rowing","Rowing Men's Coxed Eights",1904
"Jean-Luc Crtier","France","Alpine Skiing","Alpine Skiing Men's Downhill",1998
"Charles William Henry Crichton","Dormy-1","Sailing","Sailing Mixed 6 metres",1908
"Sebastian Eduardo Crismanich","Argentina","Taekwondo","Taekwondo Men's Welterweight",2012
"Pierpaolo Cristofori","Italy","Modern Pentathlon","Modern Pentathlon Men's Team",1984
"Ian Lowell Crocker","United States","Swimming","Swimming Men's 4 x 100 metres Medley Relay",2000
"Ian Lowell Crocker","United States","Swimming","Swimming Men's 4 x 100 metres Medley Relay",2004
"Ian Lowell Crocker","United States","Swimming","Swimming Men's 4 x 100 metres Medley Relay",2008
"Joseph William ""Joe"" Crockett","United States","Shooting","Shooting Men's Free Rifle, 400, 600 and 800 metres, Team",1924
"Eric Bertram Crockford","Great Britain","Hockey","Hockey Men's Hockey",1920
"Norma Wilson Croker-Fleming","Australia","Athletics","Athletics Women's 4 x 100 metres Relay",1956
"Edward ""Eddie"" Crook, Jr.","United States","Boxing","Boxing Men's Middleweight",1960
"John Urquhart ""Jack"" Cropp","Jest","Sailing","Sailing Mixed Two Person Heavyweight Dinghy",1956
"Andrew ""Andy"" Crosby","Canada","Rowing","Rowing Men's Coxed Eights",1992
"Sidney Patrick Crosby","Canada","Ice Hockey","Ice Hockey Men's Ice Hockey",2010
"Sidney Patrick Crosby","Canada","Ice Hockey","Ice Hockey Men's Ice Hockey",2014
"Kendall Duane Cross","United States","Wrestling","Wrestling Men's Bantamweight, Freestyle",1996
"Martin Patrick Cross","Great Britain","Rowing","Rowing Men's Coxed Fours",1984
"Ryan Crouser","United States","Athletics","Athletics Men's Shot Put",2016
"Kimberley ""Kim"" Crow-Brennan","Australia","Rowing","Rowing Women's Single Sculls",2016
"Clifford Thomas ""Cliff"" Crowley","Canada","Ice Hockey","Ice Hockey Men's Ice Hockey",1932
"Jrgen Croy","East Germany","Football","Football Men's Football",1976
"Maurits Bourgon Crucq","Netherlands","Hockey","Hockey Men's Hockey",1996
"Joaquim Carvalho Cruz","Brazil","Athletics","Athletics Men's 800 metres",1984
"Ibolya Csk (-Kdr)","Hungary","Athletics","Athletics Women's High Jump",1936
"Gbor Csap","Hungary","Water Polo","Water Polo Men's Water Polo",1976
"Jzsef Csermk","Hungary","Athletics","Athletics Men's Hammer Throw",1952
"Tibor Csernai","Hungary","Football","Football Men's Football",1964
"Tibor Cservenyk","Hungary","Water Polo","Water Polo Men's Water Polo",1976
"Ferenc Csk (Lengvri-)","Hungary","Swimming","Swimming Men's 100 metres Freestyle",1936
"Tibor Csk","Hungary","Boxing","Boxing Men's Bantamweight",1948
"Ferenc Csipes","Hungary","Canoeing","Canoeing Men's Kayak Fours, 1,000 metres",1988
"Tamara Csipes","Hungary","Canoeing","Canoeing Women's Kayak Fours, 500 metres",2016
"Szilveszter Csollny","Hungary","Gymnastics","Gymnastics Men's Rings",2000
"Lszl Csongrdi","Hungary","Fencing","Fencing Men's Sabre, Team",1988
"Lajos Csords","Hungary","Football","Football Men's Football",1952
"Robert Jan ""Bob"" Ctvrtlik","United States","Volleyball","Volleyball Men's Volleyball",1988
"Patrick Cubaynes","France","Football","Football Men's Football",1984
"Vincenzo Cuccia","Italy","Fencing","Fencing Men's Sabre, Team",1924
"Alenka Cuderman","Yugoslavia","Handball","Handball Women's Handball",1984
"Collier Robert Cudmore","Magdalen College Boat Club-1","Rowing","Rowing Men's Coxless Fours",1908
"Jean Pierre Gaston Cugnot","France","Cycling","Cycling Men's Tandem Sprint, 2,000 metres",1924
"Milo uk","Serbia","Water Polo","Water Polo Men's Water Polo",2016
"Chay Crista Kerio Cullen","Great Britain","Hockey","Hockey Women's Hockey",2016
"Bernd Cullmann","Germany","Athletics","Athletics Men's 4 x 100 metres Relay",1960
"Yumileidi Cumb Jay","Cuba","Athletics","Athletics Women's Shot Put",2004
"Frederick William Cuming","Devon and Somerset Wanderers","Cricket","Cricket Men's Cricket",1900
"Edward McClellan ""Ned"" Cummins","Western Golf Association-1","Golf","Golf Men's Team",1904
"John Bruce Cuneo","Australia","Sailing","Sailing Mixed Three Person Keelboat",1972
"Lorne Campbell Currie","Scotia","Sailing","Sailing Mixed Open",1900
"Lorne Campbell Currie","Scotia","Sailing","Sailing Mixed 0.5-1 Ton",1900
"Robert Samuel ""Bob"" Curry","United States","Wrestling","Wrestling Men's Light-Flyweight, Freestyle",1904
"Denise Marie Curry","United States","Basketball","Basketball Women's Basketball",1984
"John Anthony Curry","Great Britain","Figure Skating","Figure Skating Men's Singles",1976
"Ann Elisabeth Curtis (-Cuneo)","United States","Swimming","Swimming Women's 400 metres Freestyle",1948
"Ann Elisabeth Curtis (-Cuneo)","United States","Swimming","Swimming Women's 4 x 100 metres Freestyle Relay",1948
"Thomas Pelham ""Tom"" Curtis","United States","Athletics","Athletics Men's 110 metres Hurdles",1896
"Juan Esteban Curuchet","Argentina","Cycling","Cycling Men's Madison",2008
"Elizabeth Alyse ""Betty"" Cuthbert","Australia","Athletics","Athletics Women's 100 metres",1956
"Elizabeth Alyse ""Betty"" Cuthbert","Australia","Athletics","Athletics Women's 200 metres",1956
"Elizabeth Alyse ""Betty"" Cuthbert","Australia","Athletics","Athletics Women's 4 x 100 metres Relay",1956
"Elizabeth Alyse ""Betty"" Cuthbert","Australia","Athletics","Athletics Women's 400 metres",1964
"Laura Cutina","Romania","Gymnastics","Gymnastics Women's Team All-Around",1984
"Angela Cutrone","Canada","Short Track Speed Skating","Short Track Speed Skating Women's 3,000 metres Relay",1992
"Stanley Francis ""Stan"" Cwiklinski","United States","Rowing","Rowing Men's Coxed Eights",1964
"Attila Czene","Hungary","Swimming","Swimming Men's 200 metres Individual Medley",1996
"Zoltn Czibor","Hungary","Football","Football Men's Football",1952
"Kinga Czigny","Hungary","Canoeing","Canoeing Women's Kayak Fours, 500 metres",1992
"Harald Czudaj","Germany-2","Bobsleigh","Bobsleigh Men's Four",1994
"Maciej Tomasz Czyowicz","Poland","Modern Pentathlon","Modern Pentathlon Men's Team",1992
"Andrs Nicols D'Alessandro","Argentina","Football","Football Men's Football",2004
"Giuseppe D'Altrui","Italy","Water Polo","Water Polo Men's Water Polo",1960
"Marco D'Altrui","Italy","Water Polo","Water Polo Men's Water Polo",1992
"William John ""Bill"" D'Amico","United States-2","Bobsleigh","Bobsleigh Men's Four",1948
"Victor Henry Augustus ""Vic"" d'Arcy","Great Britain","Athletics","Athletics Men's 4 x 100 metres Relay",1912
"Adhemar Ferreira da Silva","Brazil","Athletics","Athletics Men's Triple Jump",1952
"Adhemar Ferreira da Silva","Brazil","Athletics","Athletics Men's Triple Jump",1956
"Ali Reza Dabir","Iran","Wrestling","Wrestling Men's Featherweight, Freestyle",2000
"Dejan Dabovi","Yugoslavia","Water Polo","Water Polo Men's Water Polo",1968
"Sara Ilonka Dbritz","Germany","Football","Football Women's Football",2016
"Marek Roman Dbrowski","Poland","Fencing","Fencing Men's Foil, Team",1972
"Lars Andreas Dackell","Sweden","Ice Hockey","Ice Hockey Men's Ice Hockey",1994
"Ekaterina Stefanova Dafovska (-Prodanova)","Bulgaria","Biathlon","Biathlon Women's 15 kilometres",1998
"Timothy Patrick ""Tim"" Daggett","United States","Gymnastics","Gymnastics Men's Team All-Around",1984
"Mustafa Dastanl","Turkey","Wrestling","Wrestling Men's Bantamweight, Freestyle",1956
"Mustafa Dastanl","Turkey","Wrestling","Wrestling Men's Featherweight, Freestyle",1960
"Christopher Johan Steckmest Dahl","Elisabeth V","Sailing","Sailing Mixed 6 metres",1924
"Anna Viktoria Dahlberg-Olsson","Sweden","Cross Country Skiing","Cross Country Skiing Women's Team Sprint",2006
"Gunn Rita Dahle-Flesj","Norway","Cycling","Cycling Women's Mountainbike, Cross-Country",2004
"Sylvie Daigle","Canada","Short Track Speed Skating","Short Track Speed Skating Women's 3,000 metres Relay",1992
"Gordon Debenham Dailley","Great Britain","Ice Hockey","Ice Hockey Men's Ice Hockey",1936
"Ro Masivesi Dakuwaqa","Fiji","Rugby Sevens","Rugby Sevens Men's Rugby Sevens",2016
"Fabio Dal Zotto","Italy","Fencing","Fencing Men's Foil, Individual",1976
"Troy Lane Dalbey","United States","Swimming","Swimming Men's 4 x 100 metres Freestyle Relay",1988
"Troy Lane Dalbey","United States","Swimming","Swimming Men's 4 x 200 metres Freestyle Relay",1988
"Ji Daler","Czechoslovakia","Cycling","Cycling Men's Individual Pursuit, 4,000 metres",1964
"Phillip Peter ""Phil"" Dalhausser","United States-1","Beach Volleyball","Beach Volleyball Men's Beach Volleyball",2008
"Draen Dalipagi","Yugoslavia","Basketball","Basketball Men's Basketball",1980
"Gianfranco Dalla Barba","Italy","Fencing","Fencing Men's Sabre, Team",1984
"Lamberto Dalla Costa","Italy-1","Bobsleigh","Bobsleigh Men's Two",1956
"William Morris ""Bill"" Dally","United States","Rowing","Rowing Men's Coxed Eights",1928
"Jen Dalnoki","Hungary","Football","Football Men's Football",1952
"Chloe Elysha Dalton","Australia","Rugby Sevens","Rugby Sevens Women's Rugby Sevens",2016
"Meldric St. Clair daLuz Vieira","India","Hockey","Hockey Men's Hockey",1952
"Denis St. George Daly","Foxhunters Hurlingham","Polo","Polo Men's Polo",1900
"Georgeta Damian-Andrunache","Romania","Rowing","Rowing Women's Coxless Pairs",2000
"Georgeta Damian-Andrunache","Romania","Rowing","Rowing Women's Coxed Eights",2000
"Georgeta Damian-Andrunache","Romania","Rowing","Rowing Women's Coxless Pairs",2004
"Georgeta Damian-Andrunache","Romania","Rowing","Rowing Women's Coxed Eights",2004
"Georgeta Damian-Andrunache","Romania","Rowing","Rowing Women's Coxless Pairs",2008
"Angelo Damiano","Italy","Cycling","Cycling Men's Tandem Sprint, 2,000 metres",1964
"Maurizio Damilano","Italy","Athletics","Athletics Men's 20 kilometres Walk",1980
"Ludvk Dank","Czechoslovakia","Athletics","Athletics Men's Discus Throw",1972
"Eleanor Suzanne ""Ellie"" Daniel (-Drye)","United States","Swimming","Swimming Women's 4 x 100 metres Medley Relay",1968
"Karl-Heinz Danielowski","East Germany","Rowing","Rowing Men's Coxed Eights",1976
"Charles Meldrum ""Charlie"" Daniels","United States","Swimming","Swimming Men's 220 yard Freestyle",1904
"Charles Meldrum ""Charlie"" Daniels","United States","Swimming","Swimming Men's 440 yard Freestyle",1904
"Charles Meldrum ""Charlie"" Daniels","New York Athletic Club #1-1","Swimming","Swimming Men's 4 x 50 Yard Freestyle Relay",1904
"Charles Meldrum ""Charlie"" Daniels","United States","Swimming","Swimming Men's 100 metres Freestyle",1906
"Charles Meldrum ""Charlie"" Daniels","United States","Swimming","Swimming Men's 100 metres Freestyle",1908
"Egil Danielsen","Norway","Athletics","Athletics Men's Javelin Throw",1956
"Olga Valeryevna Danilova","Russia","Cross Country Skiing","Cross Country Skiing Women's 15 kilometres",1998
"Olga Valeryevna Danilova","Russia","Cross Country Skiing","Cross Country Skiing Women's 4 x 5 kilometres Relay",1998
"Pelageya Aleksandrovna Danilova (-Demirdzhiyan)","Soviet Union","Gymnastics","Gymnastics Women's Team All-Around",1952
"Rolf Danneberg","West Germany","Athletics","Athletics Men's Discus Throw",1984
"Alexandra Mary L. ""Alex"" Danson","Great Britain","Hockey","Hockey Women's Hockey",2016
"Dante Guimares Santos do Amaral","Brazil","Volleyball","Volleyball Men's Volleyball",2004
"Adrian Delano Dantley","United States","Basketball","Basketball Men's Basketball",1976
"Melodie Daoust","Canada","Ice Hockey","Ice Hockey Women's Ice Hockey",2014
"Tanvir Ahmad Dar","Pakistan","Hockey","Hockey Men's Hockey",1968
"Tauqir Dar","Pakistan","Hockey","Hockey Men's Hockey",1984
"Ali Iqtidar Shah Dara","India","Hockey","Hockey Men's Hockey",1936
"Charles Frick ""Chuck"" Darling","United States","Basketball","Basketball Men's Basketball",1956
"William Thomas ""Bill"" Darnton","United States","Swimming","Swimming Men's 4 x 200 metres Freestyle Relay",1960
"Tams Darnyi","Hungary","Swimming","Swimming Men's 200 metres Individual Medley",1988
"Tams Darnyi","Hungary","Swimming","Swimming Men's 400 metres Individual Medley",1988
"Tams Darnyi","Hungary","Swimming","Swimming Men's 200 metres Individual Medley",1992
"Tams Darnyi","Hungary","Swimming","Swimming Men's 400 metres Individual Medley",1992
"Georg Dascher","Germany","Handball","Handball Men's Handball",1936
"Svetlana Dai-Kiti","Yugoslavia","Handball","Handball Women's Handball",1984
"Uwe Daler","East Germany","Swimming","Swimming Men's 400 metres Freestyle",1988
"Jiichiro Date","Japan","Wrestling","Wrestling Men's Welterweight, Freestyle",1976
"Line Daugaard (-Widt Fruensgaard)","Denmark","Handball","Handball Women's Handball",2004
"Tamra Dauniene (Kaagina-)","Soviet Union","Basketball","Basketball Women's Basketball",1976
"Flemming Davanger","Norway","Curling","Curling Men's Curling",2002
"Lara Shiree Davenport","Australia","Swimming","Swimming Women's 4 x 200 metres Freestyle Relay",2008
"Lindsay Ann Davenport","United States","Tennis","Tennis Women's Singles",1996
"Wilbur D. ""Willie"" Davenport","United States","Athletics","Athletics Men's 110 metres Hurdles",1968
"John Gerald ""Gerry"" Davey","Great Britain","Ice Hockey","Ice Hockey Men's Ice Hockey",1936
"Franck Olivier Christian Franois David","France","Sailing","Sailing Men's Windsurfer",1992
"Bruce Oram Davidson","United States","Equestrianism","Equestrianism Mixed Three-Day Event, Team",1976
"Bruce Oram Davidson","United States","Equestrianism","Equestrianism Mixed Three-Day Event, Team",1984
"Caryn Davies","United States","Rowing","Rowing Women's Coxed Eights",2008
"Caryn Davies","United States","Rowing","Rowing Women's Coxed Eights",2012
"Christopher Davies","Great Britain","Sailing","Sailing Mixed Two Person Heavyweight Dinghy",1972
"Richard Allen ""Dick"" Davies","United States","Basketball","Basketball Men's Basketball",1964
"John Francis ""Jack"" Davies","Canada","Ice Hockey","Ice Hockey Men's Ice Hockey",1952
"John Griffith Davies","Australia","Swimming","Swimming Men's 200 metres Breaststroke",1952
"Lynn Davies","Great Britain","Athletics","Athletics Men's Long Jump",1964
"Patricia Joan ""Trish"" Davies","Zimbabwe","Hockey","Hockey Women's Hockey",1980
"Anthony Marshon Davis, Jr.","United States","Basketball","Basketball Men's Basketball",2012
"Walter Francis ""Buddy"" Davis","United States","Athletics","Athletics Men's High Jump",1952
"Glenn Ashby Davis","United States","Athletics","Athletics Men's 400 metres Hurdles",1956
"Glenn Ashby Davis","United States","Athletics","Athletics Men's 400 metres Hurdles",1960
"Glenn Ashby Davis","United States","Athletics","Athletics Men's 4 x 400 metres Relay",1960
"John Henry Davis, Jr.","United States","Weightlifting","Weightlifting Men's Heavyweight",1948
"John Henry Davis, Jr.","United States","Weightlifting","Weightlifting Men's Heavyweight",1952
"Joshua Clark ""Josh"" Davis","United States","Swimming","Swimming Men's 4 x 100 metres Freestyle Relay",1996
"Joshua Clark ""Josh"" Davis","United States","Swimming","Swimming Men's 4 x 200 metres Freestyle Relay",1996
"Joshua Clark ""Josh"" Davis","United States","Swimming","Swimming Men's 4 x 100 metres Medley Relay",1996
"Meryl Elizabeth Davis","United States-1","Figure Skating","Figure Skating Mixed Ice Dancing",2014
"Otis Crandall Davis","United States","Athletics","Athletics Men's 400 metres",1960
"Otis Crandall Davis","United States","Athletics","Athletics Men's 4 x 400 metres Relay",1960
"Francis Pierpont Davis","Angelita","Sailing","Sailing Mixed 8 metres",1932
"Roderick Hopkins ""Rod"" Davis","United States","Sailing","Sailing Mixed Three Person Keelboat",1984
"Shani Earl Davis","United States","Speed Skating","Speed Skating Men's 1,000 metres",2006
"Shani Earl Davis","United States","Speed Skating","Speed Skating Men's 1,000 metres",2010
"Victor Davis","Canada","Swimming","Swimming Men's 200 metres Breaststroke",1984
"Walter Paul Davis","United States","Basketball","Basketball Men's Basketball",1976
"Howard Edward Davis, Jr.","United States","Boxing","Boxing Men's Lightweight",1976
"Pauline Elaine Davis-Thompson","Bahamas","Athletics","Athletics Women's 200 metres",2000
"Pauline Elaine Davis-Thompson","Bahamas","Athletics","Athletics Women's 4 x 100 metres Relay",2000
"Vitaly Semyonovich Davydov","Soviet Union","Ice Hockey","Ice Hockey Men's Ice Hockey",1964
"Vitaly Semyonovich Davydov","Soviet Union","Ice Hockey","Ice Hockey Men's Ice Hockey",1968
"Vitaly Semyonovich Davydov","Soviet Union","Ice Hockey","Ice Hockey Men's Ice Hockey",1972
"Yevgeny Vitalyevich Davydov","Unified Team","Ice Hockey","Ice Hockey Men's Ice Hockey",1992
"Anastasiya Semyonovna Davydova","Russia","Synchronized Swimming","Synchronized Swimming Women's Duet",2004
"Anastasiya Semyonovna Davydova","Russia","Synchronized Swimming","Synchronized Swimming Women's Team",2004
"Anastasiya Semyonovna Davydova","Russia","Synchronized Swimming","Synchronized Swimming Women's Duet",2008
"Anastasiya Semyonovna Davydova","Russia","Synchronized Swimming","Synchronized Swimming Women's Team",2008
"Anastasiya Semyonovna Davydova","Russia","Synchronized Swimming","Synchronized Swimming Women's Team",2012
"Yelena Viktorovna Davydova (-Filatova)","Soviet Union","Gymnastics","Gymnastics Women's Individual All-Around",1980
"Yelena Viktorovna Davydova (-Filatova)","Soviet Union","Gymnastics","Gymnastics Women's Team All-Around",1980
"William ""Billy"" Dawe","Canada","Ice Hockey","Ice Hockey Men's Ice Hockey",1952
"Dominique Margaux Dawes (-Thompson)","United States","Gymnastics","Gymnastics Women's Team All-Around",1996
"Travis Sentell Dawkins","United States","Baseball","Baseball Men's Baseball",2000
"Peter Douglas Dawson","Australia","Cycling","Cycling Men's Team Pursuit, 4,000 metres",2004
"Charles Ward ""Chuck"" Day","United States","Rowing","Rowing Men's Coxed Eights",1936
"James E. ""Jim"" Day","Canada","Equestrianism","Equestrianism Mixed Jumping, Team",1968
"Gregory John ""Greg"" Dayman","New Zealand","Hockey","Hockey Men's Hockey",1976
"Giliante D'Este","Italy","Rowing","Rowing Men's Coxed Fours",1928
"Jos de Amzola y Aspiza","Spain","Basque Pelota","Basque Pelota Men's Two-Man Teams With Cesta",1900
"mile Roger de Thomas de Barbarin","France","Shooting","Shooting Men's Trap",1900
"Anna Maria Bernadette ""Det"" de Beus","Netherlands","Hockey","Hockey Women's Hockey",1984
"Jean De Bie","Belgium","Football","Football Men's Football",1920
"Merel Manon de Blaey","Netherlands","Hockey","Hockey Women's Hockey",2012
"Petrus Godefridus ""Piet"" de Brouwer","Netherlands","Archery","Archery Men's Target Archery, 28 metres, Team",1920
"Danille de Bruijn","Netherlands","Water Polo","Water Polo Women's Water Polo",2008
"Inge de Bruijn","Netherlands","Swimming","Swimming Women's 50 metres Freestyle",2000
"Inge de Bruijn","Netherlands","Swimming","Swimming Women's 100 metres Freestyle",2000
"Inge de Bruijn","Netherlands","Swimming","Swimming Women's 100 metres Butterfly",2000
"Inge de Bruijn","Netherlands","Swimming","Swimming Women's 50 metres Freestyle",2004
"Henri Jhan ric Joseph Marie de Buhan","France","Fencing","Fencing Men's Foil, Individual",1948
"Henri Jhan ric Joseph Marie de Buhan","France","Fencing","Fencing Men's Foil, Team",1948
"Henri Jhan ric Joseph Marie de Buhan","France","Fencing","Fencing Men's Foil, Team",1952
"Charles Pierre Frdy de Coubertin","Germany","Art Competitions","Art Competitions Mixed Literature",1912
"Guido De Felip","Italy","Rowing","Rowing Men's Coxed Pairs",1920
"Eva Roma Maria de Goede","Netherlands","Hockey","Hockey Women's Hockey",2008
"Eva Roma Maria de Goede","Netherlands","Hockey","Hockey Women's Hockey",2012
"Franois ""Frans"" De Haes","Belgium","Weightlifting","Weightlifting Men's Featherweight",1920
"Bob Johannes Carolus de Jong","Netherlands","Speed Skating","Speed Skating Men's 10,000 metres",2006
"Edmond De Knibber","Belgium","Archery","Archery Men's Target Archery, 33 metres, Team",1920
"Edmond De Knibber","Belgium","Archery","Archery Men's Target Archery, 50 metres, Team",1920
"Gerard Pieter de Kruijff","Netherlands","Equestrianism","Equestrianism Men's Three-Day Event, Team",1924
"Gerard Pieter de Kruijff","Netherlands","Equestrianism","Equestrianism Men's Three-Day Event, Team",1928
"Louis Verrant Gabriel Le Bailly de la Falaise","France","Fencing","Fencing Men's Sabre, Individual",1900
"Louis Verrant Gabriel Le Bailly de la Falaise","France","Fencing","Fencing Men's epee, Individual",1906
"Louis Verrant Gabriel Le Bailly de la Falaise","France","Fencing","Fencing Men's epee, Team",1906
"Oscar De La Hoya","United States","Boxing","Boxing Men's Lightweight",1992
"Carl Marie Paul Blanchet de la Sablire","L'Aile VI","Sailing","Sailing Mixed 8 metres",1928
"Leon De Lathouwer (-Hoogewijs)","Belgium","Cycling","Cycling Men's Road Race, Team",1948
"Elka de Levie (-Boas)","Netherlands","Gymnastics","Gymnastics Women's Team All-Around",1928
"Guy Julien Ernest Delage de Luget","France","Fencing","Fencing Men's Foil, Team",1924
"Luigi De Manincor","Italia","Sailing","Sailing Mixed 8 metres",1936
"Angelo De Martini","Italy","Cycling","Cycling Men's Team Pursuit, 4,000 metres",1924
"Jrme De Mayer","Belgium","Archery","Archery Men's Target Archery, 33 metres, Team",1920
"Jrme De Mayer","Belgium","Archery","Archery Men's Target Archery, 50 metres, Team",1920
"Teun Floris de Nooijer","Netherlands","Hockey","Hockey Men's Hockey",1996
"Teun Floris de Nooijer","Netherlands","Hockey","Hockey Men's Hockey",2000
"Luciano De Paolis","Italy-1","Bobsleigh","Bobsleigh Men's Two",1968
"Luciano De Paolis","Italy-1","Bobsleigh","Bobsleigh Men's Four",1968
"Francesco ""Franco"" De Piccoli","Italy","Boxing","Boxing Men's Heavyweight",1960
"Bernard Alexandre Georges Edmond de Pourtals","Lerina","Sailing","Sailing Mixed 1-2 Ton",1900
"Hlne de Pourtals (Barbey-)","Lerina","Sailing","Sailing Mixed 1-2 Ton",1900
"Hermann Alexandre de Pourtals","Lerina","Sailing","Sailing Mixed 1-2 Ton",1900
"George Frederick William de Relwyskow","Great Britain","Wrestling","Wrestling Men's Lightweight, Freestyle",1908
"Lisanne Freya de Roever","Netherlands","Hockey","Hockey Women's Hockey",2008
"Mino De Rossi","Italy","Cycling","Cycling Men's Team Pursuit, 4,000 metres",1952
"Jolanda de Rover (-Toussaint)","Netherlands","Swimming","Swimming Women's 200 metres Backstroke",1984
"Walter Louis Joseph de Sousa","India","Hockey","Hockey Men's Hockey",1948
"Donna Elizabeth de Varona (-Pinto)","United States","Swimming","Swimming Women's 4 x 100 metres Freestyle Relay",1960
"Donna Elizabeth de Varona (-Pinto)","United States","Swimming","Swimming Women's 4 x 100 metres Freestyle Relay",1964
"Donna Elizabeth de Varona (-Pinto)","United States","Swimming","Swimming Women's 400 metres Individual Medley",1964
"Liam Andrew De Young","Australia","Hockey","Hockey Men's Hockey",2004
"Maurilio De Zolt Lisabetta","Italy","Cross Country Skiing","Cross Country Skiing Men's 4 x 10 kilometres Relay",1994
"Joseph Edmund ""Joe"" Deakin","Great Britain","Athletics","Athletics Men's 3 mile, Team",1908
"Matt Deakin","United States","Rowing","Rowing Men's Coxed Eights",2004
"William Henry ""Billy"" Dean","Great Britain","Water Polo","Water Polo Men's Water Polo",1920
"Christopher Colin Dean","Great Britain-1","Figure Skating","Figure Skating Mixed Ice Dancing",1984
"Deena Diane Deardurff (-Schmidt)","United States","Swimming","Swimming Women's 4 x 100 metres Medley Relay",1972
"Harry Leopold DeBaecke","Vesper Boat Club","Rowing","Rowing Men's Coxed Eights",1900
"Rajmond Debevec","Slovenia","Shooting","Shooting Men's Small-Bore Rifle, Three Positions, 50 metres",2000
"Albert Paul Deborgies","France","Water Polo","Water Polo Men's Water Polo",1924
"Frdrik Edouard Robert ""Fred"" Deburghgraeve","Belgium","Swimming","Swimming Men's 100 metres Breaststroke",1996
"Fernand Julien Decanali","France","Cycling","Cycling Men's Team Pursuit, 4,000 metres",1948
"Albert Decaris","France","Art Competitions","Art Competitions Mixed Painting, Graphic Arts",1948
"Andreas Decker","East Germany","Rowing","Rowing Men's Coxless Fours",1976
"Andreas Decker","East Germany","Rowing","Rowing Men's Coxless Fours",1980
"Lucie Dcosse","France","Judo","Judo Women's Middleweight",2012
"Sara DeCosta (-Hayes)","United States","Ice Hockey","Ice Hockey Women's Ice Hockey",1998
"Edmond Albert Dcottignies","France","Weightlifting","Weightlifting Men's Lightweight",1924
"Cornlie Gilberte Marie Dcugis (Flameng-)","France","Tennis","Tennis Mixed Doubles",1906
"Maxime Omer Mathieu ""Max"" Omer-Dcugis","France","Tennis","Tennis Men's Singles",1906
"Maxime Omer Mathieu ""Max"" Omer-Dcugis","France","Tennis","Tennis Mixed Doubles",1906
"Maxime Omer Mathieu ""Max"" Omer-Dcugis","France","Tennis","Tennis Men's Doubles",1906
"Maxime Omer Mathieu ""Max"" Omer-Dcugis","France-3","Tennis","Tennis Mixed Doubles",1920
"Donald Francis ""Don"" Dee","United States","Basketball","Basketball Men's Basketball",1968
"Oskar Deecke","Germany","Hockey","Hockey Men's Hockey",2012
"Didier Dfago","Switzerland","Alpine Skiing","Alpine Skiing Men's Downhill",2010
"Meseret Defar Tola","Ethiopia","Athletics","Athletics Women's 5,000 metres",2004
"Meseret Defar Tola","Ethiopia","Athletics","Athletics Women's 5,000 metres",2012
"Gervasio Deferr ngel","Spain","Gymnastics","Gymnastics Men's Horse Vault",2000
"Gervasio Deferr ngel","Spain","Gymnastics","Gymnastics Men's Horse Vault",2004
"Vincent Franois Marie Defrasne","France","Biathlon","Biathlon Men's 12.5 kilometres Pursuit",2006
"James Frederick DeGale","Great Britain","Boxing","Boxing Men's Middleweight",2008
"Richard Kempster ""Dick"" Degener","United States","Diving","Diving Men's Springboard",1936
"Rudolf Reinhold Degermark","Sweden","Gymnastics","Gymnastics Men's Team All-Around",1908
"Jean Henri Deglane","France","Wrestling","Wrestling Men's Heavyweight, Greco-Roman",1924
"Dudley Sargent DeGroot","United States","Rugby","Rugby Men's Rugby",1924
"Aleksandr Vladimirovich Degtyaryov","Soviet Union","Canoeing","Canoeing Men's Kayak Fours, 1,000 metres",1976
"Inge Dekker","Netherlands","Swimming","Swimming Women's 4 x 100 metres Freestyle Relay",2008
"Frederick Charles ""Charlie"" Delahey","Canada","Ice Hockey","Ice Hockey Men's Ice Hockey",1928
"Ronald Michael ""Ronnie"" Delany","Ireland","Athletics","Athletics Men's 1,500 metres",1956
"Marcel Carlos Paul Gaston Delaplane (De la Plane-)","France","Rowing","Rowing Men's Single Sculls",1906
"Jean Joseph Delarge","Belgium","Boxing","Boxing Men's Welterweight",1924
"Nol Jean Delberghe","France","Water Polo","Water Polo Men's Water Polo",1924
"mile Henri Delchambre","Cercle de l'Aviron Roubaix-4","Rowing","Rowing Men's Coxed Fours",1900
"Stoyan Delchev","Bulgaria","Gymnastics","Gymnastics Men's Horizontal Bar",1980
"Louis Delcon","Belgium","Archery","Archery Men's Target Archery, 33 metres, Team",1920
"Louis Delcon","Belgium","Archery","Archery Men's Target Archery, 50 metres, Team",1920
"Megan Catherine Delehanty","Canada","Rowing","Rowing Women's Coxed Eights",1992
"Carlos Francisco Delfino","Argentina","Basketball","Basketball Men's Basketball",2004
"Giuseppe Delfino","Italy","Fencing","Fencing Men's epee, Team",1952
"Giuseppe Delfino","Italy","Fencing","Fencing Men's epee, Team",1956
"Giuseppe Delfino","Italy","Fencing","Fencing Men's epee, Individual",1960
"Giuseppe Delfino","Italy","Fencing","Fencing Men's epee, Team",1960
"Csar Fabin Delgado Godoy","Argentina","Football","Football Men's Football",2004
"Jos Ral Delgado Diez","Cuba","Baseball","Baseball Men's Baseball",1992
"Ricardo Delgado Nogales","Mexico","Boxing","Boxing Men's Flyweight",1968
"Mirza Delibai","Yugoslavia","Basketball","Basketball Men's Basketball",1980
"Giovanni Delise","Italy","Rowing","Rowing Men's Coxed Fours",1928
"Marcus Johannes Elizabeth Leopold ""Marc"" Delissen","Netherlands","Hockey","Hockey Men's Hockey",1996
"Elena Delle Donne","United States","Basketball","Basketball Women's Basketball",2016
"Jeroen Petrus Maria Delme","Netherlands","Hockey","Hockey Men's Hockey",1996
"Jeroen Petrus Maria Delme","Netherlands","Hockey","Hockey Men's Hockey",2000
"Gbor Lzsl Delneky","Hungary","Fencing","Fencing Men's Sabre, Team",1960
"Joseph Nathaniel ""Joe"" DeLoach, Jr.","United States","Athletics","Athletics Men's 200 metres",1988
"Frdric Delpla","France","Fencing","Fencing Men's epee, Team",1988
"Charles Jules Delporte","Belgium","Fencing","Fencing Men's epee, Individual",1924
"Yana Mykhailivna Dementieva","Ukraine","Rowing","Rowing Women's Quadruple Sculls",2012
"Yevgeny Aleksandrovich Dementyev","Russia","Cross Country Skiing","Cross Country Skiing Men's 30 km Skiathlon",2006
"Yelena Vyacheslavovna Dementyeva (-Afinogenova)","Russia","Tennis","Tennis Women's Singles",2008
"Yelizaveta Grigoryevna Dementyeva (-Pakhomenkova, -Kislova)","Soviet Union","Canoeing","Canoeing Women's Kayak Singles, 500 metres",1956
"Mahmut Demir","Turkey","Wrestling","Wrestling Men's Super-Heavyweight, Freestyle",1996
"William ""Bill"" Demong","United States","Nordic Combined","Nordic Combined Men's Large Hill / 10 km, Individual",2010
"Joseph Francis ""Joe"" Dempsey","Vesper Boat Club","Rowing","Rowing Men's Coxed Eights",1904
"Fedor Iwan den Hertog","Netherlands","Cycling","Cycling Men's 100 kilometres Team Time Trial",1968
"Willemijntje ""Willy"" den Ouden (-Broms, -Jager, -Schupper)","Netherlands","Swimming","Swimming Women's 4 x 100 metres Freestyle Relay",1936
"Antoine Dnriaz","France","Alpine Skiing","Alpine Skiing Men's Downhill",2006
"Deng Linlin","China","Gymnastics","Gymnastics Women's Team All-Around",2008
"Deng Linlin","China","Gymnastics","Gymnastics Women's Balance Beam",2012
"Deng Wei","China","Weightlifting","Weightlifting Women's Middleweight",2016
"Deng Yaping","China","Table Tennis","Table Tennis Women's Singles",1992
"Deng Yaping","China-2","Table Tennis","Table Tennis Women's Doubles",1992
"Deng Yaping","China","Table Tennis","Table Tennis Women's Singles",1996
"Deng Yaping","China-1","Table Tennis","Table Tennis Women's Doubles",1996
"Clara ""Clare"" Dennis (-Golding)","Australia","Swimming","Swimming Women's 200 metres Breaststroke",1932
"Simon John Dennis","Great Britain","Rowing","Rowing Men's Coxed Eights",2000
"Joseph Nicholas ""Joe"" DePietro","United States","Weightlifting","Weightlifting Men's Bantamweight",1948
"John Henry ""Rob"" Derbyshire","Great Britain","Swimming","Swimming Men's 4 x 200 metres Freestyle Relay",1908
"Inna Vasilyevna Deriglazova","Russia","Fencing","Fencing Women's Foil, Individual",2016
"Ivan Kostiantynovych Deriuhin","Soviet Union","Modern Pentathlon","Modern Pentathlon Men's Team",1956
"DeMar Darnell DeRozan","United States","Basketball","Basketball Men's Basketball",2016
"Andr Louis Marie Derrien","L'Aile VI","Sailing","Sailing Mixed 8 metres",1928
"Hans F. Dersch","United States","Swimming","Swimming Men's 4 x 100 metres Medley Relay",1992
"Chinadorai Deshmutu","India","Hockey","Hockey Men's Hockey",1952
"Ulise Joseph ""Pete"" Desjardins","United States","Diving","Diving Men's Springboard",1928
"Ulise Joseph ""Pete"" Desjardins","United States","Diving","Diving Men's Platform",1928
"Joseph-tienne Desmarteau (Birtz-)","Canada","Athletics","Athletics Men's 56-pound Weight Throw",1904
"Robert Desmettre","France","Water Polo","Water Polo Men's Water Polo",1924
"Jean Sylvain Despeaux","France","Boxing","Boxing Men's Middleweight",1936
"Marcel Cyr Desprets","France","Fencing","Fencing Men's epee, Team",1948
"Georges Henri Dtreille","France","Cycling","Cycling Men's Road Race, Team",1920
"Robert Milan ""Bob"" Detweiler","United States","Rowing","Rowing Men's Coxed Eights",1952
"Michael Aloysius ""Mike"" Devaney","United States","Athletics","Athletics Men's 3,000 metres, Team",1920
"Charles Devendeville","France","Swimming","Swimming Men's Underwater Swimming",1900
"Robert Humphrey Coleman ""Bob"" Devereaux","United States","Rugby","Rugby Men's Rugby",1924
"Yolanda Gail L. Devers (-Roberts)","United States","Athletics","Athletics Women's 100 metres",1992
"Yolanda Gail L. Devers (-Roberts)","United States","Athletics","Athletics Women's 100 metres",1996
"Yolanda Gail L. Devers (-Roberts)","United States","Athletics","Athletics Women's 4 x 100 metres Relay",1996
"John Thomas Devitt","Australia","Swimming","Swimming Men's 4 x 200 metres Freestyle Relay",1956
"John Thomas Devitt","Australia","Swimming","Swimming Men's 100 metres Freestyle",1960
"Marlon Ronald Devonish","Great Britain","Athletics","Athletics Men's 4 x 100 metres Relay",2004
"Mikhail Talgatovich Devyatyarov","Soviet Union","Cross Country Skiing","Cross Country Skiing Men's 15 kilometres",1988
"Kazimierz Deyna","Poland","Football","Football Men's Football",1972
"Walter Ignace D'Hondt","Canada","Rowing","Rowing Men's Coxless Fours",1956
"Pierre Georges Louis Gaston d'Hugues","France","Fencing","Fencing Men's epee, Team",1906
"Raimondo D'Inzeo","Italy","Equestrianism","Equestrianism Mixed Jumping, Individual",1960
"Giuseppe Di Capua","Italy","Rowing","Rowing Men's Coxed Pairs",1984
"Giuseppe Di Capua","Italy","Rowing","Rowing Men's Coxed Pairs",1988
"Giorgio Di Centa","Italy","Cross Country Skiing","Cross Country Skiing Men's 50 kilometres",2006
"Giorgio Di Centa","Italy","Cross Country Skiing","Cross Country Skiing Men's 4 x 10 kilometres Relay",2006
"Manuela Di Centa","Italy","Cross Country Skiing","Cross Country Skiing Women's 15 kilometres",1994
"Manuela Di Centa","Italy","Cross Country Skiing","Cross Country Skiing Women's 30 kilometres",1994
"Roberto Di Donna","Italy","Shooting","Shooting Men's Air Pistol, 10 metres",1996
"Elisa Di Francisca","Italy","Fencing","Fencing Women's Foil, Individual",2012
"Elisa Di Francisca","Italy","Fencing","Fencing Women's Foil, Team",2012
"ngel Fabin Di Mara Hernndez","Argentina","Football","Football Men's Football",2008
"Tania Di Mario","Italy","Water Polo","Water Polo Women's Water Polo",2004
"Manlio Di Rosa","Italy","Fencing","Fencing Men's Foil, Team",1936
"Manlio Di Rosa","Italy","Fencing","Fencing Men's Foil, Team",1956
"Michael Constantine Diamond (Diamondopoulous-)","Australia","Shooting","Shooting Men's Trap",1996
"Michael Constantine Diamond (Diamondopoulous-)","Australia","Shooting","Shooting Men's Trap",2000
"Flix Manuel Daz Guzmn","Dominican Republic","Boxing","Boxing Men's Light-Welterweight",2008
"Giorge Daz Loren","Cuba","Baseball","Baseball Men's Baseball",1992
"Manuel Dionisio Daz Martnez","Cuba","Fencing","Fencing Men's Foil, Team",1904
"Manuel Dionisio Daz Martnez","Cuba","Fencing","Fencing Men's Sabre, Individual",1904
"Vasile Dba","Romania","Canoeing","Canoeing Men's Kayak Singles, 500 metres",1976
"Tirunesh Dibaba Keneni","Ethiopia","Athletics","Athletics Women's 5,000 metres",2008
"Tirunesh Dibaba Keneni","Ethiopia","Athletics","Athletics Women's 10,000 metres",2008
"Tirunesh Dibaba Keneni","Ethiopia","Athletics","Athletics Women's 10,000 metres",2012
"Viggo Valdemar Dibbern","Denmark","Gymnastics","Gymnastics Men's Team All-Around, Free System",1920
"Klaus Dibiasi","Italy","Diving","Diving Men's Platform",1968
"Klaus Dibiasi","Italy","Diving","Diving Men's Platform",1972
"Klaus Dibiasi","Italy","Diving","Diving Men's Platform",1976
"Andreas Dibowski","Germany","Equestrianism","Equestrianism Mixed Three-Day Event, Team",2008
"George Thomas DiCarlo","United States","Swimming","Swimming Men's 400 metres Freestyle",1984
"William Eugene ""Billy"" Dickey","United States","Swimming","Swimming Men's Plunge For Distance",1904
"Simon Charles Dickie","New Zealand","Rowing","Rowing Men's Coxed Fours",1968
"Simon Charles Dickie","New Zealand","Rowing","Rowing Men's Coxed Eights",1972
"Robert Bruce Dickson","Canada","Ice Hockey","Ice Hockey Men's Ice Hockey",1952
"William Edgar Exshaw","Olle","Sailing","Sailing Mixed 2-3 Ton",1900
"Valery Antonovich Didenko","Soviet Union","Canoeing","Canoeing Men's Kayak Fours, 1,000 metres",1972
"William Edgar Exshaw","Olle","Sailing","Sailing Mixed 2-3 Ton",1900
"Mildred Ella ""Babe"" Didrikson (Didriksen-, -Zaharias)","United States","Athletics","Athletics Women's 80 metres Hurdles",1932
"Mildred Ella ""Babe"" Didrikson (Didriksen-, -Zaharias)","United States","Athletics","Athletics Women's Javelin Throw",1932
"Nelson W. Diebel","United States","Swimming","Swimming Men's 100 metres Breaststroke",1992
"Nelson W. Diebel","United States","Swimming","Swimming Men's 4 x 100 metres Medley Relay",1992
"Gottfried Diener","Switzerland-1","Bobsleigh","Bobsleigh Men's Four",1956
"Ines Diers (-Noack)","East Germany","Swimming","Swimming Women's 400 metres Freestyle",1980
"Ines Diers (-Noack)","East Germany","Swimming","Swimming Women's 4 x 100 metres Freestyle Relay",1980
"Eckart Diesch","West Germany","Sailing","Sailing Mixed Two Person Heavyweight Dinghy",1976
"Jrg Diesch","West Germany","Sailing","Sailing Mixed Two Person Heavyweight Dinghy",1976
"Ullrich Diener","East Germany","Rowing","Rowing Men's Coxed Fours",1980
"Walter Diener","East Germany","Rowing","Rowing Men's Coxed Fours",1980
"Wilfried Dietrich","Germany","Wrestling","Wrestling Men's Heavyweight, Freestyle",1960
"George John Dietz","Century Boat Club-1","Rowing","Rowing Men's Coxless Fours",1904
"John A. Dietz","United States","Shooting","Shooting Men's Free Pistol, 50 yards, Team",1908
"John A. Dietz","United States","Shooting","Shooting Men's Free Pistol, 50 metres, Team",1912
"Tina Dietze","Germany","Canoeing","Canoeing Women's Kayak Doubles, 500 metres",2012
"Alex Walter Diggelmann","Switzerland","Art Competitions","Art Competitions Mixed Painting, Applied Arts",1936
"Sjoukje Rosalinde Dijkstra (-Kossmayer)","Netherlands","Figure Skating","Figure Skating Women's Singles",1964
"Wieke Elisabeth Henritte Dijkstra","Netherlands","Hockey","Hockey Women's Hockey",2008
"Robert Dill-Bundi","Switzerland","Cycling","Cycling Men's Individual Pursuit, 4,000 metres",1980
"William Harrison Dillard","United States","Athletics","Athletics Men's 100 metres",1948
"William Harrison Dillard","United States","Athletics","Athletics Men's 4 x 100 metres Relay",1948
"William Harrison Dillard","United States","Athletics","Athletics Men's 110 metres Hurdles",1952
"William Harrison Dillard","United States","Athletics","Athletics Men's 4 x 100 metres Relay",1952
"Angus F. ""Gus"" Dillon","Canada","Lacrosse","Lacrosse Men's Lacrosse",1908
"Georges Arthur Dillon-Kavanagh du Fertagh","France","Fencing","Fencing Men's Foil, Individual",1906
"Georges Arthur Dillon-Kavanagh du Fertagh","France","Fencing","Fencing Men's epee, Team",1906
"Pyrros Dimas","Greece","Weightlifting","Weightlifting Men's Light-Heavyweight",1992
"Pyrros Dimas","Greece","Weightlifting","Weightlifting Men's Light-Heavyweight",1996
"Pyrros Dimas","Greece","Weightlifting","Weightlifting Men's Light-Heavyweight",2000
"Trent Dimas","United States","Gymnastics","Gymnastics Men's Horizontal Bar",1992
"Konstantinos ""Kostas"" Dimitriadis","Greece","Art Competitions","Art Competitions Mixed Sculpturing",1924
"Jacques Dimont","France","Fencing","Fencing Men's Foil, Team",1968
"Alfredo Dinale","Italy","Cycling","Cycling Men's Team Pursuit, 4,000 metres",1924
"Didier Dominique Dinart","France","Handball","Handball Men's Handball",2008
"Didier Dominique Dinart","France","Handball","Handball Men's Handball",2012
"Joseph ""Joe"" Dines","Great Britain","Football","Football Men's Football",1912
"Ding Meiyuan","China","Weightlifting","Weightlifting Women's Super-Heavyweight",2000
"Ding Ning","China","Table Tennis","Table Tennis Women's Team",2012
"Ding Ning","China","Table Tennis","Table Tennis Women's Singles",2016
"Ding Ning","China","Table Tennis","Table Tennis Women's Team",2016
"Ding Xia","China","Volleyball","Volleyball Women's Volleyball",2016
"Loredana Dinu (Iordchioiu-)","Romania","Fencing","Fencing Women's epee, Team",2016
"Madeline Jane ""Maya"" DiRado","United States","Swimming","Swimming Women's 4 x 200 metres Freestyle Relay",2016
"Madeline Jane ""Maya"" DiRado","United States","Swimming","Swimming Women's 200 metres Backstroke",2016
"Carlien Clemens Dirkse van den Heuvel","Netherlands","Hockey","Hockey Women's Hockey",2012
"Terence Gilbert ""Terry"" Dischinger","United States","Basketball","Basketball Men's Basketball",1960
"Ursula ""Uschi"" Disl","Germany","Biathlon","Biathlon Women's 4 x 7.5 kilometres Relay",1998
"Ursula ""Uschi"" Disl","Germany","Biathlon","Biathlon Women's 4 x 7.5 kilometres Relay",2002
"Constantina Di-Tomescu","Romania","Athletics","Athletics Women's Marathon",2008
"Bernd Dittert","Germany","Cycling","Cycling Men's 100 kilometres Team Time Trial",1992
"Andreas Dittmer","Germany","Canoeing","Canoeing Men's Canadian Doubles, 1,000 metres",1996
"Andreas Dittmer","Germany","Canoeing","Canoeing Men's Canadian Singles, 1,000 metres",2000
"Andreas Dittmer","Germany","Canoeing","Canoeing Men's Canadian Singles, 500 metres",2004
"Aleksandr Nikolayevich Dityatin","Soviet Union","Gymnastics","Gymnastics Men's Individual All-Around",1980
"Aleksandr Nikolayevich Dityatin","Soviet Union","Gymnastics","Gymnastics Men's Team All-Around",1980
"Aleksandr Nikolayevich Dityatin","Soviet Union","Gymnastics","Gymnastics Men's Rings",1980
"Charles Percy Dixon","Great Britain-2","Tennis","Tennis Mixed Doubles, Covered Courts",1912
"Diamond Brittany Dixon","United States","Athletics","Athletics Women's 4 x 400 metres Relay",2012
"Diane Lynn Dixon (-Trouse)","United States","Athletics","Athletics Women's 4 x 400 metres Relay",1984
"Francis Joseph ""Frank"" Dixon","Canada","Lacrosse","Lacrosse Men's Lacrosse",1908
"George Martin Dixon","United States","Rugby","Rugby Men's Rugby",1924
"Richard Travers Dixon","Heroine","Sailing","Sailing Mixed 7 metres",1908
"Thomas Robin Valerian Dixon","Great Britain-1","Bobsleigh","Bobsleigh Men's Two",1964
"Slavica Djuki","Yugoslavia","Handball","Handball Women's Handball",1984
"Artur Valeryevich Dmitriyev","Unified Team-1","Figure Skating","Figure Skating Mixed Pairs",1992
"Artur Valeryevich Dmitriyev","Russia-1","Figure Skating","Figure Skating Mixed Pairs",1998
"Roman Mikhaylovich Dmitriyev","Soviet Union","Wrestling","Wrestling Men's Light-Flyweight, Freestyle",1972
"Darya Yevgenyevna Dmitriyeva","Russia","Handball","Handball Women's Handball",2016
"Christian Marie Auguste d'Oriola","France","Fencing","Fencing Men's Foil, Team",1948
"Christian Marie Auguste d'Oriola","France","Fencing","Fencing Men's Foil, Individual",1952
"Christian Marie Auguste d'Oriola","France","Fencing","Fencing Men's Foil, Team",1952
"Christian Marie Auguste d'Oriola","France","Fencing","Fencing Men's Foil, Individual",1956
"Gerlinde Doberschtz (Mey-)","East Germany","Rowing","Rowing Women's Coxed Fours",1988
"Jens Doberschtz","East Germany","Rowing","Rowing Men's Coxed Eights",1980
"Igor Ivanovich Doborovolsky","Soviet Union","Football","Football Men's Football",1988
"Marina Viktorovna Dobrancheva-Logvinenko","Unified Team","Shooting","Shooting Women's Air Pistol, 10 metres",1992
"Marina Viktorovna Dobrancheva-Logvinenko","Unified Team","Shooting","Shooting Women's Sporting Pistol, 25 metres",1992
"Dimitar Dimitrov Dobrev","Bulgaria","Wrestling","Wrestling Men's Middleweight, Greco-Roman",1960
"Milen Atanasov Dobrev","Bulgaria","Weightlifting","Weightlifting Men's Middle-Heavyweight",2004
"Nataliya Volodymyrivna Dobrynska","Ukraine","Athletics","Athletics Women's Heptathlon",2008
"Louise Karen Dobson","Australia","Hockey","Hockey Women's Hockey",1996
"Nika Dobud","Croatia","Water Polo","Water Polo Men's Water Polo",2012
"William Dod","Great Britain","Archery","Archery Men's Double York Round",1908
"Richard David Allan Dodds","Great Britain","Hockey","Hockey Men's Hockey",1988
"Charles Webster ""Charlie"" Doe, Jr.","United States","Rugby","Rugby Men's Rugby",1920
"Charles Webster ""Charlie"" Doe, Jr.","United States","Rugby","Rugby Men's Rugby",1924
"Lothar Doering","East Germany","Handball","Handball Men's Handball",1980
"Susan Elizabeth Doerr","United States","Swimming","Swimming Women's 4 x 100 metres Freestyle Relay",1960
"Anna Aleksandre Dogonadze-Lilkendey","Germany","Trampolining","Trampolining Women's Individual",2004
"Yaar Dou","Turkey","Wrestling","Wrestling Men's Welterweight, Freestyle",1948
"Hugh Lawrence ""Laurie"" Doherty","Great Britain","Tennis","Tennis Men's Singles",1900
"Hugh Lawrence ""Laurie"" Doherty","Great Britain-1","Tennis","Tennis Men's Doubles",1900
"Reginald Frank ""Reggie"" Doherty","Great Britain","Tennis","Tennis Mixed Doubles",1900
"Reginald Frank ""Reggie"" Doherty","Great Britain-1","Tennis","Tennis Men's Doubles",1900
"Reginald Frank ""Reggie"" Doherty","Great Britain-1","Tennis","Tennis Men's Doubles",1908
"Gottfried Dhn","East Germany","Rowing","Rowing Men's Coxed Eights",1976
"Gottfried Dhn","East Germany","Rowing","Rowing Men's Coxed Fours",1980
"Martin Doktor","Czech Republic","Canoeing","Canoeing Men's Canadian Singles, 500 metres",1996
"Martin Doktor","Czech Republic","Canoeing","Canoeing Men's Canadian Singles, 1,000 metres",1996
"Aleksandr Dokturishvili","Uzbekistan","Wrestling","Wrestling Men's Middleweight, Greco-Roman",2004
"Thomas Fitzgerald ""Tom"" Dolan","United States","Swimming","Swimming Men's 400 metres Individual Medley",1996
"Thomas Fitzgerald ""Tom"" Dolan","United States","Swimming","Swimming Men's 400 metres Individual Medley",2000
"George Stuart Dole","United States","Wrestling","Wrestling Men's Featherweight, Freestyle",1908
"Peter James Dolfen","United States","Shooting","Shooting Men's Free Pistol, 50 metres, Team",1912
"Aleksandr Ivanovich Dolgushin","Soviet Union","Water Polo","Water Polo Men's Water Polo",1972
"Evert Gerardus ""Eef"" Dolman","Netherlands","Cycling","Cycling Men's 100 kilometres Team Time Trial",1964
"Rudolf Dombi","Hungary","Canoeing","Canoeing Men's Kayak Doubles, 1,000 metres",2012
"Lutz Dombrowski","East Germany","Athletics","Athletics Men's Long Jump",1980
"Antonio Domenicali","Italy","Cycling","Cycling Men's Team Pursuit, 4,000 metres",1956
"Giuseppe Domenichelli","Italy","Gymnastics","Gymnastics Men's Team All-Around",1912
"Giuseppe Domenichelli","Italy","Gymnastics","Gymnastics Men's Team All-Around",1920
"Thomas Domian","West Germany","Rowing","Rowing Men's Coxed Eights",1988
"Davor Dominikovi","Croatia","Handball","Handball Men's Handball",2004
"Apisai Raviyawa Domolailai","Fiji","Rugby Sevens","Rugby Sevens Men's Rugby Sevens",2016
"Ldia Dmlky-Skovics","Hungary","Fencing","Fencing Women's Foil, Team",1964
"Zoltn Dmtr","Hungary","Water Polo","Water Polo Men's Water Polo",1964
"Darya Vladimirovna Domracheva","Belarus","Biathlon","Biathlon Women's 10 kilometres Pursuit",2014
"Darya Vladimirovna Domracheva","Belarus","Biathlon","Biathlon Women's 12.5 kilometres Mass Start",2014
"Darya Vladimirovna Domracheva","Belarus","Biathlon","Biathlon Women's 15 kilometres",2014
"Stefano Donagrandi","Italy","Speed Skating","Speed Skating Men's Team Pursuit (8 laps)",2006
"Claire Christine Donahue","United States","Swimming","Swimming Women's 4 x 100 metres Medley Relay",2012
"Dong Dong","China","Trampolining","Trampolining Men's Individual",2012
"Yordanka Lyubchova Donkova","Bulgaria","Athletics","Athletics Women's 100 metres Hurdles",1988
"Peter Dwight Donlon","United States","Rowing","Rowing Men's Coxed Eights",1928
"William Stephens Donne","Devon and Somerset Wanderers","Cricket","Cricket Men's Cricket",1900
"Euphrasia Louise ""Fraze"" Donnelly (-Bungard, -Berlin)","United States","Swimming","Swimming Women's 4 x 100 metres Freestyle Relay",1924
"Anne Theresa Donovan","United States","Basketball","Basketball Women's Basketball",1984
"Anne Theresa Donovan","United States","Basketball","Basketball Women's Basketball",1988
"Ulyana Vyacheslavovna Donskova","Russia","Rhythmic Gymnastics","Rhythmic Gymnastics Women's Group",2012
"va Dnusz","Hungary","Canoeing","Canoeing Women's Kayak Fours, 500 metres",1992
"Frank Martin Dooley","United States","Swimming","Swimming Men's 4 x 200 metres Freestyle Relay",1952
"Ji Dopita","Czech Republic","Ice Hockey","Ice Hockey Men's Ice Hockey",1998
"Natalia Dorado Gmez","Spain","Hockey","Hockey Women's Hockey",1992
"Giuseppe ""Pino"" Dordoni","Italy","Athletics","Athletics Men's 50 kilometres Walk",1952
"Jos Luis Doreste Blanco","Spain","Sailing","Sailing Mixed One Person Dinghy",1988
"Luis Doreste Blanco","Spain","Sailing","Sailing Mixed Two Person Dinghy",1984
"Luis Doreste Blanco","Spain","Sailing","Sailing Mixed Two Person Heavyweight Dinghy",1992
"Xavier Elle Dorfman","France","Rowing","Rowing Men's Lightweight Coxless Fours",2000
"Michaela Dorfmeister","Austria","Alpine Skiing","Alpine Skiing Women's Downhill",2006
"Michaela Dorfmeister","Austria","Alpine Skiing","Alpine Skiing Women's Super G",2006
"Alfons Dorfner","Austria","Canoeing","Canoeing Men's Kayak Doubles, 1,000 metres",1936
"Robert Dorgebray","France","Cycling","Cycling Men's Road Race, Team",1936
"Gabriella Dorio (-Spigarolo)","Italy","Athletics","Athletics Women's 1,500 metres",1984
"Loretta Dorman","Australia","Hockey","Hockey Women's Hockey",1988
"Hans-Jrgen Drner","East Germany","Football","Football Men's Football",1976
"Vladimir Vyacheslavovich Dorokhov","Soviet Union","Volleyball","Volleyball Men's Volleyball",1980
"Wilhelm ""Willy"" Drr","Germany","Tug-Of-War","Tug-Of-War Men's Tug-Of-War",1906
"Karl James Dorsey","Angelita","Sailing","Sailing Mixed 8 metres",1932
"Giovani dos Santos Ramrez","Mexico","Football","Football Men's Football",2012
"Sara Dosho","Japan","Wrestling","Wrestling Women's Light-Heavyweight, Freestyle",2016
"Kurt Dossin","Germany","Handball","Handball Men's Handball",1936
"Joseph Dosu (Oladosu-)","Nigeria","Football","Football Men's Football",1996
"Ralph Douglas Doubell","Australia","Athletics","Athletics Men's 800 metres",1968
"Natasa Douchev-Janics","Hungary","Canoeing","Canoeing Women's Kayak Singles, 500 metres",2004
"Natasa Douchev-Janics","Hungary","Canoeing","Canoeing Women's Kayak Doubles, 500 metres",2004
"Natasa Douchev-Janics","Hungary","Canoeing","Canoeing Women's Kayak Doubles, 500 metres",2008
"Drew Doughty","Canada","Ice Hockey","Ice Hockey Men's Ice Hockey",2010
"Drew Doughty","Canada","Ice Hockey","Ice Hockey Men's Ice Hockey",2014
"Douglas Chiarotti","Brazil","Volleyball","Volleyball Men's Volleyball",1992
"Gabrielle Christina Victoria ""Gabby"" Douglas","United States","Gymnastics","Gymnastics Women's Individual All-Around",2012
"Gabrielle Christina Victoria ""Gabby"" Douglas","United States","Gymnastics","Gymnastics Women's Team All-Around",2012
"Gabrielle Christina Victoria ""Gabby"" Douglas","United States","Gymnastics","Gymnastics Women's Team All-Around",2016
"John William Henry Tyler Douglas","Great Britain","Boxing","Boxing Men's Middleweight",1908
"Rowley Douglas","Great Britain","Rowing","Rowing Men's Coxed Eights",2000
"Douglas dos Santos Justino de Melo","Brazil","Football","Football Men's Football",2016
"David Douillet","France","Judo","Judo Men's Heavyweight",1996
"David Douillet","France","Judo","Judo Men's Heavyweight",2000
"Owain Daniel John Doull","Great Britain","Cycling","Cycling Men's Team Pursuit, 4,000 metres",2016
"Dmitry Aleksandrovich Dovgalyonok","Unified Team","Canoeing","Canoeing Men's Canadian Doubles, 500 metres",1992
"Nataliya Viktorivna Dovhodko","Ukraine","Rowing","Rowing Women's Quadruple Sculls",2012
"Murray Albert Dowey","Canada","Ice Hockey","Ice Hockey Men's Ice Hockey",1948
"Arthur Drummond Downes","Hera-1","Sailing","Sailing Mixed 12 metres",1908
"John Henry Downes","Hera-1","Sailing","Sailing Mixed 12 metres",1908
"Burton Cecil Downing","United States","Cycling","Cycling Men's 2 mile",1904
"Burton Cecil Downing","United States","Cycling","Cycling Men's 25 mile",1904
"Stacy Rene Dragila (Mikaelsen-, -Waltz)","United States","Athletics","Athletics Women's Pole Vault",2000
"Ion Draica","Romania","Wrestling","Wrestling Men's Middleweight, Greco-Roman",1984
"Foy Draper","United States","Athletics","Athletics Men's 4 x 100 metres Relay",1936
"Victoria Manalo ""Vicki"" Draves","United States","Diving","Diving Women's Springboard",1948
"Victoria Manalo ""Vicki"" Draves","United States","Diving","Diving Women's Platform",1948
"Otis Paul Drayton","United States","Athletics","Athletics Men's 4 x 100 metres Relay",1964
"Heike Gabriela Drechsler (Daute-)","Germany","Athletics","Athletics Women's Long Jump",1992
"Heike Gabriela Drechsler (Daute-)","Germany","Athletics","Athletics Women's Long Jump",2000
"Gnter Dreibrodt","East Germany","Handball","Handball Men's Handball",1980
"Joachim Dreifke","East Germany","Rowing","Rowing Men's Double Sculls",1980
"Caeleb Remel Dressel","United States","Swimming","Swimming Men's 4 x 100 metres Freestyle Relay",2016
"Caeleb Remel Dressel","United States","Swimming","Swimming Men's 4 x 100 metres Medley Relay",2016
"Ivan Chandler Dresser","United States","Athletics","Athletics Men's 3,000 metres, Team",1920
"Aleksandr Konstantinovich Dreval","Soviet Union","Water Polo","Water Polo Men's Water Polo",1972
"Clyde Austin Drexler","United States","Basketball","Basketball Men's Basketball",1992
"Gerald Dreyer","South Africa","Boxing","Boxing Men's Lightweight",1948
"Annika Elise Madsen Dries","United States","Water Polo","Water Polo Women's Water Polo",2012
"Ionel Alexandru ""Ion"" Drmb","Romania","Fencing","Fencing Men's Foil, Individual",1968
"Andreas Drivas","Large boat, Central Naval Prep School ""Poros""-1","Rowing","Rowing Men's 17-Man Naval Rowing Boats",1906
"Franois Louis Drolet","Canada","Short Track Speed Skating","Short Track Speed Skating Men's 5,000 metres Relay",1998
"Horst Drse","West Germany","Hockey","Hockey Men's Hockey",1972
"Derek Drouin","Canada","Athletics","Athletics Men's High Jump",2016
"Nikolay Vladimirovich Drozdetsky","Soviet Union","Ice Hockey","Ice Hockey Men's Ice Hockey",1984
"Jonathan A. ""Jon"" Drummond","United States","Athletics","Athletics Men's 4 x 100 metres Relay",2000
"Guy Drut","France","Athletics","Athletics Men's 110 metres Hurdles",1976
"Matthew Alexander ""Matt"" Dryke","United States","Shooting","Shooting Mixed Skeet",1984
"Alexander Mah Owens Drysdale","New Zealand","Rowing","Rowing Men's Single Sculls",2012
"Alexander Mah Owens Drysdale","New Zealand","Rowing","Rowing Men's Single Sculls",2016
"Du Jing","China-1","Badminton","Badminton Women's Doubles",2008
"Du Li","China","Shooting","Shooting Women's Air Rifle, 10 metres",2004
"Du Li","China","Shooting","Shooting Women's Small-Bore Rifle, Three Positions, 50 metres",2008
"Jeroen Dubbeldam","Netherlands","Equestrianism","Equestrianism Mixed Jumping, Individual",2000
"Boris Yakovlevich Dubrovsky","Soviet Union","Rowing","Rowing Men's Double Sculls",1964
"Matthew ""Matt"" Duchene","Canada","Ice Hockey","Ice Hockey Men's Ice Hockey",2014
"Milena Duchkov (-Neveklovsk)","Czechoslovakia","Diving","Diving Women's Platform",1968
"George Ducker","Galt Football Club","Football","Football Men's Football",1904
"Richard Louis Duckett","Canada","Lacrosse","Lacrosse Men's Lacrosse",1908
"Roger Franois Ducret","France","Fencing","Fencing Men's Foil, Individual",1924
"Roger Franois Ducret","France","Fencing","Fencing Men's Foil, Team",1924
"Roger Franois Ducret","France","Fencing","Fencing Men's epee, Team",1924
"Kseniya Pavlovna Dudkina","Russia","Rhythmic Gymnastics","Rhythmic Gymnastics Women's Group",2012
"William Henry Dudley, III","United States","Swimming","Swimming Men's 4 x 200 metres Freestyle Relay",1948
"Carl Christian Due-Boje","Sweden","Ice Hockey","Ice Hockey Men's Ice Hockey",1994
"Virginia Ruth ""Ginny"" Duenkel","United States","Swimming","Swimming Women's 400 metres Freestyle",1964
"Christof Duffner","Germany","Ski Jumping","Ski Jumping Men's Large Hill, Team",1994
"Justine Dufour-Lapointe","Canada","Freestyle Skiing","Freestyle Skiing Women's Moguls",2014
"Luis Jorge Duggan Ham","Argentina","Polo","Polo Men's Polo",1936
"Uwe Dhring","East Germany","Rowing","Rowing Men's Coxed Eights",1980
"Charlotte Susan Jane Dujardin","Great Britain","Equestrianism","Equestrianism Mixed Dressage, Individual",2012
"Charlotte Susan Jane Dujardin","Great Britain","Equestrianism","Equestrianism Mixed Dressage, Team",2012
"Charlotte Susan Jane Dujardin","Great Britain","Equestrianism","Equestrianism Mixed Dressage, Individual",2016
"Paul Lon Auguste Louis Joseph Dujardin","France","Water Polo","Water Polo Men's Water Polo",1924
"Julia Dujmovits","Austria","Snowboarding","Snowboarding Women's Parallel Slalom",2014
"Charles Everett ""Charlie"" Dumas","United States","Athletics","Athletics Men's High Jump",1956
"Maria Magdalena Dumitrache","Romania","Rowing","Rowing Women's Coxed Eights",2000
"Ion Dumitrescu","Romania","Shooting","Shooting Men's Trap",1960
"Alexe Dumitru","Romania","Canoeing","Canoeing Men's Canadian Doubles, 1,000 metres",1956
"Alina Alexandra Dumitru (-Croitoru)","Romania","Judo","Judo Women's Extra-Lightweight",2008
"Franck Dumoulin","France","Shooting","Shooting Men's Air Pistol, 10 metres",2000
"Antal Dunai (Dujmov)","Hungary","Football","Football Men's Football",1968
"Lajos Dunai (Drestyk-)","Hungary","Football","Football Men's Football",1968
"James Ralph ""Jim"" Dunbar","United States","Rowing","Rowing Men's Coxed Eights",1952
"Albert Gordon ""Bert"" Duncanson","Canada","Ice Hockey","Ice Hockey Men's Ice Hockey",1932
"Frank Dundr (Butz-)","East Germany","Rowing","Rowing Men's Quadruple Sculls",1980
"David Coombs ""Dave"" Dunlap","United States","Rowing","Rowing Men's Coxed Eights",1932
"David Dunlop","Hera-1","Sailing","Sailing Mixed 12 metres",1908
"Patricia ""Tricia"" Dunn-Luoma","United States","Ice Hockey","Ice Hockey Women's Ice Hockey",1998
"Bernard Francis ""Frank"" Dunster","Canada","Ice Hockey","Ice Hockey Men's Ice Hockey",1948
"Jacques Dupont","France","Cycling","Cycling Men's 1,000 metres Time Trial",1948
"Lori Dupuis","Canada","Ice Hockey","Ice Hockey Women's Ice Hockey",2002
"Sarah Frances ""Fanny"" Durack (-Gately)","Australasia","Swimming","Swimming Women's 100 metres Freestyle",1912
"Pierre Durand, Jr.","France","Equestrianism","Equestrianism Mixed Jumping, Individual",1988
"Kevin Wayne Durant","United States","Basketball","Basketball Men's Basketball",2012
"Kevin Wayne Durant","United States","Basketball","Basketball Men's Basketball",2016
"Scott David Durant","Great Britain","Rowing","Rowing Men's Coxed Eights",2016
"Vladimir Durkovi","Yugoslavia","Football","Football Men's Football",1960
"Michael Drsch","West Germany","Rowing","Rowing Men's Quadruple Sculls",1984
"Hasanboy Dusmatov","Uzbekistan","Boxing","Boxing Men's Light-Flyweight",2016
"Keshav Chandra Dutt","India","Hockey","Hockey Men's Hockey",1948
"Keshav Chandra Dutt","India","Hockey","Hockey Men's Hockey",1952
"Phillip Peter Dutton","Australia","Equestrianism","Equestrianism Mixed Three-Day Event, Team",1996
"Phillip Peter Dutton","Australia","Equestrianism","Equestrianism Mixed Three-Day Event, Team",2000
"Ren Duverger","France","Weightlifting","Weightlifting Men's Lightweight",1932
"Bernd Duvigneau","East Germany","Canoeing","Canoeing Men's Kayak Fours, 1,000 metres",1980
"Richard Lloyd ""Rich"" Duwelius","United States","Volleyball","Volleyball Men's Volleyball",1984
"Talant Mushanbetovich Duyshebayev","Unified Team","Handball","Handball Men's Handball",1992
"Jeroen Tarquinis Cornelis Duyster","Netherlands","Rowing","Rowing Men's Coxed Eights",1996
"Veselin uho","Yugoslavia","Water Polo","Water Polo Men's Water Polo",1984
"Veselin uho","Yugoslavia","Water Polo","Water Polo Men's Water Polo",1988
"Dragica uri","Yugoslavia","Handball","Handball Women's Handball",1984
"Mirjana urica","Yugoslavia","Handball","Handball Women's Handball",1984
"Charles Edward Dvorak","United States","Athletics","Athletics Men's Pole Vault",1904
"Douglas Scott ""Dusty"" Dvorak","United States","Volleyball","Volleyball Men's Volleyball",1984
"Ivan Vasilyevich Dvorny","Soviet Union","Basketball","Basketball Men's Basketball",1972
"Conor James Dwyer","United States","Swimming","Swimming Men's 4 x 200 metres Freestyle Relay",2012
"Conor James Dwyer","United States","Swimming","Swimming Men's 4 x 200 metres Freestyle Relay",2016
"Jamie Raymond Dwyer","Australia","Hockey","Hockey Men's Hockey",2004
"Aleksandr Igorevich Dyachenko","Russia","Canoeing","Canoeing Men's Kayak Doubles, 200 metres",2012
"Yekaterina Vladimirovna Dyachenko","Russia","Fencing","Fencing Women's Sabre, Team",2016
"Hector Monroe ""Hec"" Dyer","United States","Athletics","Athletics Men's 4 x 100 metres Relay",1932
"Gnter Oskar Dyhrenfurth","Switzerland","Alpinism","Alpinism Mixed Alpinism",1936
"Harriet Pauline ""Hettie"" Dyhrenfurth (Heyman-)","Switzerland","Alpinism","Alpinism Mixed Alpinism",1936
"Vitaliy Fedorovych Dyrdyra","Soviet Union","Sailing","Sailing Mixed Two Person Keelboat",1972
"Rebekah ""Becky"" Dyroen-Lancer","United States","Synchronized Swimming","Synchronized Swimming Women's Team",1996
"Gustaf Peder Wilhelm Dyrssen","Sweden","Modern Pentathlon","Modern Pentathlon Men's Individual",1920
"Rumyana Dimitrova Dzhadzharova-Neykova","Bulgaria","Rowing","Rowing Women's Single Sculls",2008
"Liudmyla Stanislavivna Dzhyhalova","Soviet Union","Athletics","Athletics Women's 4 x 400 metres Relay",1988
"Liudmyla Stanislavivna Dzhyhalova","Unified Team","Athletics","Athletics Women's 4 x 400 metres Relay",1992
"Yuliya Valentynivna Dzhyma","Ukraine","Biathlon","Biathlon Women's 4 x 6 kilometres Relay",2014
"Mirza Domba","Croatia","Handball","Handball Men's Handball",2004
"Edward Patrick Francis ""Eddie"" Eagan","United States","Boxing","Boxing Men's Light-Heavyweight",1920
"Edward Patrick Francis ""Eddie"" Eagan","United States-1","Bobsleigh","Bobsleigh Men's Four",1932
"Athol John ""Joe"" Earl","New Zealand","Rowing","Rowing Men's Coxed Eights",1972
"Peter Easte","Great Britain-1","Shooting","Shooting Men's Trap, Team",1908
"Gladys Shirley Eastlake-Smith (-Lamplough)","Great Britain","Tennis","Tennis Women's Singles, Covered Courts",1908
"Ivan Leclare Eastman","United States","Shooting","Shooting Men's Military Rifle, 200/500/600/800/900/1,000 Yards, Team",1908
"Ashton James Eaton","United States","Athletics","Athletics Men's Decathlon",2012
"Ashton James Eaton","United States","Athletics","Athletics Men's Decathlon",2016
"Eskild Balschmidt Ebbesen","Denmark","Rowing","Rowing Men's Lightweight Coxless Fours",1996
"Eskild Balschmidt Ebbesen","Denmark","Rowing","Rowing Men's Lightweight Coxless Fours",2004
"Eskild Balschmidt Ebbesen","Denmark","Rowing","Rowing Men's Lightweight Coxless Fours",2008
"Stephan Eberharter","Austria","Alpine Skiing","Alpine Skiing Men's Giant Slalom",2002
"Henrietta Ebert (Dobler-)","East Germany","Rowing","Rowing Women's Coxed Eights",1976
"Thomas Ebert","Denmark","Rowing","Rowing Men's Lightweight Coxless Fours",2004
"Thomas Ebert","Denmark","Rowing","Rowing Men's Lightweight Coxless Fours",2008
"Fernando Echavarri Erasum","Spain","Sailing","Sailing Mixed Multihull",2008
"Tmara Echegoyen Domnguez","Spain","Sailing","Sailing Women's Three Person Keelboat",2012
"Sheila Ann Echols (-Williams, -Gross)","United States","Athletics","Athletics Women's 4 x 100 metres Relay",1988
"Brbel Eckert-Wckel","East Germany","Athletics","Athletics Women's 200 metres",1976
"Brbel Eckert-Wckel","East Germany","Athletics","Athletics Women's 4 x 100 metres Relay",1976
"Brbel Eckert-Wckel","East Germany","Athletics","Athletics Women's 200 metres",1980
"Brbel Eckert-Wckel","East Germany","Athletics","Athletics Women's 4 x 100 metres Relay",1980
"Tiril Kampenhaug Eckhoff","Norway","Biathlon","Biathlon Mixed 2 x 6 kilometres and 2 x 7.5 kilometres Relay",2014
"Rudolf Eckstein","Germany","Rowing","Rowing Men's Coxless Fours",1936
"der Francis Carbonera","Brazil","Volleyball","Volleyball Men's Volleyball",2016
"Gertrude Caroline ""Trudy"" Ederle","United States","Swimming","Swimming Women's 4 x 100 metres Freestyle Relay",1924
"David Holmes ""Dave"" Edgar","United States","Swimming","Swimming Men's 4 x 100 metres Freestyle Relay",1972
"Rolf Erik Sren Edling","Sweden","Fencing","Fencing Men's epee, Team",1976
"Johan Viktor Edman","Sweden","Tug-Of-War","Tug-Of-War Men's Tug-Of-War",1912
"Jonas Inge Rikard Edman","Sweden","Shooting","Shooting Men's Small-Bore Rifle, Prone, 50 metres",2000
"Sonja Viola Edstrm-Ruthstrm","Sweden","Cross Country Skiing","Cross Country Skiing Women's 3 x 5 kilometres Relay",1960
"Hugh Robert Arthur Edwards","Great Britain","Rowing","Rowing Men's Coxless Pairs",1932
"Hugh Robert Arthur Edwards","Great Britain","Rowing","Rowing Men's Coxless Fours",1932
"Jonathan David Edwards","Great Britain","Athletics","Athletics Men's Triple Jump",2000
"Kenneth Paine ""Ken"" Edwards","Western Golf Association-1","Golf","Golf Men's Team",1904
"Teresa Edwards","United States","Basketball","Basketball Women's Basketball",1984
"Teresa Edwards","United States","Basketball","Basketball Women's Basketball",1988
"Teresa Edwards","United States","Basketball","Basketball Women's Basketball",1996
"Teresa Edwards","United States","Basketball","Basketball Women's Basketball",2000
"Horst Effertz","Germany","Rowing","Rowing Men's Coxed Fours",1960
"Henry Chandler Egan","Western Golf Association-1","Golf","Golf Men's Team",1904
"Walter Eugene Egan","Western Golf Association-1","Golf","Golf Men's Team",1904
"Krisztina Egerszegi","Hungary","Swimming","Swimming Women's 200 metres Backstroke",1988
"Krisztina Egerszegi","Hungary","Swimming","Swimming Women's 100 metres Backstroke",1992
"Krisztina Egerszegi","Hungary","Swimming","Swimming Women's 200 metres Backstroke",1992
"Krisztina Egerszegi","Hungary","Swimming","Swimming Women's 400 metres Individual Medley",1992
"Krisztina Egerszegi","Hungary","Swimming","Swimming Women's 200 metres Backstroke",1996
"Werner Joseph Egk (Mayer-)","Germany","Art Competitions","Art Competitions Mixed Music, Compositions For Orchestra",1936
"Nathan John Eglington","Australia","Hockey","Hockey Men's Hockey",2004
"Marcus Ehning","Germany","Equestrianism","Equestrianism Mixed Jumping, Team",2000
"Ralf Ehrenbrink","West Germany","Equestrianism","Equestrianism Mixed Three-Day Event, Team",1988
"Anneliese Ehrhardt (Jahns-)","East Germany","Athletics","Athletics Women's 100 metres Hurdles",1972
"Andrea Ehrig-Schne-Mitscherlich","East Germany","Speed Skating","Speed Skating Women's 3,000 metres",1984
"Reinhard Eiben","East Germany","Canoeing","Canoeing Men's Canadian Singles, Slalom",1972
"Armin Eichholz","West Germany","Rowing","Rowing Men's Coxed Eights",1988
"Willi Eichhorn","Germany","Rowing","Rowing Men's Coxless Pairs",1936
"Bernd Eichwurzel","East Germany","Rowing","Rowing Men's Coxed Fours",1988
"Ulrich ""Ulli"" Eicke","West Germany","Canoeing","Canoeing Men's Canadian Singles, 1,000 metres",1984
"Marten Eikelboom","Netherlands","Hockey","Hockey Men's Hockey",2000
"John Wicktor Eke (Jonsson-)","Sweden","Athletics","Athletics Men's Cross-Country, Team",1912
"Eugen Georg Oskar Ekman","Finland","Gymnastics","Gymnastics Men's Pommelled Horse",1960
"Oskar Harald Alexius ""Alex"" Ekstrm","Sweden","Cycling","Cycling Men's Road Race, Team",1912
"Hicham El Guerrouj","Morocco","Athletics","Athletics Men's 1,500 metres",2004
"Hicham El Guerrouj","Morocco","Athletics","Athletics Men's 5,000 metres",2004
"Ahmed Muhammad Boughera El Ouafi","France","Athletics","Athletics Men's Marathon",1928
"Jens Fiedler","Germany","Cycling","Cycling Men's Team Sprint",2004
"Nawal El-Moutawakel (-Bennis)","Morocco","Athletics","Athletics Women's 400 metres Hurdles",1984
"Khadr El-Sayed El-Touni","Egypt","Weightlifting","Weightlifting Men's Middleweight",1936
"James Robert ""Jim"" Elder","Canada","Equestrianism","Equestrianism Mixed Jumping, Team",1968
"Troy Elder","Australia","Hockey","Hockey Men's Hockey",2004
"Ilona Elek-Schacherer (-Hepp)","Hungary","Fencing","Fencing Women's Foil, Individual",1936
"Ilona Elek-Schacherer (-Hepp)","Hungary","Fencing","Fencing Women's Foil, Individual",1948
"Charles Ryves Maxwell Eley","Great Britain","Rowing","Rowing Men's Coxless Fours",1924
"Jovica ""Jovan"" Elezovi","Yugoslavia","Handball","Handball Men's Handball",1984
"Ole Martin Ellefster","Norway","Cross Country Skiing","Cross Country Skiing Men's 50 kilometres",1968
"Ole Martin Ellefster","Norway","Cross Country Skiing","Cross Country Skiing Men's 4 x 10 kilometres Relay",1968
"Walton Glenn Eller, III","United States","Shooting","Shooting Men's Double Trap",2008
"Hans Eller","Germany","Rowing","Rowing Men's Coxed Fours",1932
"Launceston Elliot","Great Britain","Weightlifting","Weightlifting Men's Unlimited, One Hand",1896
"Herbert James ""Herb"" Elliott","Australia","Athletics","Athletics Men's 1,500 metres",1960
"Kathleen ""Kathy"" Ellis (-Landgraf, -Greer)","United States","Swimming","Swimming Women's 4 x 100 metres Freestyle Relay",1964
"Kathleen ""Kathy"" Ellis (-Landgraf, -Greer)","United States","Swimming","Swimming Women's 4 x 100 metres Medley Relay",1964
"Taylor Ellis-Watson","United States","Athletics","Athletics Women's 4 x 400 metres Relay",2016
"Adrian Charles Ellison","Great Britain","Rowing","Rowing Men's Coxed Fours",1984
"Amanda Elmore","United States","Rowing","Rowing Women's Coxed Eights",2016
"Brittany Joyce Elmslie","Australia","Swimming","Swimming Women's 4 x 100 metres Freestyle Relay",2012
"Brittany Joyce Elmslie","Australia","Swimming","Swimming Women's 4 x 100 metres Freestyle Relay",2016
"Paul Bert Elvstrm","Denmark","Sailing","Sailing Mixed One Person Dinghy",1948
"Paul Bert Elvstrm","Denmark","Sailing","Sailing Mixed One Person Dinghy",1952
"Paul Bert Elvstrm","Denmark","Sailing","Sailing Mixed One Person Dinghy",1956
"Paul Bert Elvstrm","Denmark","Sailing","Sailing Mixed One Person Dinghy",1960
"Emanuel Fernando Scheffler Rego","Brazil-1","Beach Volleyball","Beach Volleyball Men's Beach Volleyball",2004
"Carsten Embach","Germany-2","Bobsleigh","Bobsleigh Men's Four",2002
"John Emery","Canada-1","Bobsleigh","Bobsleigh Men's Four",1964
"Victor ""Vic"" Emery","Canada-1","Bobsleigh","Bobsleigh Men's Four",1964
"Max Philip Emmerich","United States","Gymnastics","Gymnastics Men's Individual All-Around, Field Sports",1904
"Lionel Charles Renwick Emmett","India","Hockey","Hockey Men's Hockey",1936
"Matthew D. ""Matt"" Emmons","United States","Shooting","Shooting Men's Small-Bore Rifle, Prone, 50 metres",2004
"Naho Emoto","Japan","Softball","Softball Women's Softball",2008
"Yuko Emoto","Japan","Judo","Judo Women's Half-Middleweight",1996
"Kornelia Ender (-Matthes, -Grummt)","East Germany","Swimming","Swimming Women's 100 metres Freestyle",1976
"Kornelia Ender (-Matthes, -Grummt)","East Germany","Swimming","Swimming Women's 200 metres Freestyle",1976
"Kornelia Ender (-Matthes, -Grummt)","East Germany","Swimming","Swimming Women's 100 metres Butterfly",1976
"Kornelia Ender (-Matthes, -Grummt)","East Germany","Swimming","Swimming Women's 4 x 100 metres Medley Relay",1976
"Ortrun Enderlein (-Zphel)","Germany","Luge","Luge Women's Singles",1964
"Yukio Endo","Japan","Gymnastics","Gymnastics Men's Team All-Around",1960
"Yukio Endo","Japan","Gymnastics","Gymnastics Men's Individual All-Around",1964
"Yukio Endo","Japan","Gymnastics","Gymnastics Men's Team All-Around",1964
"Yukio Endo","Japan","Gymnastics","Gymnastics Men's Parallel Bars",1964
"Yukio Endo","Japan","Gymnastics","Gymnastics Men's Team All-Around",1968
"Felix Endrich","Switzerland-2","Bobsleigh","Bobsleigh Men's Two",1948
"Everard Coenraad Endt","Llanoria","Sailing","Sailing Mixed 6 metres",1952
"Istvn nekes","Hungary","Boxing","Boxing Men's Flyweight",1932
"Toralf Engan","Norway","Ski Jumping","Ski Jumping Men's Large Hill, Individual",1964
"Helene Engelmann (-Jaroschka)","Austria","Figure Skating","Figure Skating Mixed Pairs",1924
"Alfred Bertran Engelsen","Norway","Gymnastics","Gymnastics Men's Team All-Around, Free System",1912
"Barbra Mette Stockfleth ""Babben"" Enger-Damon","Norway","Cross Country Skiing","Cross Country Skiing Women's 3 x 5 kilometres Relay",1968
"Vladimir Engibaryan","Soviet Union","Boxing","Boxing Men's Light-Welterweight",1956
"Sarah English","Zimbabwe","Hockey","Hockey Women's Hockey",1980
"Karin Enke-Kania (-Busch-, -Richter)","East Germany","Speed Skating","Speed Skating Women's 500 metres",1980
"Karin Enke-Kania (-Busch-, -Richter)","East Germany","Speed Skating","Speed Skating Women's 1,000 metres",1984
"Karin Enke-Kania (-Busch-, -Richter)","East Germany","Speed Skating","Speed Skating Women's 1,500 metres",1984
"Enkhbatyn Badar-Uugan","Mongolia","Boxing","Boxing Men's Bantamweight",2008
"Jessica Phyllis Ennis-Hill","Great Britain","Athletics","Athletics Women's Heptathlon",2012
"Paul N. Enquist","United States","Rowing","Rowing Men's Double Sculls",1984
"Adam Enright","Canada","Curling","Curling Men's Curling",2010
"Jorge Enrquez Garca","Mexico","Football","Football Men's Football",2012
"Michel Enrquez Tamayo","Cuba","Baseball","Baseball Men's Baseball",2004
"Jol Dieudonn Martin Epalle Newaka","Cameroon","Football","Football Men's Football",2000
"Emilija Eri","Yugoslavia","Handball","Handball Women's Handball",1984
"Jakob Erckrath de Bary","Germany","Fencing","Fencing Men's Sabre, Team",1906
"Sndor Erds","Hungary","Fencing","Fencing Men's epee, Team",1972
"Alexandra Georgiana Maria Eremia","Romania","Gymnastics","Gymnastics Women's Team All-Around",2004
"Paul Ereng","Kenya","Athletics","Athletics Men's 800 metres",1988
"Carl Alfred Erhardt","Great Britain","Ice Hockey","Ice Hockey Men's Ice Hockey",1936
"Claus Erhorn","West Germany","Equestrianism","Equestrianism Mixed Three-Day Event, Team",1988
"Karl Fredrik ""Charles"" Ericksen","Norway","Wrestling","Wrestling Men's Welterweight, Freestyle",1904
"Steven Richard ""Steve"" Erickson","United States","Sailing","Sailing Mixed Two Person Keelboat",1984
"John Filip Ericson","Kitty-1","Sailing","Sailing Mixed 10 metres",1912
"Johan Sigvard Ericsson","Sweden","Speed Skating","Speed Skating Men's 10,000 metres",1956
"Sture Henrik Ericsson (-Ewrus)","Sweden","Gymnastics","Gymnastics Men's Team All-Around, Swedish System",1920
"Harald Andreas Eriksen","Norway","Gymnastics","Gymnastics Men's Team All-Around",1906
"Stein Eriksen","Norway","Alpine Skiing","Alpine Skiing Men's Giant Slalom",1952
"Krng Erik Gunnar Eriksson","Sweden","Cross Country Skiing","Cross Country Skiing Men's 4 x 10 kilometres Relay",1948
"Knut Henry Eriksson","Sweden","Athletics","Athletics Men's 1,500 metres",1948
"Axel Mauritz Eriksson","Sweden","Shooting","Shooting Men's Free Rifle, Three Positions, 300 metres, Team",1912
"Niklas Urban Eriksson","Sweden","Ice Hockey","Ice Hockey Men's Ice Hockey",1994
"Yaar Erkan","Turkey","Wrestling","Wrestling Men's Featherweight, Greco-Roman",1936
"August Casimir ""Gus"" Erker","Century Boat Club-1","Rowing","Rowing Men's Coxless Fours",1904
"Philippe Ermenault","France","Cycling","Cycling Men's Team Pursuit, 4,000 metres",1996
"Nadine Ernsting-Krienke","Germany","Hockey","Hockey Women's Hockey",2004
"Arianna Errigo","Italy","Fencing","Fencing Women's Foil, Team",2012
"Michael Anthony ""Mike"" Eruzione","United States","Ice Hockey","Ice Hockey Men's Ice Hockey",1980
"Anthony Lee Ervin","United States","Swimming","Swimming Men's 50 metres Freestyle",2000
"Anthony Lee Ervin","United States","Swimming","Swimming Men's 50 metres Freestyle",2016
"Anthony Lee Ervin","United States","Swimming","Swimming Men's 4 x 100 metres Freestyle Relay",2016
"Srgio ""Escadinha"" Dutra dos Santos","Brazil","Volleyball","Volleyball Men's Volleyball",2004
"Srgio ""Escadinha"" Dutra dos Santos","Brazil","Volleyball","Volleyball Men's Volleyball",2016
"Jrgen Eschert","Germany","Canoeing","Canoeing Men's Canadian Singles, 1,000 metres",1964
"Odyssevs Eskitzoglou","Nirefs","Sailing","Sailing Mixed Three Person Keelboat",1960
"Robert Esmie","Canada","Athletics","Athletics Men's 4 x 100 metres Relay",1996
"Gro Espeseth","Norway","Football","Football Women's Football",2000
"Mara del Rosario Espinoza Espinoza","Mexico","Taekwondo","Taekwondo Women's Heavyweight",2008
"Chloe Esposito","Australia","Modern Pentathlon","Modern Pentathlon Women's Individual",2016
"Caldwell Blackman Esselstyn","United States","Rowing","Rowing Men's Coxed Eights",1956
"Roswitha Esser","Germany","Canoeing","Canoeing Women's Kayak Doubles, 500 metres",1964
"Roswitha Esser","West Germany","Canoeing","Canoeing Women's Kayak Doubles, 500 metres",1968
"Tony Estanguet","France","Canoeing","Canoeing Men's Canadian Singles, Slalom",2000
"Tony Estanguet","France","Canoeing","Canoeing Men's Canadian Singles, Slalom",2004
"Tony Estanguet","France","Canoeing","Canoeing Men's Canadian Singles, Slalom",2012
"Manuel Estiarte Duocastella","Spain","Water Polo","Water Polo Men's Water Polo",1996
"Frode Estil","Norway","Cross Country Skiing","Cross Country Skiing Men's 10/10 kilometres Pursuit",2002
"Frode Estil","Norway","Cross Country Skiing","Cross Country Skiing Men's 4 x 10 kilometres Relay",2002
"Jos Antonio Estrada Gonzlez","Cuba","Baseball","Baseball Men's Baseball",1992
"Jos Antonio Estrada Gonzlez","Cuba","Baseball","Baseball Men's Baseball",1996
"Fred Rudolph Etchen, Sr.","United States","Shooting","Shooting Men's Trap, Team",1924
"Gemma Etheridge","Australia","Rugby Sevens","Rugby Sevens Women's Rugby Sevens",2016
"Raymond Broadley Etherington-Smith","Leander Club-1","Rowing","Rowing Men's Coxed Eights",1908
"Mary Camille ""Kamie"" Ethridge","United States","Basketball","Basketball Women's Basketball",1988
"Samuel Eto'o Fils","Cameroon","Football","Football Men's Football",2000
"Edward Frederick ""Ed"" Etzel, Jr.","United States","Shooting","Shooting Men's Small-Bore Rifle, Prone, 50 metres",1984
"Hans Eugster","Switzerland","Gymnastics","Gymnastics Men's Parallel Bars",1952
"William Best ""Billy"" Evans","United States","Basketball","Basketball Men's Basketball",1956
"Janet Beth Evans","United States","Swimming","Swimming Women's 400 metres Freestyle",1988
"Janet Beth Evans","United States","Swimming","Swimming Women's 800 metres Freestyle",1988
"Janet Beth Evans","United States","Swimming","Swimming Women's 400 metres Individual Medley",1988
"Janet Beth Evans","United States","Swimming","Swimming Women's 800 metres Freestyle",1992
"Lee Edward Evans","United States","Athletics","Athletics Men's 400 metres",1968
"Lee Edward Evans","United States","Athletics","Athletics Men's 4 x 400 metres Relay",1968
"Marcus ""Mark"" Evans","Canada","Rowing","Rowing Men's Coxed Eights",1984
"John Michael ""Mike"" Evans","Canada","Rowing","Rowing Men's Coxed Eights",1984
"Peter Maxwell Evans","Australia","Swimming","Swimming Men's 4 x 100 metres Medley Relay",1980
"Richmond Cavill ""Dick"" Eve","Australia","Diving","Diving Men's Plain High",1924
"Nathalie Even-Lancien","France","Cycling","Cycling Women's Points Race",1996
"Bernt Sverre Evensen","Norway","Speed Skating","Speed Skating Men's 500 metres",1928
"Jeffrey Adam Everett","United States","Baseball","Baseball Men's Baseball",2000
"Daniel Joseph ""Danny Joe"" Everett","United States","Athletics","Athletics Men's 4 x 400 metres Relay",1988
"Meike Evers","Germany","Rowing","Rowing Women's Quadruple Sculls",2000
"Meike Evers","Germany","Rowing","Rowing Women's Quadruple Sculls",2004
"Caroline Frances Evers-Swindell (-Meyer)","New Zealand","Rowing","Rowing Women's Double Sculls",2004
"Caroline Frances Evers-Swindell (-Meyer)","New Zealand","Rowing","Rowing Women's Double Sculls",2008
"Georgina Emma Buchanan Evers-Swindell (-Earl)","New Zealand","Rowing","Rowing Women's Double Sculls",2004
"Georgina Emma Buchanan Evers-Swindell (-Earl)","New Zealand","Rowing","Rowing Women's Double Sculls",2008
"Nelson vora","Portugal","Athletics","Athletics Men's Triple Jump",2008
"Henry Norwood ""Barney"" Ewell","United States","Athletics","Athletics Men's 4 x 100 metres Relay",1948
"Patrick Aloysius Ewing","United States","Basketball","Basketball Men's Basketball",1984
"Patrick Aloysius Ewing","United States","Basketball","Basketball Men's Basketball",1992
"Walter Hamilton Ewing","Canada","Shooting","Shooting Men's Trap",1908
"Raymond Clarence ""Ray"" Ewry","United States","Athletics","Athletics Men's Standing High Jump",1900
"Raymond Clarence ""Ray"" Ewry","United States","Athletics","Athletics Men's Standing Long Jump",1900
"Raymond Clarence ""Ray"" Ewry","United States","Athletics","Athletics Men's Standing Triple Jump",1900
"Raymond Clarence ""Ray"" Ewry","United States","Athletics","Athletics Men's Standing High Jump",1904
"Raymond Clarence ""Ray"" Ewry","United States","Athletics","Athletics Men's Standing Long Jump",1904
"Raymond Clarence ""Ray"" Ewry","United States","Athletics","Athletics Men's Standing Triple Jump",1904
"Raymond Clarence ""Ray"" Ewry","United States","Athletics","Athletics Men's Standing High Jump",1906
"Raymond Clarence ""Ray"" Ewry","United States","Athletics","Athletics Men's Standing Long Jump",1906
"Raymond Clarence ""Ray"" Ewry","United States","Athletics","Athletics Men's Standing High Jump",1908
"Raymond Clarence ""Ray"" Ewry","United States","Athletics","Athletics Men's Standing Long Jump",1908
"John Onins Exley, Jr.","Vesper Boat Club","Rowing","Rowing Men's Coxed Eights",1900
"John Onins Exley, Jr.","Vesper Boat Club","Rowing","Rowing Men's Coxed Eights",1904
"George Louis Eyser","United States","Gymnastics","Gymnastics Men's Horse Vault",1904
"George Louis Eyser","United States","Gymnastics","Gymnastics Men's Parallel Bars",1904
"George Louis Eyser","United States","Gymnastics","Gymnastics Men's Rope Climbing",1904
"Fabiana ""Fabi"" Alvim de Oliveira","Brazil","Volleyball","Volleyball Women's Volleyball",2008
"Fabiana ""Fabi"" Alvim de Oliveira","Brazil","Volleyball","Volleyball Women's Volleyball",2012
"Dezs Fbin","Hungary","Water Polo","Water Polo Men's Water Polo",1952
"Lszl Fbin","Hungary","Modern Pentathlon","Modern Pentathlon Men's Team",1988
"Lszl Fbin","Hungary","Canoeing","Canoeing Men's Kayak Doubles, 10,000 metres",1956
"Marco Jhonfai Fabin de la Mora","Mexico","Football","Football Men's Football",2012
"Fabiana Marcelino Claudino","Brazil","Volleyball","Volleyball Women's Volleyball",2008
"Fabiana Marcelino Claudino","Brazil","Volleyball","Volleyball Women's Volleyball",2012
"Enrico Fabris","Italy","Speed Skating","Speed Skating Men's 1,500 metres",2006
"Enrico Fabris","Italy","Speed Skating","Speed Skating Men's Team Pursuit (8 laps)",2006
"Cesare Facciani","Italy","Cycling","Cycling Men's Team Pursuit, 4,000 metres",1928
"Arsen Suleymanovich Fadzayev","Soviet Union","Wrestling","Wrestling Men's Lightweight, Freestyle",1988
"Arsen Suleymanovich Fadzayev","Unified Team","Wrestling","Wrestling Men's Lightweight, Freestyle",1992
"Francesco ""Franco"" Faggi","Italy","Rowing","Rowing Men's Coxless Fours",1948
"Leandro Faggin","Italy","Cycling","Cycling Men's 1,000 metres Time Trial",1956
"Leandro Faggin","Italy","Cycling","Cycling Men's Team Pursuit, 4,000 metres",1956
"Aeriwentha Mae Faggs (-Starr)","United States","Athletics","Athletics Women's 4 x 100 metres Relay",1952
"Orazio Fagone","Italy","Short Track Speed Skating","Short Track Speed Skating Men's 5,000 metres Relay",1994
"David William Fairbank","United States","Swimming","Swimming Men's 4 x 100 metres Freestyle Relay",1972
"David William Fairbank","United States","Swimming","Swimming Men's 4 x 100 metres Medley Relay",1972
"Simon John Fairweather","Australia","Archery","Archery Men's Individual",2000
"Petar Fajfri","Yugoslavia","Handball","Handball Men's Handball",1972
"Osvald Anathon Thygesen Falch","Norway","Gymnastics","Gymnastics Men's Team All-Around",1906
"Eilert Dietrichson Falch-Lund","Magda IX","Sailing","Sailing Mixed 12 metres",1912
"Hildegard Falck (Janze-, -Kimmich)","West Germany","Athletics","Athletics Women's 800 metres",1972
"Ennio Falco","Italy","Shooting","Shooting Men's Skeet",1996
"Paul Falk","Germany-1","Figure Skating","Figure Skating Mixed Pairs",1952
"Ria Falk (Baran-)","Germany-1","Figure Skating","Figure Skating Mixed Pairs",1952
"Otto Gabriel Grubbe Dietrichson Falkenberg","Mosk II","Sailing","Sailing Mixed 10 metres",1920
"Maiken Caspersen Falla","Norway","Cross Country Skiing","Cross Country Skiing Women's Sprint",2014
"ime Fantela","Croatia","Sailing","Sailing Men's Two Person Dinghy",2016
"Tams Farag","Hungary","Water Polo","Water Polo Men's Water Polo",1976
"Mohamed Muktar Jama ""Mo"" Farah","Great Britain","Athletics","Athletics Men's 5,000 metres",2012
"Mohamed Muktar Jama ""Mo"" Farah","Great Britain","Athletics","Athletics Men's 10,000 metres",2012
"Mohamed Muktar Jama ""Mo"" Farah","Great Britain","Athletics","Athletics Men's 5,000 metres",2016
"Mohamed Muktar Jama ""Mo"" Farah","Great Britain","Athletics","Athletics Men's 10,000 metres",2016
"Hans-Johann Frber","West Germany","Rowing","Rowing Men's Coxed Fours",1972
"Joseph Halpin ""Joe"" Fargis, IV","United States","Equestrianism","Equestrianism Mixed Jumping, Individual",1984
"Joseph Halpin ""Joe"" Fargis, IV","United States","Equestrianism","Equestrianism Mixed Jumping, Team",1984
"Gianluca Farina","Italy","Rowing","Rowing Men's Quadruple Sculls",1988
"Linn Markley Farish","United States","Rugby","Rugby Men's Rugby",1924
"Jnos Farkas","Hungary","Football","Football Men's Football",1964
"Pter Farkas","Hungary","Wrestling","Wrestling Men's Middleweight, Greco-Roman",1992
"Robert E. Farnan","Seawanhaka Boat Club-1","Rowing","Rowing Men's Coxless Pairs",1904
"Felix Jeffrey ""Jeff"" Farrell","United States","Swimming","Swimming Men's 4 x 200 metres Freestyle Relay",1960
"Felix Jeffrey ""Jeff"" Farrell","United States","Swimming","Swimming Men's 4 x 100 metres Medley Relay",1960
"Renita Maree Farrell-Garard","Australia","Hockey","Hockey Women's Hockey",1996
"Renita Maree Farrell-Garard","Australia","Hockey","Hockey Women's Hockey",2000
"Kaitlyn Brooke Farrington","United States","Snowboarding","Snowboarding Women's Halfpipe",2014
"Sverre Melvin Farstad","Norway","Speed Skating","Speed Skating Men's 1,500 metres",1948
"Ekkehard Fasser","Switzerland-1","Bobsleigh","Bobsleigh Men's Four",1988
"Marcel Fssler","Switzerland-1","Bobsleigh","Bobsleigh Men's Four",1988
"Kroly Fatr","Hungary","Football","Football Men's Football",1968
"Rachel Fattal","United States","Water Polo","Water Polo Women's Water Polo",2016
"Teslim Babatunde Fatusi","Nigeria","Football","Football Men's Football",1996
"Richard Bruce Faulds","Great Britain","Shooting","Shooting Men's Double Trap",2000
"David Andrew Vincent Faulkner","Great Britain","Hockey","Hockey Men's Hockey",1988
"Silvio Fauner","Italy","Cross Country Skiing","Cross Country Skiing Men's 4 x 10 kilometres Relay",1994
"Joy Lynn Fawcett (Biefeld-)","United States","Football","Football Women's Football",1996
"Joy Lynn Fawcett (Biefeld-)","United States","Football","Football Women's Football",2004
"Mahmoud S. Fayad","Egypt","Weightlifting","Weightlifting Men's Featherweight",1948
"Lszl Fazekas","Hungary","Football","Football Men's Football",1968
"Krisztina Fazekas Zur","Hungary","Canoeing","Canoeing Women's Kayak Fours, 500 metres",2012
"Krisztina Fazekas Zur","Hungary","Canoeing","Canoeing Women's Kayak Fours, 500 metres",2016
"Federico Julin Fazio","Argentina","Football","Football Men's Football",2008
"Victor Alexander Feddersen","Denmark","Rowing","Rowing Men's Lightweight Coxless Fours",1996
"Roger Federer","Switzerland","Tennis","Tennis Men's Doubles",2008
"Yury Nikolayevich Fedkin","Unified Team","Shooting","Shooting Men's Air Rifle, 10 metres",1992
"Aleksandra Andreyevna Fedoriva","Russia","Athletics","Athletics Women's 4 x 100 metres Relay",2008
"Sergey Anatolyevich Fedorovtsev","Russia","Rowing","Rowing Men's Quadruple Sculls",2004
"Anatoly Viktorovich Fedyukin","Soviet Union","Handball","Handball Men's Handball",1976
"James ""Jimmy"" Feigen","United States","Swimming","Swimming Men's 4 x 100 metres Freestyle Relay",2016
"Robert Fein","Austria","Weightlifting","Weightlifting Men's Lightweight",1936
"Josef Feistmantl","Austria-1","Luge","Luge Mixed (Men)'s Doubles",1964
"Alfred Felber","Switzerland","Rowing","Rowing Men's Coxed Pairs",1924
"Felipe Anderson Perieira Gomes","Brazil","Football","Football Men's Football",2016
"Robert Felisiak","Germany","Fencing","Fencing Men's epee, Team",1992
"Allyson Michelle Felix","United States","Athletics","Athletics Women's 4 x 400 metres Relay",2008
"Allyson Michelle Felix","United States","Athletics","Athletics Women's 200 metres",2012
"Allyson Michelle Felix","United States","Athletics","Athletics Women's 4 x 100 metres Relay",2012
"Allyson Michelle Felix","United States","Athletics","Athletics Women's 4 x 400 metres Relay",2012
"Allyson Michelle Felix","United States","Athletics","Athletics Women's 4 x 100 metres Relay",2016
"Allyson Michelle Felix","United States","Athletics","Athletics Women's 4 x 400 metres Relay",2016
"Lszl Felkai","Hungary","Water Polo","Water Polo Men's Water Polo",1964
"Feng Kun","China","Volleyball","Volleyball Women's Volleyball",2004
"Feng Zhe","China","Gymnastics","Gymnastics Men's Team All-Around",2012
"Feng Zhe","China","Gymnastics","Gymnastics Men's Parallel Bars",2012
"John Reginald Keith Fenning","Leander Club #1-1","Rowing","Rowing Men's Coxless Pairs",1908
"Anna Fenninger (-Veith)","Austria","Alpine Skiing","Alpine Skiing Women's Super G",2014
"Dennis Fenton","United States","Shooting","Shooting Men's Free Rifle, Three Positions, 300 metres, Team",1920
"Dennis Fenton","United States","Shooting","Shooting Men's Military Rifle, Prone, 600 metres, Team",1920
"Dennis Fenton","United States","Shooting","Shooting Men's Small Bore-Rifle, Standing, 50 metres, Team",1920
"Csaba Fenyvesi","Hungary","Fencing","Fencing Men's epee, Team",1968
"Csaba Fenyvesi","Hungary","Fencing","Fencing Men's epee, Individual",1972
"Csaba Fenyvesi","Hungary","Fencing","Fencing Men's epee, Team",1972
"Emilie Fer","France","Canoeing","Canoeing Women's Kayak Singles, Slalom",2012
"Cathy Jane Ferguson (-Brennan)","United States","Swimming","Swimming Women's 100 metres Backstroke",1964
"Cathy Jane Ferguson (-Brennan)","United States","Swimming","Swimming Women's 4 x 100 metres Medley Relay",1964
"Ian Gordon Ferguson","New Zealand","Canoeing","Canoeing Men's Kayak Singles, 500 metres",1984
"Ian Gordon Ferguson","New Zealand","Canoeing","Canoeing Men's Kayak Doubles, 500 metres",1984
"Ian Gordon Ferguson","New Zealand","Canoeing","Canoeing Men's Kayak Fours, 1,000 metres",1984
"Ian Gordon Ferguson","New Zealand","Canoeing","Canoeing Men's Kayak Doubles, 500 metres",1988
"Deborah ""Debbie"" Ferguson-McKenzie","Bahamas","Athletics","Athletics Women's 4 x 100 metres Relay",2000
"Bjrn Bernt Ewald Ferm","Sweden","Modern Pentathlon","Modern Pentathlon Men's Individual",1968
"Lawrence ""Lawrie"" Fernandes","India","Hockey","Hockey Men's Hockey",1948
"Peter Paul Fernandes","India","Hockey","Hockey Men's Hockey",1936
"Ana Ivis Fernndez Valle","Cuba","Volleyball","Volleyball Women's Volleyball",1996
"Ana Ivis Fernndez Valle","Cuba","Volleyball","Volleyball Women's Volleyball",2000
"Gabriel Diego Fernndez","Argentina","Basketball","Basketball Men's Basketball",2004
"Beatriz Cristina ""Gigi"" Fernandez","United States","Tennis","Tennis Women's Doubles",1992
"Beatriz Cristina ""Gigi"" Fernandez","United States","Tennis","Tennis Women's Doubles",1996
"Mara Isabel Fernndez Gutirrez","Spain","Judo","Judo Women's Lightweight",2000
"Jrme Fernandez","France","Handball","Handball Men's Handball",2008
"Jrme Fernandez","France","Handball","Handball Men's Handball",2012
"Lisa M. Fernandez (-Lujan)","United States","Softball","Softball Women's Softball",1996
"Lisa M. Fernandez (-Lujan)","United States","Softball","Softball Women's Softball",2000
"Lisa M. Fernandez (-Lujan)","United States","Softball","Softball Women's Softball",2004
"Lorenzo Fernndez","Uruguay","Football","Football Men's Football",1928
"Maria Jose ""Mary Joe"" Fernandez (-Godsick)","United States","Tennis","Tennis Women's Doubles",1992
"Maria Jose ""Mary Joe"" Fernandez (-Godsick)","United States","Tennis","Tennis Women's Doubles",1996
"Osvaldo Fernndez Rodrguez","Cuba","Baseball","Baseball Men's Baseball",1992
"Xabier Fernndez Gaztaaga","Spain","Sailing","Sailing Mixed Skiff",2004
"Francisco Fernndez Ochoa","Spain","Alpine Skiing","Alpine Skiing Men's Slalom",1972
"Fernanda ""Fernandinha"" Ferreira","Brazil","Volleyball","Volleyball Women's Volleyball",2012
"Merwyn Fernandis","India","Hockey","Hockey Men's Hockey",1980
"Lyndon Ferns","South Africa","Swimming","Swimming Men's 4 x 100 metres Freestyle Relay",2004
"Gillian Ferrari","Canada","Ice Hockey","Ice Hockey Women's Ice Hockey",2006
"Jean-Nol Ferrari","France","Fencing","Fencing Men's Foil, Team",2000
"Roberto Ferrari","Italy","Gymnastics","Gymnastics Men's Team All-Around",1920
"Jens Fiedler","Germany","Cycling","Cycling Men's Sprint",1992
"Ruggero Ferrario","Italy","Cycling","Cycling Men's Team Pursuit, 4,000 metres",1920
"Pierpaolo Ferrazzi","Italy","Canoeing","Canoeing Men's Kayak Singles, Slalom",1992
"Marcelo Bastos Ferreira","Brazil","Sailing","Sailing Mixed Two Person Keelboat",1996
"Marcelo Bastos Ferreira","Brazil","Sailing","Sailing Men's Two Person Keelboat",2004
"Barbara Ann Ferrell (-Edmonson)","United States","Athletics","Athletics Women's 4 x 100 metres Relay",1968
"Albert Ferrer Llopis","Spain","Football","Football Men's Football",1992
"Jens Fiedler","Germany","Cycling","Cycling Men's Sprint",1996
"Massimiliano Ferretti","Italy","Water Polo","Water Polo Men's Water Polo",1992
"Bjrn Lars Johannes Erik Ferry","Sweden","Biathlon","Biathlon Men's 12.5 kilometres Pursuit",2010
"Edward Payson ""Ed"" Ferry","United States","Rowing","Rowing Men's Coxed Pairs",1964
"Parmo Karl Ferslev","Denmark","Football","Football Men's Football",1906
"Nelli Vasilyevna Feryabnikova (Bilmayer-)","Soviet Union","Basketball","Basketball Women's Basketball",1976
"Nelli Vasilyevna Feryabnikova (Bilmayer-)","Soviet Union","Basketball","Basketball Women's Basketball",1980
"Serhiy Leonidovych Fesenko","Soviet Union","Swimming","Swimming Men's 200 metres Butterfly",1980
"Vyacheslav Aleksandrovich ""Slava"" Fetisov","Soviet Union","Ice Hockey","Ice Hockey Men's Ice Hockey",1984
"Vyacheslav Aleksandrovich ""Slava"" Fetisov","Soviet Union","Ice Hockey","Ice Hockey Men's Ice Hockey",1988
"Anja Fichtel-Mauritz (-Koper)","West Germany","Fencing","Fencing Women's Foil, Individual",1988
"Anja Fichtel-Mauritz (-Koper)","West Germany","Fencing","Fencing Women's Foil, Team",1988
"Otto Fickeisen","Ludwigshafener Ruderverein","Rowing","Rowing Men's Coxed Fours, Outriggers",1912
"Rudolf Fickeisen","Ludwigshafener Ruderverein","Rowing","Rowing Men's Coxed Fours, Outriggers",1912
"John Charles Field-Richards","Gyrinus-1","Motorboating","Motorboating Mixed B-Class (Under 60 Feet)",1908
"John Charles Field-Richards","Gyrinus-1","Motorboating","Motorboating Mixed C-Class",1908
"William Beauford ""Bill"" Fields","United States","Rowing","Rowing Men's Coxed Eights",1952
"Connor Evan Fields","United States","Cycling","Cycling Men's BMX",2016
"John (Jacob) ""Jackie"" Fields (Finkelstein-)","United States","Boxing","Boxing Men's Featherweight",1924
"Andr Joseph Fierens","Belgium","Football","Football Men's Football",1920
"Victor Louis Fierens","Belgium","Archery","Archery Men's Target Archery, 33 metres, Team",1920
"Victor Louis Fierens","Belgium","Archery","Archery Men's Target Archery, 50 metres, Team",1920
"James Thomas ""Jim"" Fifer","United States","Rowing","Rowing Men's Coxless Pairs",1956
"Michela Figini (-Camozzi)","Switzerland","Alpine Skiing","Alpine Skiing Women's Downhill",1984
"scar Albeyro Figueroa Mosquera","Colombia","Weightlifting","Weightlifting Men's Featherweight",2016
"Roberto Figueroa","Uruguay","Football","Football Men's Football",1928
"Olga Fikotov-Connolly","Czechoslovakia","Athletics","Athletics Women's Discus Throw",1956
"Sergey Ivanovich Filatov","Soviet Union","Equestrianism","Equestrianism Mixed Dressage, Individual",1960
"Yuriy Mykolaiovych Filatov","Soviet Union","Canoeing","Canoeing Men's Kayak Fours, 1,000 metres",1972
"Yuriy Mykolaiovych Filatov","Soviet Union","Canoeing","Canoeing Men's Kayak Fours, 1,000 metres",1976
"Mariya Yevgenyevna Filatova (-Kurbatova)","Soviet Union","Gymnastics","Gymnastics Women's Team All-Around",1976
"Mariya Yevgenyevna Filatova (-Kurbatova)","Soviet Union","Gymnastics","Gymnastics Women's Team All-Around",1980
"Filip Filipovi","Serbia","Water Polo","Water Polo Men's Water Polo",2016
"Dmitry Rudolfovich Filippov","Russia","Handball","Handball Men's Handball",2000
"George Ingle Finch","Australia","Alpinism","Alpinism Mixed Alpinism",1924
"Jennie Lynn Finch (-Daigle)","United States","Softball","Softball Women's Softball",2004
"Conrad Francis ""Conn"" Findlay","United States","Rowing","Rowing Men's Coxed Pairs",1956
"Conrad Francis ""Conn"" Findlay","United States","Rowing","Rowing Men's Coxed Pairs",1964
"Louis Casimir Finet","Belgium","Equestrianism","Equestrianism Men's Vaulting, Team",1920
"Rudi Fink","East Germany","Boxing","Boxing Men's Featherweight",1980
"Michelle Bonae Finn (-Burrell)","United States","Athletics","Athletics Women's 4 x 100 metres Relay",1992
"Christopher Martin ""Chris"" Finnegan","Great Britain","Boxing","Boxing Men's Middleweight",1968
"George V. Finnegan","United States","Boxing","Boxing Men's Flyweight",1904
"Domenico Fioravanti","Italy","Swimming","Swimming Men's 100 metres Breaststroke",2000
"Domenico Fioravanti","Italy","Swimming","Swimming Men's 200 metres Breaststroke",2000
"Mario Fiorillo","Italy","Water Polo","Water Polo Men's Water Polo",1992
"Anatoly Vasilyevich Firsov","Soviet Union","Ice Hockey","Ice Hockey Men's Ice Hockey",1964
"Anatoly Vasilyevich Firsov","Soviet Union","Ice Hockey","Ice Hockey Men's Ice Hockey",1968
"Anatoly Vasilyevich Firsov","Soviet Union","Ice Hockey","Ice Hockey Men's Ice Hockey",1972
"Andrea Fischbacher","Austria","Alpine Skiing","Alpine Skiing Women's Super G",2010
"Aria Fischer","United States","Water Polo","Water Polo Women's Water Polo",2016
"Carsten Fischer","Germany","Hockey","Hockey Men's Hockey",1992
"Fanny Fischer","Germany","Canoeing","Canoeing Women's Kayak Fours, 500 metres",2008
"Friedrich ""Fritz"" Fischer","Germany","Biathlon","Biathlon Men's 4 x 7.5 kilometres Relay",1992
"Makenzie Fischer","United States","Water Polo","Water Polo Women's Water Polo",2016
"Marcel Fischer","Switzerland","Fencing","Fencing Men's epee, Individual",2004
"Sven Fischer","Germany","Biathlon","Biathlon Men's 4 x 7.5 kilometres Relay",1994
"Sven Fischer","Germany","Biathlon","Biathlon Men's 4 x 7.5 kilometres Relay",1998
"Sven Fischer","Germany","Biathlon","Biathlon Men's 10 kilometres Sprint",2006
"Sven Fischer","Germany","Biathlon","Biathlon Men's 4 x 7.5 kilometres Relay",2006
"Volker Fischer","West Germany","Fencing","Fencing Men's epee, Team",1984
"Birgit Fischer-Schmidt","East Germany","Canoeing","Canoeing Women's Kayak Singles, 500 metres",1980
"Birgit Fischer-Schmidt","East Germany","Canoeing","Canoeing Women's Kayak Doubles, 500 metres",1988
"Birgit Fischer-Schmidt","East Germany","Canoeing","Canoeing Women's Kayak Fours, 500 metres",1988
"Birgit Fischer-Schmidt","Germany","Canoeing","Canoeing Women's Kayak Singles, 500 metres",1992
"Birgit Fischer-Schmidt","Germany","Canoeing","Canoeing Women's Kayak Fours, 500 metres",1996
"Birgit Fischer-Schmidt","Germany","Canoeing","Canoeing Women's Kayak Doubles, 500 metres",2000
"Birgit Fischer-Schmidt","Germany","Canoeing","Canoeing Women's Kayak Fours, 500 metres",2000
"Birgit Fischer-Schmidt","Germany","Canoeing","Canoeing Women's Kayak Fours, 500 metres",2004
"George Winthrop Fish","United States","Rugby","Rugby Men's Rugby",1920
"Maree Beverley Fish","Australia","Hockey","Hockey Women's Hockey",1988
"Morris ""Bud"" Fisher","United States","Shooting","Shooting Men's Free Rifle, Three Positions, 300 metres",1920
"Morris ""Bud"" Fisher","United States","Shooting","Shooting Men's Free Rifle, Three Positions, 300 metres, Team",1920
"Morris ""Bud"" Fisher","United States","Shooting","Shooting Men's Military Rifle, Prone, 300 metres, Team",1920
"Morris ""Bud"" Fisher","United States","Shooting","Shooting Men's Free Rifle, Prone, 600 metres",1924
"Morris ""Bud"" Fisher","United States","Shooting","Shooting Men's Free Rifle, 400, 600 and 800 metres, Team",1924
"Franklyn Wood ""Frank"" Fisher","Canada","Ice Hockey","Ice Hockey Men's Ice Hockey",1928
"Hugh Fisher","Canada","Canoeing","Canoeing Men's Kayak Doubles, 1,000 metres",1984
"William Mead Lindsley ""Billy"" Fiske, III","United States-2","Bobsleigh","Bobsleigh Men's Four/Five",1928
"William Mead Lindsley ""Billy"" Fiske, III","United States-1","Bobsleigh","Bobsleigh Men's Four",1932
"Benita P. Fitzgerald-Brown (-Mosley)","United States","Athletics","Athletics Women's 100 metres Hurdles",1984
"James Paul ""Jim"" Fitzpatrick","United States","Rugby","Rugby Men's Rugby",1920
"Casey J. FitzRandolph","United States","Speed Skating","Speed Skating Men's 500 metres",2002
